--
-- PostgreSQL database dump
--

-- Dumped from database version 14.5 (Debian 14.5-1.pgdg110+1)
-- Dumped by pg_dump version 14.5 (Ubuntu 14.5-2.pgdg20.04+2)

SET statement_timeout = 0;
SET lock_timeout = 0;
SET idle_in_transaction_session_timeout = 0;
SET client_encoding = 'UTF8';
SET standard_conforming_strings = on;
SELECT pg_catalog.set_config('search_path', '', false);
SET check_function_bodies = false;
SET xmloption = content;
SET client_min_messages = warning;
SET row_security = off;

--
-- Name: pgcrypto; Type: EXTENSION; Schema: -; Owner: -
--

CREATE EXTENSION IF NOT EXISTS pgcrypto WITH SCHEMA public;


--
-- Name: EXTENSION pgcrypto; Type: COMMENT; Schema: -; Owner: 
--

COMMENT ON EXTENSION pgcrypto IS 'cryptographic functions';


--
-- Name: uuid-ossp; Type: EXTENSION; Schema: -; Owner: -
--

CREATE EXTENSION IF NOT EXISTS "uuid-ossp" WITH SCHEMA public;


--
-- Name: EXTENSION "uuid-ossp"; Type: COMMENT; Schema: -; Owner: 
--

COMMENT ON EXTENSION "uuid-ossp" IS 'generate universally unique identifiers (UUIDs)';


--
-- Name: fn_complete_inventory(character varying, character varying, character varying); Type: FUNCTION; Schema: public; Owner: admin
--

CREATE FUNCTION public.fn_complete_inventory(_m_inventory_id character varying, _ad_user_id character varying, _m_warehouse_id character varying) RETURNS numeric
    LANGUAGE plpgsql
    AS $$
BEGIN

	IF (
		SELECT B.name FROM m_inventory A 
		INNER JOIN m_inventorytype B ON A.m_inventorytype_id = B.m_inventorytype_id 
		AND A.m_inventory_id = _m_inventory_id
	) IN('IN') THEN
	BEGIN
		WITH lines AS (
			SELECT A.m_warehouse_id,B.m_product_id,SUM(B.qty) qty FROM m_inventory A
			INNER JOIN m_inventoryline B ON A.m_inventory_id = B.m_inventory_id
			WHERE 1 = 1
			AND A.m_inventory_id = _m_inventory_id
			GROUP BY A.m_warehouse_id,B.m_product_id
		)
	
		UPDATE m_warehouse_stock
		SET qty = qty + (
			SELECT SUM(qty) FROM lines
			WHERE 1 = 1
			AND m_warehouse_stock.m_warehouse_id = lines.m_warehouse_id
			AND m_warehouse_stock.m_product_id = lines.m_product_id
		);
		
	END;
	END IF;
	
	IF (
		SELECT B.name FROM m_inventory A 
		INNER JOIN m_inventorytype B ON A.m_inventorytype_id = B.m_inventorytype_id 
		AND A.m_inventory_id = _m_inventory_id
	) IN('OUT') THEN
	BEGIN
		WITH lines AS (
			SELECT A.m_warehouse_id,B.m_product_id,SUM(B.qty) qty FROM m_inventory A
			INNER JOIN m_inventoryline B ON A.m_inventory_id = B.m_inventory_id
			WHERE 1 = 1
			AND A.m_inventory_id = _m_inventory_id
			GROUP BY A.m_warehouse_id,B.m_product_id
		)
	
		UPDATE m_warehouse_stock
		SET qty = qty - (
			SELECT SUM(qty) FROM lines
			WHERE 1 = 1
			AND m_warehouse_stock.m_warehouse_id = lines.m_warehouse_id
			AND m_warehouse_stock.m_product_id = lines.m_product_id
		);
		
	END;
	END IF;
	
	UPDATE m_inventory SET iscomplete = 'Y' WHERE m_inventory_id =  _m_inventory_id;
	
	RETURN 1;
END
$$;


ALTER FUNCTION public.fn_complete_inventory(_m_inventory_id character varying, _ad_user_id character varying, _m_warehouse_id character varying) OWNER TO admin;

--
-- Name: fn_complete_order(character varying, character varying, character varying); Type: FUNCTION; Schema: public; Owner: admin
--

CREATE FUNCTION public.fn_complete_order(_c_order_id character varying, _ad_user_id character varying, _m_warehouse_id character varying) RETURNS numeric
    LANGUAGE plpgsql
    AS $$
DECLARE rcount INT;
DECLARE order_total NUMERIC(19,10);
DECLARE payment_total NUMERIC(19,10);
DECLARE _m_inventory_id  CHARACTER VARYING(32) = '';
DECLARE _ad_org_id  CHARACTER VARYING(32) = '';
DECLARE _ad_client_id  CHARACTER VARYING(32) = '';
DECLARE _ad_package_id  CHARACTER VARYING(32) = '';
DECLARE _fin_cashup_id CHARACTER VARYING(32) = '';
DECLARE _m_inventorytype_id CHARACTER VARYING(32) = '';
DECLARE _fin_cashupmtype_id CHARACTER VARYING(32) = '';
DECLARE _c_location_id CHARACTER VARYING(32) = '';
DECLARE _documentnoInv  CHARACTER VARYING(50) = '';
DECLARE _description  CHARACTER VARYING(50) = '';
DECLARE ref_data REFCURSOR;
DECLARE reg RECORD;
    	cur_lines CURSOR FOR SELECT * FROM c_orderline WHERE c_order_id = _c_order_id;
		cur_paylines CURSOR FOR SELECT * FROM fin_payment_schedule WHERE c_order_id = _c_order_id;
BEGIN
	ref_data := 'ref_data';
	/*
	SELECT fin_cashup_id INTO _fin_cashup_id FROM fin_cashup
	WHERE iscomplete <> 'Y'
	*/
	_description := 'purchase order';
	
	IF EXISTS(SELECT 0 FROM c_order A  WHERE A.c_order_id = _c_order_id AND A.issotrx = 'Y') THEN
	BEGIN
		_description := 'sales order';
	END;
	END IF;
	
	SELECT COALESCE(SUM(total),0.0) INTO order_total FROM c_order WHERE c_order_id = _c_order_id;
	SELECT COALESCE(SUM(amount-outstanding),0.0) INTO payment_total FROM fin_payment_schedule WHERE c_order_id = _c_order_id;
	
	IF(order_total <> payment_total) THEN
	BEGIN
		RAISE EXCEPTION 'No se puede completar el pedido y pago no coinciden, pedido: % pago: %', ROUND(order_total,4), ROUND(payment_total,4);
	END;
	END IF;
	
	SELECT ad_org_id, ad_client_id INTO _ad_org_id, _ad_client_id FROM c_order WHERE c_order_id = _c_order_id;
	
	SELECT m_inventorytype_id INTO _m_inventorytype_id FROM m_inventorytype WHERE name LIKE '%IN%';	
	
	IF EXISTS(SELECT 0 FROM c_order A  WHERE A.c_order_id = _c_order_id AND A.issotrx = 'Y') THEN
	BEGIN
		SELECT m_inventorytype_id INTO _m_inventorytype_id FROM m_inventorytype WHERE name LIKE '%OUT%';	
	END;
	END IF;
	
	SELECT c_location_id INTO _c_location_id FROM c_location WHERE name LIKE '%DEF%';
	
	SELECT fn_get_uuid() INTO _m_inventory_id;
	
	PERFORM fn_gen_seq('INV-','m_inventory','documentno');
	FETCH NEXT FROM ref_data INTO _documentnoInv;	
	
	/*INSERT INVENTORY*/
	INSERT INTO m_inventory(m_inventory_id, ad_org_id, ad_client_id,m_warehouse_id, m_inventorytype_id, isactive,created,createdby, 
	updated,updatedby, movementdate, documentno, number, series, comment,iscomplete, btn_complete, reference)
	SELECT _m_inventory_id, _ad_org_id, _ad_client_id, _m_warehouse_id, _m_inventorytype_id, 'Y',NOW(),_ad_user_id,
	NOW(),_ad_user_id,NOW(),_documentnoInv,'', '','Inventory from ' || _description,'N','Y',_c_order_id;
	/*END INSERT INVENTORY*/
	
	OPEN cur_lines;
   	FETCH cur_lines INTO reg;
  	WHILE( FOUND ) LOOP
    	INSERT INTO m_inventoryline(m_inventoryline_id,m_inventory_id,ad_org_id,ad_client_id,m_product_id,reference,c_uom_id,c_location_id,
		c_locationto,isactive,created,createdby,updated,updatedby,qty,cost,price)
		SELECT fn_get_uuid(),_m_inventory_id,_ad_org_id,_ad_client_id,reg.m_product_id,_c_order_id,reg.c_uom_id,
		_c_location_id,_c_location_id,'Y',NOW(),_ad_user_id,NOW(),_ad_user_id,reg.qty,reg.cost,reg.price;
    	FETCH cur_lines INTO reg;
   	END LOOP;
	
	SELECT fin_cashup_id INTO _fin_cashup_id FROM fin_cashup WHERE createdby = _ad_user_id AND isactive = 'Y';
	
	SELECT fin_cashupmtype_id INTO _fin_cashupmtype_id FROM fin_cashupmtype WHERE NAME LIKE '%COMPRA%';
	
	IF EXISTS(SELECT 0 FROM c_order A  WHERE A.c_order_id = _c_order_id AND A.issotrx = 'Y') THEN
	BEGIN
		SELECT fin_cashupmtype_id INTO _fin_cashupmtype_id FROM fin_cashupmtype WHERE NAME LIKE '%VENTA%';
	END;
	END IF;
	
	OPEN cur_paylines;
   	FETCH cur_paylines INTO reg;
  	WHILE( FOUND ) LOOP
    	INSERT INTO fin_cashupline(fin_cashupline_id,fin_cashup_id,fin_cashupmtype_id,fin_paymentmethod_id,ad_org_id,ad_client_id,reference,
		isactive,created,createdby,updated,updatedby,amount,comment)
		SELECT fn_get_uuid(),_fin_cashup_id,_fin_cashupmtype_id,reg.fin_paymentmethod_id,reg.ad_org_id,reg.ad_client_id,_c_order_id,
		'Y',NOW(),_ad_user_id,NOW(),_ad_user_id,reg.amount,'Payment from ' || _description;
		
    	FETCH cur_paylines INTO reg;
   	END LOOP;		
	
	PERFORM fn_complete_inventory(_m_inventory_id,_ad_user_id,_m_warehouse_id);

	UPDATE c_order SET iscomplete = 'Y' WHERE c_order_id = _c_order_id;
	
	RETURN 1;
END
$$;


ALTER FUNCTION public.fn_complete_order(_c_order_id character varying, _ad_user_id character varying, _m_warehouse_id character varying) OWNER TO admin;

--
-- Name: fn_gen_seq(character varying, character varying, character varying); Type: FUNCTION; Schema: public; Owner: admin
--

CREATE FUNCTION public.fn_gen_seq(p_prefix character varying, p_table character varying, p_field character varying) RETURNS SETOF refcursor
    LANGUAGE plpgsql
    AS $$
	DECLARE ref_data refcursor;
BEGIN
	ref_data = 'ref_data';
	OPEN ref_data FOR
	EXECUTE 'SELECT (''' || P_PREFIX || ''' || RIGHT(''000000'' || COALESCE(MAX(REPLACE(' || P_FIELD || ',''' || P_PREFIX || ''','''')::INTEGER) + 1,1),6)) seq FROM ' 
	|| P_TABLE || ' WHERE ' || P_FIELD || ' LIKE ' || '''%' || P_PREFIX || '%''';
	RETURN NEXT ref_data;
	/*SELECT SUBSTRING(TEXT_,2) INTO RES_;
	RETURN 1;*/
END $$;


ALTER FUNCTION public.fn_gen_seq(p_prefix character varying, p_table character varying, p_field character varying) OWNER TO admin;

--
-- Name: fn_generate_all_table(); Type: FUNCTION; Schema: public; Owner: admin
--

CREATE FUNCTION public.fn_generate_all_table() RETURNS numeric
    LANGUAGE plpgsql
    AS $$
DECLARE ref_table refcursor;
DECLARE msg CHARACTER VARYING(255);
DECLARE _UUID CHARACTER VARYING(32);
DECLARE _UUIDW CHARACTER VARYING(32);
DECLARE _UUIDM CHARACTER VARYING(32);
DECLARE _UUIDT CHARACTER VARYING(32);
BEGIN	
	DECLARE ref_table CURSOR FOR
	SELECT table_name
	FROM information_schema.tables
	WHERE 1 = 1
	AND table_schema = 'public'
	AND table_name IN('fin_cashup')
	ORDER BY table_name;
	record_cur RECORD;

	BEGIN
		OPEN ref_table;
		LOOP
			FETCH ref_table INTO record_cur;
			IF NOT FOUND THEN
				EXIT;
		   	END IF;

			RAISE NOTICE '%',record_cur.table_name;
			
			IF NOT EXISTS(SELECT 0 FROM ad_table WHERE value = record_cur.table_name) THEN
			BEGIN			
				_UUID := fn_get_uuid();
				_UUIDW := fn_get_uuid();
				_UUIDM := fn_get_uuid();
				_UUIDT := fn_get_uuid();
				INSERT INTO ad_table VALUES(_UUID,'0','0','0',record_cur.table_name, 'Name: ' || record_cur.table_name,'Dscription: ' || record_cur.table_name,'Y','Y',NOW(),'0',NOW(),'0');
				PERFORM fn_generate_column(_UUID,'GETCOL');
				
				INSERT INTO ad_window VALUES(_UUIDW,'0','0',record_cur.table_name,'Win Name: ' || record_cur.table_name,'Win Description: ' || record_cur.table_name,'Y',NOW(),'0',NOW(),'0');
				INSERT INTO ad_menu VALUES(_UUIDM,'0','0','0',_UUIDW,record_cur.table_name,'Menu' || record_cur.table_name, record_cur.table_name,'Y',NOW(),'0',NOW(),'0');
				INSERT INTO ad_tab VALUES(_UUIDT,'0','0',_UUIDW,NULL,record_cur.table_name,'Tab: ' || record_cur.table_name,'Tab Description: ' || record_cur.table_name,10,'Y','Y',NOW(),'0',NOW(),'0');
				PERFORM fn_generate_field(_UUIDT,'GETFIELD');
				PERFORM fn_generate_all_tabled(CAST(record_cur.table_name AS CHARACTER VARYING(255)), _UUIDT, _UUIDW);
			END;			
			END IF;

		END LOOP;	
		CLOSE ref_table;
	END;
	
	RETURN 1;	
END $$;


ALTER FUNCTION public.fn_generate_all_table() OWNER TO admin;

--
-- Name: fn_generate_all_tabled(character varying, character varying, character varying); Type: FUNCTION; Schema: public; Owner: admin
--

CREATE FUNCTION public.fn_generate_all_tabled(p_table character varying, p_uuidt character varying, p_uuidw character varying) RETURNS numeric
    LANGUAGE plpgsql
    AS $$
DECLARE ref_table2 refcursor;
DECLARE msg CHARACTER VARYING(255);
DECLARE _UUID CHARACTER VARYING(32);
DECLARE _UUIDT CHARACTER VARYING(32);
BEGIN	
	DECLARE ref_table2 CURSOR FOR
	SELECT table_name
	FROM information_schema.tables
	WHERE 1 = 1
	AND table_schema = 'public'
	AND table_name LIKE CONCAT('%',P_TABLE,'%') AND table_name LIKE CONCAT('%',P_TABLE,'%')
	ORDER BY table_name;
	record_cur RECORD;

	BEGIN
		OPEN ref_table2;
		LOOP
			FETCH ref_table2 INTO record_cur;
			IF NOT FOUND THEN
				EXIT;
		   	END IF;

			RAISE NOTICE '%',record_cur.table_name;
			
			IF NOT EXISTS(SELECT 0 FROM ad_table WHERE value = record_cur.table_name) THEN
			BEGIN			
				_UUID := fn_get_uuid();
				_UUIDT := fn_get_uuid();
				
				INSERT INTO ad_table VALUES(_UUID,'0','0','0',record_cur.table_name, 'Name: ' || record_cur.table_name,'Dscription: ' || record_cur.table_name,'Y','Y',NOW(),'0',NOW(),'0');
				PERFORM fn_generate_column(_UUID,'GETCOL');
				
				INSERT INTO ad_tab VALUES(_UUIDT,'0','0',P_UUIDW,P_UUIDT,record_cur.table_name,'Tab: ' || record_cur.table_name,'Tab D: ' || record_cur.table_name,10,'Y','Y',NOW(),'0',NOW(),'0');
				PERFORM fn_generate_field(_UUIDT,'GETFIELD');
			END;			
			END IF;

		END LOOP;	
		CLOSE ref_table2;
	END;
	
	RETURN 1;	
END $$;


ALTER FUNCTION public.fn_generate_all_tabled(p_table character varying, p_uuidt character varying, p_uuidw character varying) OWNER TO admin;

--
-- Name: fn_generate_column(character varying, character varying); Type: FUNCTION; Schema: public; Owner: admin
--

CREATE FUNCTION public.fn_generate_column(_ad_table_id character varying, _action character varying) RETURNS SETOF refcursor
    LANGUAGE plpgsql
    AS $$
--DECLARE ref_cols refcursor;	
BEGIN	
	--ref_cols = 'ref_cols';
	--OPEN ref_cols FOR

	WITH xTableP AS (
		SELECT ad_table_id,value "table_name",ad_client_id,ad_org_id FROM ad_table
		WHERE ad_table_id = _ad_table_id
	),
	xTable AS(
		SELECT table_name
		FROM information_schema.tables
		WHERE 1 = 1
		AND table_schema = 'public'		
		AND table_catalog = 'test'
	),
	xColumn AS (
		SELECT table_name,column_name,data_type,character_maximum_length,numeric_precision,numeric_scale 
		FROM INFORMATION_SCHEMA.COLUMNS 
		WHERE 1 = 1 
		AND TABLE_SCHEMA = 'public' 
		AND table_catalog = 'test'
		AND column_name NOT IN('updated','created','updatedby','createdby')
		--AND column_name IN('position')
	),
	xConstraint AS (
		SELECT tc.constraint_name,
		tc.constraint_type,
		tc.table_name table_nameo,
		kcu.column_name column_nameo,
		tc.is_deferrable,
		tc.initially_deferred,
		rc.match_option AS match_type,
		rc.update_rule AS on_update,
		rc.delete_rule AS on_delete,
		ccu.table_name AS references_table,
		ccu.column_name AS references_field
		FROM information_schema.table_constraints tc
		LEFT JOIN information_schema.key_column_usage kcu
		ON tc.constraint_catalog = kcu.constraint_catalog
		AND tc.constraint_schema = kcu.constraint_schema
		AND tc.constraint_name = kcu.constraint_name
		LEFT JOIN information_schema.referential_constraints rc
		ON tc.constraint_catalog = rc.constraint_catalog
		AND tc.constraint_schema = rc.constraint_schema
		AND tc.constraint_name = rc.constraint_name
		LEFT JOIN information_schema.constraint_column_usage ccu
		ON rc.unique_constraint_catalog = ccu.constraint_catalog
		AND rc.unique_constraint_schema = ccu.constraint_schema
		AND rc.unique_constraint_name = ccu.constraint_name
		WHERE 1 = 1
		AND tc.constraint_type NOT IN('CHECK','UNIQUE')
		AND tc.constraint_schema IN('public')
	)
		
	INSERT INTO ad_column
	SELECT 
	fn_get_uuid() ad_column_id,
	A.ad_client_id,
	A.ad_org_id,
	_ad_table_id ad_table_id,	
	fn_get_datatype_id(CASE WHEN C.constraint_type = 'FOREIGN KEY' THEN 'select' ELSE B.data_type END, B.character_maximum_length) ad_datatype_id,
	B.column_name "value",
	B.column_name "name",
	B.column_name "description",
	'' "action",
	CASE WHEN C.constraint_type = 'PRIMARY KEY' THEN 'Y' ELSE 'N' END ispk,
	CASE WHEN C.constraint_type = 'FOREIGN KEY' THEN 'Y' ELSE 'N' END isfk,
	C.references_table ref_table,
	C.references_field ref_table_key_field,
	CASE WHEN C.constraint_type = 'FOREIGN KEY' THEN 'name' ELSE NULL END ref_table_text_field,
	NULL icon,
	'Y' isactive,
	NOW() created,
	'0' createdby,
	NOW() updated,
	'0' updatedby/*,
	C.**/
	FROM xTableP A
	INNER JOIN xColumn B ON A.table_name = B.table_name
	LEFT JOIN xConstraint C ON B.table_name = C.table_nameo /*AND B.column_name = C.column_nameo*/
	AND C.constraint_name = (A.table_name || '_' || REPLACE(B.column_name,'_id',''))
	LEFT JOIN ad_column D ON D.ad_table_id = _ad_table_id AND B.column_name = D.value
	WHERE D.value IS NULL;
			
	--RETURN NEXT ref_cols;	
END
$$;


ALTER FUNCTION public.fn_generate_column(_ad_table_id character varying, _action character varying) OWNER TO admin;

--
-- Name: fn_generate_field(character varying, character varying); Type: FUNCTION; Schema: public; Owner: admin
--

CREATE FUNCTION public.fn_generate_field(_ad_tab_id character varying, _action character varying) RETURNS numeric
    LANGUAGE plpgsql
    AS $$
/*DECLARE ref_tab refcursor;*/
DECLARE rcount INT;
BEGIN
	/*ref_tab = 'ref_tab';
	OPEN ref_tab FOR
	SELECT * FROM ad_tab
	WHERE value = _ad_tab_id;
	RETURN NEXT ref_tab;*/
	
	SELECT COUNT(*) INTO rcount FROM ad_tab A WHERE A.ad_tab_id = _ad_tab_id;
	
	IF rcount > 0 THEN		
		INSERT INTO ad_field
		SELECT fn_get_uuid() ad_field_id,C.ad_client_id, C.ad_org_id,C.ad_column_id,
		(SELECT X.ad_field_group_id FROM ad_field_group X WHERE X.ad_org_id = C.ad_org_id AND X.ad_client_id = C.ad_client_id limit 1) ad_field_group_id,
	 	A.ad_tab_id,C.value,C.name,C.description,(ROW_NUMBER () OVER ())*10 "position",'Y' isactive,'' display_logic, '' readonly_logic,NOW() created,'0' createdby,NOW() updated, '0' updatedby
		FROM ad_tab A
		INNER JOIN ad_table B ON A.value = B.value 
		INNER JOIN ad_column C ON B.ad_table_id = C.ad_table_id
		LEFT JOIN ad_field D ON D.ad_tab_id = _ad_tab_id AND D.ad_column_id = C.ad_column_id
		WHERE A.ad_tab_id = _ad_tab_id
		AND D.ad_column_id IS NULL;
	END IF;
	
	RETURN 1;
END
$$;


ALTER FUNCTION public.fn_generate_field(_ad_tab_id character varying, _action character varying) OWNER TO admin;

--
-- Name: fn_get_datatype_id(character varying, integer); Type: FUNCTION; Schema: public; Owner: admin
--

CREATE FUNCTION public.fn_get_datatype_id(_datatype character varying, _len integer) RETURNS character varying
    LANGUAGE plpgsql
    AS $$
DECLARE _id CHARACTER VARYING(32);
DECLARE _type CHARACTER VARYING(50);
BEGIN	
	CASE 
	WHEN _datatype = 'timestamp' THEN _type = 'DATE';
	WHEN _datatype = 'select' THEN _type = 'SELECT';
	WHEN (_datatype = 'character varying' AND _len = 1) THEN _type = 'YESNO';
	WHEN (_datatype = 'integer') THEN _type = 'NUMBER';
	WHEN (_datatype = 'numeric') THEN _type = 'NUMBER';
	ELSE
		_type = 'TEXT';
	END CASE;
	
	SELECT ad_datatype_id INTO _id FROM ad_datatype 
	WHERE value = _type;
	
	RETURN _id;
END
$$;


ALTER FUNCTION public.fn_get_datatype_id(_datatype character varying, _len integer) OWNER TO admin;

--
-- Name: fn_get_table_data(character varying, character varying); Type: FUNCTION; Schema: public; Owner: admin
--

CREATE FUNCTION public.fn_get_table_data(_table_name character varying, _action character varying) RETURNS SETOF refcursor
    LANGUAGE plpgsql
    AS $$
DECLARE ref_table refcursor;
DECLARE ref_column refcursor;
DECLARE ref_constraint refcursor;
BEGIN
	ref_table = 'ref_table';
	OPEN ref_table FOR
	SELECT table_name
	FROM information_schema.tables
	WHERE 1 = 1
	AND table_schema = 'public'
	AND table_name = COALESCE(_table_name,table_name)
	AND table_name NOT IN('User')
	ORDER BY table_name;		
	RETURN NEXT ref_table;
	
	IF _action <> 'ONLY_TABLE' THEN		
		ref_column = 'ref_column';
		OPEN ref_column FOR
		SELECT table_name,column_name,data_type,character_maximum_length,numeric_precision,numeric_scale 
		FROM INFORMATION_SCHEMA.COLUMNS 
		WHERE 1 = 1 
		AND TABLE_SCHEMA = 'public' 
		AND table_catalog = 'test'
		AND table_name = COALESCE(_table_name,table_name)
		ORDER BY table_name,ordinal_position;
		RETURN NEXT ref_column;

		ref_constraint = 'ref_constraint';
		OPEN ref_constraint FOR
		SELECT tc.constraint_name,
		tc.constraint_type,
		tc.table_name,
		kcu.column_name,
		tc.is_deferrable,
		tc.initially_deferred,
		rc.match_option AS match_type,

		rc.update_rule AS on_update,
		rc.delete_rule AS on_delete,
		ccu.table_name AS references_table,
		ccu.column_name AS references_field
		FROM information_schema.table_constraints tc

		LEFT JOIN information_schema.key_column_usage kcu
		ON tc.constraint_catalog = kcu.constraint_catalog
		AND tc.constraint_schema = kcu.constraint_schema
		AND tc.constraint_name = kcu.constraint_name

		LEFT JOIN information_schema.referential_constraints rc
		ON tc.constraint_catalog = rc.constraint_catalog
		AND tc.constraint_schema = rc.constraint_schema
		AND tc.constraint_name = rc.constraint_name

		LEFT JOIN information_schema.constraint_column_usage ccu
		ON rc.unique_constraint_catalog = ccu.constraint_catalog
		AND rc.unique_constraint_schema = ccu.constraint_schema
		AND rc.unique_constraint_name = ccu.constraint_name
		WHERE 1 = 1
		AND tc.constraint_type NOT IN('CHECK','UNIQUE')
		AND tc.constraint_schema IN('public')
		AND tc.table_name = COALESCE(_table_name,tc.table_name)
		ORDER BY tc.table_name,kcu.column_name;
		RETURN NEXT ref_constraint;
	END IF;
END
$$;


ALTER FUNCTION public.fn_get_table_data(_table_name character varying, _action character varying) OWNER TO admin;

--
-- Name: fn_get_user_code(); Type: FUNCTION; Schema: public; Owner: admin
--

CREATE FUNCTION public.fn_get_user_code() RETURNS character varying
    LANGUAGE plpgsql
    AS $$
DECLARE _code CHARACTER VARYING(50);
BEGIN	
	_code = 'U000000';
	
	_code = 'U' || RIGHT('000000' || (SELECT MAX(COALESCE(REPLACE("value",'U',''),'0')::INT)+1 FROM ad_user) ,6);
		
	RETURN _code;
END
$$;


ALTER FUNCTION public.fn_get_user_code() OWNER TO admin;

--
-- Name: fn_get_uuid(); Type: FUNCTION; Schema: public; Owner: admin
--

CREATE FUNCTION public.fn_get_uuid() RETURNS character varying
    LANGUAGE plpgsql
    AS $$
DECLARE _GUID CHARACTER VARYING(32);
BEGIN 
	_GUID := REPLACE(uuid_generate_v4()::TEXT,'-','');
	RETURN _GUID;
END
$$;


ALTER FUNCTION public.fn_get_uuid() OWNER TO admin;

SET default_tablespace = '';

SET default_table_access_method = heap;

--
-- Name: ad_client; Type: TABLE; Schema: public; Owner: admin
--

CREATE TABLE public.ad_client (
    ad_client_id character varying(32) NOT NULL,
    ad_org_id character varying(32) NOT NULL,
    value character varying(50) NOT NULL,
    name character varying(100) NOT NULL,
    isactive character varying(1),
    created timestamp without time zone DEFAULT now() NOT NULL,
    createdby character varying(32) NOT NULL,
    updated timestamp without time zone DEFAULT now() NOT NULL,
    updatedby character varying(32) NOT NULL,
    CONSTRAINT ad_client_isactive_check CHECK (((isactive)::text = ANY (ARRAY[('Y'::character varying)::text, ('N'::character varying)::text])))
);


ALTER TABLE public.ad_client OWNER TO admin;

--
-- Name: ad_column; Type: TABLE; Schema: public; Owner: admin
--

CREATE TABLE public.ad_column (
    ad_column_id character varying(32) NOT NULL,
    ad_client_id character varying(32) NOT NULL,
    ad_org_id character varying(32) NOT NULL,
    ad_table_id character varying(32) NOT NULL,
    ad_datatype_id character varying(32) NOT NULL,
    value character varying(50) NOT NULL,
    name character varying(100) NOT NULL,
    description character varying(255) NOT NULL,
    action character varying(50),
    ispk character varying(1),
    isfk character varying(1),
    ref_table character varying(50),
    ref_table_key_field character varying(50),
    ref_table_text_field character varying(50),
    icon character varying(50),
    isactive character varying(1),
    created timestamp without time zone DEFAULT now() NOT NULL,
    createdby character varying(32) NOT NULL,
    updated timestamp without time zone DEFAULT now() NOT NULL,
    updatedby character varying(32) NOT NULL,
    CONSTRAINT ad_column_isactive_check CHECK (((isactive)::text = ANY (ARRAY[('Y'::character varying)::text, ('N'::character varying)::text]))),
    CONSTRAINT ad_column_isactive_check1 CHECK (((isactive)::text = ANY (ARRAY[('Y'::character varying)::text, ('N'::character varying)::text]))),
    CONSTRAINT ad_column_isactive_check2 CHECK (((isactive)::text = ANY (ARRAY[('Y'::character varying)::text, ('N'::character varying)::text])))
);


ALTER TABLE public.ad_column OWNER TO admin;

--
-- Name: ad_datatype; Type: TABLE; Schema: public; Owner: admin
--

CREATE TABLE public.ad_datatype (
    ad_datatype_id character varying(32) NOT NULL,
    ad_client_id character varying(32) NOT NULL,
    ad_org_id character varying(32) NOT NULL,
    value character varying(50) NOT NULL,
    name character varying(100) NOT NULL,
    description character varying(255) NOT NULL,
    isactive character varying(1),
    created timestamp without time zone DEFAULT now() NOT NULL,
    createdby character varying(32) NOT NULL,
    updated timestamp without time zone DEFAULT now() NOT NULL,
    updatedby character varying(32) NOT NULL,
    CONSTRAINT ad_datatype_isactive_check CHECK (((isactive)::text = ANY (ARRAY[('Y'::character varying)::text, ('N'::character varying)::text])))
);


ALTER TABLE public.ad_datatype OWNER TO admin;

--
-- Name: ad_field; Type: TABLE; Schema: public; Owner: admin
--

CREATE TABLE public.ad_field (
    ad_field_id character varying(32) NOT NULL,
    ad_client_id character varying(32) NOT NULL,
    ad_org_id character varying(32) NOT NULL,
    ad_column_id character varying(32),
    ad_field_group_id character varying(32) NOT NULL,
    ad_tab_id character varying(32) NOT NULL,
    value character varying(50) NOT NULL,
    name character varying(100) NOT NULL,
    description character varying(255) NOT NULL,
    "position" integer NOT NULL,
    isactive character varying(1),
    display_logic text NOT NULL,
    readonly_logic text NOT NULL,
    created timestamp without time zone DEFAULT now() NOT NULL,
    createdby character varying(32) NOT NULL,
    updated timestamp without time zone DEFAULT now() NOT NULL,
    updatedby character varying(32) NOT NULL,
    default_value character varying(255),
    visible_in_grid character varying(1) DEFAULT 'Y'::character varying,
    ad_datatype_id character varying(32),
    CONSTRAINT ad_field_isactive_check CHECK (((isactive)::text = ANY (ARRAY[('Y'::character varying)::text, ('N'::character varying)::text]))),
    CONSTRAINT ad_field_visible_in_grid_check CHECK (((visible_in_grid)::text = ANY (ARRAY[('Y'::character varying)::text, ('N'::character varying)::text])))
);


ALTER TABLE public.ad_field OWNER TO admin;

--
-- Name: ad_field_group; Type: TABLE; Schema: public; Owner: admin
--

CREATE TABLE public.ad_field_group (
    ad_field_group_id character varying(32) NOT NULL,
    ad_client_id character varying(32) NOT NULL,
    ad_org_id character varying(32) NOT NULL,
    value character varying(50) NOT NULL,
    name character varying(100) NOT NULL,
    description character varying(255) NOT NULL,
    isactive character varying(1),
    created timestamp without time zone DEFAULT now() NOT NULL,
    createdby character varying(32) NOT NULL,
    updated timestamp without time zone DEFAULT now() NOT NULL,
    updatedby character varying(32) NOT NULL,
    CONSTRAINT ad_field_group_isactive_check CHECK (((isactive)::text = ANY (ARRAY[('Y'::character varying)::text, ('N'::character varying)::text])))
);


ALTER TABLE public.ad_field_group OWNER TO admin;

--
-- Name: ad_menu; Type: TABLE; Schema: public; Owner: admin
--

CREATE TABLE public.ad_menu (
    ad_menu_id character varying(32) NOT NULL,
    ad_client_id character varying(32) NOT NULL,
    ad_org_id character varying(32) NOT NULL,
    parent character varying(32),
    ad_window_id character varying(32),
    value character varying(50) NOT NULL,
    name character varying(100) NOT NULL,
    description character varying(255) NOT NULL,
    isactive character varying(1),
    created timestamp without time zone DEFAULT now() NOT NULL,
    createdby character varying(32) NOT NULL,
    updated timestamp without time zone DEFAULT now() NOT NULL,
    updatedby character varying(32) NOT NULL,
    "position" integer,
    CONSTRAINT ad_menu_isactive_check CHECK (((isactive)::text = ANY (ARRAY[('Y'::character varying)::text, ('N'::character varying)::text])))
);


ALTER TABLE public.ad_menu OWNER TO admin;

--
-- Name: ad_module; Type: TABLE; Schema: public; Owner: admin
--

CREATE TABLE public.ad_module (
    ad_module_id character varying(32) NOT NULL,
    ad_client_id character varying(32) NOT NULL,
    ad_org_id character varying(32) NOT NULL,
    value character varying(50) NOT NULL,
    name character varying(100) NOT NULL,
    description character varying(255) NOT NULL,
    isactive character varying(1),
    created timestamp without time zone DEFAULT now() NOT NULL,
    createdby character varying(32) NOT NULL,
    updated timestamp without time zone DEFAULT now() NOT NULL,
    updatedby character varying(32) NOT NULL,
    CONSTRAINT ad_module_isactive_check CHECK (((isactive)::text = ANY (ARRAY[('Y'::character varying)::text, ('N'::character varying)::text])))
);


ALTER TABLE public.ad_module OWNER TO admin;

--
-- Name: ad_org; Type: TABLE; Schema: public; Owner: admin
--

CREATE TABLE public.ad_org (
    ad_org_id character varying(32) NOT NULL,
    ad_client_id character varying(32) NOT NULL,
    value character varying(50) NOT NULL,
    name character varying(100) NOT NULL,
    isactive character varying(1),
    created timestamp without time zone DEFAULT now() NOT NULL,
    createdby character varying(32) NOT NULL,
    updated timestamp without time zone DEFAULT now() NOT NULL,
    updatedby character varying(32) NOT NULL,
    CONSTRAINT ad_org_isactive_check CHECK (((isactive)::text = ANY (ARRAY[('Y'::character varying)::text, ('N'::character varying)::text])))
);


ALTER TABLE public.ad_org OWNER TO admin;

--
-- Name: ad_package; Type: TABLE; Schema: public; Owner: admin
--

CREATE TABLE public.ad_package (
    ad_package_id character varying(32) NOT NULL,
    ad_client_id character varying(32) NOT NULL,
    ad_org_id character varying(32) NOT NULL,
    ad_module_id character varying(32) NOT NULL,
    value character varying(50) NOT NULL,
    name character varying(100) NOT NULL,
    description character varying(255) NOT NULL,
    isactive character varying(1),
    created timestamp without time zone DEFAULT now() NOT NULL,
    createdby character varying(32) NOT NULL,
    updated timestamp without time zone DEFAULT now() NOT NULL,
    updatedby character varying(32) NOT NULL,
    CONSTRAINT ad_package_isactive_check CHECK (((isactive)::text = ANY (ARRAY[('Y'::character varying)::text, ('N'::character varying)::text])))
);


ALTER TABLE public.ad_package OWNER TO admin;

--
-- Name: ad_tab; Type: TABLE; Schema: public; Owner: admin
--

CREATE TABLE public.ad_tab (
    ad_tab_id character varying(32) NOT NULL,
    ad_client_id character varying(32) NOT NULL,
    ad_org_id character varying(32) NOT NULL,
    ad_window_id character varying(32) NOT NULL,
    ad_tab_parent_id character varying(32),
    value character varying(50) NOT NULL,
    name character varying(100) NOT NULL,
    description character varying(255) NOT NULL,
    "position" integer NOT NULL,
    isactive character varying(1),
    btn_getfield character varying(1),
    created timestamp without time zone DEFAULT now() NOT NULL,
    createdby character varying(32) NOT NULL,
    updated timestamp without time zone DEFAULT now() NOT NULL,
    updatedby character varying(32) NOT NULL,
    sql_where character varying(255),
    sql_orderby character varying(255),
    CONSTRAINT ad_tab_isactive_check CHECK (((isactive)::text = ANY (ARRAY[('Y'::character varying)::text, ('N'::character varying)::text])))
);


ALTER TABLE public.ad_tab OWNER TO admin;

--
-- Name: ad_table; Type: TABLE; Schema: public; Owner: admin
--

CREATE TABLE public.ad_table (
    ad_table_id character varying(32) NOT NULL,
    ad_client_id character varying(32) NOT NULL,
    ad_org_id character varying(32) NOT NULL,
    ad_package_id character varying(32) NOT NULL,
    value character varying(50) NOT NULL,
    name character varying(100) NOT NULL,
    description character varying(255) NOT NULL,
    isactive character varying(1),
    btn_getcol character varying(1),
    created timestamp without time zone DEFAULT now() NOT NULL,
    createdby character varying(32) NOT NULL,
    updated timestamp without time zone DEFAULT now() NOT NULL,
    updatedby character varying(32) NOT NULL,
    CONSTRAINT ad_table_isactive_check CHECK (((isactive)::text = ANY (ARRAY[('Y'::character varying)::text, ('N'::character varying)::text])))
);


ALTER TABLE public.ad_table OWNER TO admin;

--
-- Name: ad_user; Type: TABLE; Schema: public; Owner: admin
--

CREATE TABLE public.ad_user (
    ad_user_id character varying(32) NOT NULL,
    ad_client_id character varying(32) NOT NULL,
    ad_org_id character varying(32) NOT NULL,
    value character varying(50) NOT NULL,
    name character varying(100) NOT NULL,
    password character varying(150) NOT NULL,
    email character varying(50),
    first_name character varying(50),
    last_name character varying(50),
    phone_number character varying(50),
    birth_date timestamp without time zone,
    image character varying(255),
    device character varying(32),
    device_model character varying(50),
    so character varying(50),
    so_version character varying(20),
    isactive character varying(1),
    created timestamp without time zone DEFAULT now() NOT NULL,
    createdby character varying(32) NOT NULL,
    updated timestamp without time zone DEFAULT now() NOT NULL,
    updatedby character varying(32) NOT NULL,
    CONSTRAINT ad_user_isactive_check CHECK (((isactive)::text = ANY (ARRAY[('Y'::character varying)::text, ('N'::character varying)::text])))
);


ALTER TABLE public.ad_user OWNER TO admin;

--
-- Name: ad_window; Type: TABLE; Schema: public; Owner: admin
--

CREATE TABLE public.ad_window (
    ad_window_id character varying(32) NOT NULL,
    ad_client_id character varying(32) NOT NULL,
    ad_org_id character varying(32) NOT NULL,
    value character varying(50) NOT NULL,
    name character varying(100) NOT NULL,
    description character varying(255) NOT NULL,
    isactive character varying(1),
    created timestamp without time zone DEFAULT now() NOT NULL,
    createdby character varying(32) NOT NULL,
    updated timestamp without time zone DEFAULT now() NOT NULL,
    updatedby character varying(32) NOT NULL,
    ad_windowtype_id character varying(32),
    CONSTRAINT ad_window_isactive_check CHECK (((isactive)::text = ANY (ARRAY[('Y'::character varying)::text, ('N'::character varying)::text])))
);


ALTER TABLE public.ad_window OWNER TO admin;

--
-- Name: ad_windowtype; Type: TABLE; Schema: public; Owner: admin
--

CREATE TABLE public.ad_windowtype (
    ad_windowtype_id character varying(32) NOT NULL,
    ad_org_id character varying(32) NOT NULL,
    ad_client_id character varying(32) NOT NULL,
    isactive character varying(1),
    created timestamp without time zone DEFAULT now() NOT NULL,
    createdby character varying(32) NOT NULL,
    updated timestamp without time zone DEFAULT now() NOT NULL,
    updatedby character varying(32) NOT NULL,
    value character varying(50),
    name character varying(100),
    CONSTRAINT ad_windowtype_isactive_check CHECK (((isactive)::text = ANY ((ARRAY['Y'::character varying, 'N'::character varying])::text[])))
);


ALTER TABLE public.ad_windowtype OWNER TO admin;

--
-- Name: c_bank; Type: TABLE; Schema: public; Owner: admin
--

CREATE TABLE public.c_bank (
    c_bank_id character varying(32) NOT NULL,
    ad_org_id character varying(32) NOT NULL,
    ad_client_id character varying(32) NOT NULL,
    isactive character varying(1),
    created timestamp without time zone DEFAULT now() NOT NULL,
    createdby character varying(32) NOT NULL,
    updated timestamp without time zone DEFAULT now() NOT NULL,
    updatedby character varying(32) NOT NULL,
    value character varying(50) NOT NULL,
    name character varying(100) NOT NULL,
    balance numeric(19,10) NOT NULL,
    CONSTRAINT c_bank_isactive_check CHECK (((isactive)::text = ANY (ARRAY[('Y'::character varying)::text, ('N'::character varying)::text])))
);


ALTER TABLE public.c_bank OWNER TO admin;

--
-- Name: c_bankaccount; Type: TABLE; Schema: public; Owner: admin
--

CREATE TABLE public.c_bankaccount (
    c_bankaccount_id character varying(32) NOT NULL,
    c_bank_id character varying(32) NOT NULL,
    ad_org_id character varying(32) NOT NULL,
    ad_client_id character varying(32) NOT NULL,
    c_currency_id character varying(32) NOT NULL,
    isactive character varying(1),
    created timestamp without time zone DEFAULT now() NOT NULL,
    createdby character varying(32) NOT NULL,
    updated timestamp without time zone DEFAULT now() NOT NULL,
    updatedby character varying(32) NOT NULL,
    value character varying(50) NOT NULL,
    name character varying(100) NOT NULL,
    CONSTRAINT c_bankaccount_isactive_check CHECK (((isactive)::text = ANY (ARRAY[('Y'::character varying)::text, ('N'::character varying)::text])))
);


ALTER TABLE public.c_bankaccount OWNER TO admin;

--
-- Name: c_bankmovement; Type: TABLE; Schema: public; Owner: admin
--

CREATE TABLE public.c_bankmovement (
    c_bankmovement_id character varying(32) NOT NULL,
    ad_org_id character varying(32) NOT NULL,
    ad_client_id character varying(32) NOT NULL,
    c_bankaccount_id character varying(32) NOT NULL,
    c_bankmtype_id character varying(32) NOT NULL,
    c_bankstatement_id character varying(32),
    isactive character varying(1),
    created timestamp without time zone DEFAULT now() NOT NULL,
    createdby character varying(32) NOT NULL,
    updated timestamp without time zone DEFAULT now() NOT NULL,
    updatedby character varying(32) NOT NULL,
    movementdate timestamp without time zone DEFAULT now() NOT NULL,
    comment character varying(255) NOT NULL,
    amount numeric(19,10) NOT NULL,
    CONSTRAINT c_bankmovement_isactive_check CHECK (((isactive)::text = ANY (ARRAY[('Y'::character varying)::text, ('N'::character varying)::text])))
);


ALTER TABLE public.c_bankmovement OWNER TO admin;

--
-- Name: c_bankmtype; Type: TABLE; Schema: public; Owner: admin
--

CREATE TABLE public.c_bankmtype (
    c_bankmtype_id character varying(32) NOT NULL,
    ad_org_id character varying(32) NOT NULL,
    ad_client_id character varying(32) NOT NULL,
    isactive character varying(1),
    created timestamp without time zone DEFAULT now() NOT NULL,
    createdby character varying(32) NOT NULL,
    updated timestamp without time zone DEFAULT now() NOT NULL,
    updatedby character varying(32) NOT NULL,
    value character varying(50) NOT NULL,
    name character varying(100) NOT NULL,
    CONSTRAINT c_bankmtype_isactive_check CHECK (((isactive)::text = ANY (ARRAY[('Y'::character varying)::text, ('N'::character varying)::text])))
);


ALTER TABLE public.c_bankmtype OWNER TO admin;

--
-- Name: c_bankstatement; Type: TABLE; Schema: public; Owner: admin
--

CREATE TABLE public.c_bankstatement (
    c_bankstatement_id character varying(32) NOT NULL,
    ad_org_id character varying(32) NOT NULL,
    ad_client_id character varying(32) NOT NULL,
    c_bankaccount_id character varying(32) NOT NULL,
    isactive character varying(1),
    created timestamp without time zone DEFAULT now() NOT NULL,
    createdby character varying(32) NOT NULL,
    updated timestamp without time zone DEFAULT now() NOT NULL,
    updatedby character varying(32) NOT NULL,
    value character varying(50) NOT NULL,
    name character varying(100) NOT NULL,
    balance numeric(19,10) NOT NULL,
    prevbalance numeric(19,10) NOT NULL,
    CONSTRAINT c_bankstatement_isactive_check CHECK (((isactive)::text = ANY (ARRAY[('Y'::character varying)::text, ('N'::character varying)::text])))
);


ALTER TABLE public.c_bankstatement OWNER TO admin;

--
-- Name: c_bpartner; Type: TABLE; Schema: public; Owner: admin
--

CREATE TABLE public.c_bpartner (
    c_bpartner_id character varying(32) NOT NULL,
    ad_org_id character varying(32) NOT NULL,
    ad_client_id character varying(32) NOT NULL,
    isactive character varying(1),
    created timestamp without time zone DEFAULT now() NOT NULL,
    createdby character varying(32) NOT NULL,
    updated timestamp without time zone DEFAULT now() NOT NULL,
    updatedby character varying(32) NOT NULL,
    value character varying(50) NOT NULL,
    name character varying(100) NOT NULL,
    last character varying(100) NOT NULL,
    taxid character varying(20) NOT NULL,
    uid character varying(50) NOT NULL,
    email character varying(50) NOT NULL,
    iscustomer character varying(1),
    isvendor character varying(1),
    CONSTRAINT c_bpartner_isactive_check CHECK (((isactive)::text = ANY (ARRAY[('Y'::character varying)::text, ('N'::character varying)::text]))),
    CONSTRAINT c_bpartner_iscustomer_check CHECK (((iscustomer)::text = ANY (ARRAY[('Y'::character varying)::text, ('N'::character varying)::text]))),
    CONSTRAINT c_bpartner_isvendor_check CHECK (((isvendor)::text = ANY (ARRAY[('Y'::character varying)::text, ('N'::character varying)::text])))
);


ALTER TABLE public.c_bpartner OWNER TO admin;

--
-- Name: c_currency; Type: TABLE; Schema: public; Owner: admin
--

CREATE TABLE public.c_currency (
    c_currency_id character varying(32) NOT NULL,
    ad_org_id character varying(32) NOT NULL,
    ad_client_id character varying(32) NOT NULL,
    isactive character varying(1),
    created timestamp without time zone DEFAULT now() NOT NULL,
    createdby character varying(32) NOT NULL,
    updated timestamp without time zone DEFAULT now() NOT NULL,
    updatedby character varying(32) NOT NULL,
    value character varying(50) NOT NULL,
    name character varying(100) NOT NULL,
    CONSTRAINT c_currency_isactive_check CHECK (((isactive)::text = ANY (ARRAY[('Y'::character varying)::text, ('N'::character varying)::text])))
);


ALTER TABLE public.c_currency OWNER TO admin;

--
-- Name: c_location; Type: TABLE; Schema: public; Owner: admin
--

CREATE TABLE public.c_location (
    c_location_id character varying(32) NOT NULL,
    ad_org_id character varying(32) NOT NULL,
    ad_client_id character varying(32) NOT NULL,
    isactive character varying(1),
    created timestamp without time zone DEFAULT now() NOT NULL,
    createdby character varying(32) NOT NULL,
    updated timestamp without time zone DEFAULT now() NOT NULL,
    updatedby character varying(32) NOT NULL,
    value character varying(50) NOT NULL,
    name character varying(100) NOT NULL,
    CONSTRAINT c_location_isactive_check CHECK (((isactive)::text = ANY (ARRAY[('Y'::character varying)::text, ('N'::character varying)::text])))
);


ALTER TABLE public.c_location OWNER TO admin;

--
-- Name: c_order; Type: TABLE; Schema: public; Owner: admin
--

CREATE TABLE public.c_order (
    c_order_id character varying(32) NOT NULL,
    ad_org_id character varying(32) NOT NULL,
    ad_client_id character varying(32) NOT NULL,
    c_bpartner_id character varying(32) NOT NULL,
    isactive character varying(1),
    issotrx character varying(1),
    created timestamp without time zone DEFAULT now() NOT NULL,
    createdby character varying(32) NOT NULL,
    updated timestamp without time zone DEFAULT now() NOT NULL,
    updatedby character varying(32) NOT NULL,
    dateordered timestamp without time zone DEFAULT now() NOT NULL,
    documentno character varying(32),
    number character varying(32),
    series character varying(32),
    uuid character varying(255),
    xml xml,
    subtotal numeric(19,10),
    discount numeric(19,10),
    tax numeric(19,10),
    total numeric(19,10),
    comment character varying(255) NOT NULL,
    iscomplete character varying(1),
    btn_complete character varying(1),
    CONSTRAINT c_order_isactive_check CHECK (((isactive)::text = ANY (ARRAY[('Y'::character varying)::text, ('N'::character varying)::text]))),
    CONSTRAINT c_order_iscomplete_check CHECK (((iscomplete)::text = ANY (ARRAY[('Y'::character varying)::text, ('N'::character varying)::text]))),
    CONSTRAINT c_order_issotrx_check CHECK (((issotrx)::text = ANY (ARRAY[('Y'::character varying)::text, ('N'::character varying)::text])))
);


ALTER TABLE public.c_order OWNER TO admin;

--
-- Name: c_orderline; Type: TABLE; Schema: public; Owner: admin
--

CREATE TABLE public.c_orderline (
    c_orderline_id character varying(32) NOT NULL,
    c_order_id character varying(32) NOT NULL,
    ad_org_id character varying(32) NOT NULL,
    ad_client_id character varying(32) NOT NULL,
    m_product_id character varying(32) NOT NULL,
    c_uom_id character varying(32) NOT NULL,
    isactive character varying(1),
    created timestamp without time zone DEFAULT now() NOT NULL,
    createdby character varying(32) NOT NULL,
    updated timestamp without time zone DEFAULT now() NOT NULL,
    updatedby character varying(32) NOT NULL,
    qty numeric(19,10) NOT NULL,
    cost numeric(19,10) NOT NULL,
    price numeric(19,10) NOT NULL,
    subtotal numeric(19,10),
    discount numeric(19,10),
    linetax numeric(19,10),
    linetotal numeric(19,10),
    CONSTRAINT c_orderline_isactive_check CHECK (((isactive)::text = ANY (ARRAY[('Y'::character varying)::text, ('N'::character varying)::text])))
);


ALTER TABLE public.c_orderline OWNER TO admin;

--
-- Name: c_uom; Type: TABLE; Schema: public; Owner: admin
--

CREATE TABLE public.c_uom (
    c_uom_id character varying(32) NOT NULL,
    ad_org_id character varying(32) NOT NULL,
    ad_client_id character varying(32) NOT NULL,
    isactive character varying(1),
    created timestamp without time zone DEFAULT now() NOT NULL,
    createdby character varying(32) NOT NULL,
    updated timestamp without time zone DEFAULT now() NOT NULL,
    updatedby character varying(32) NOT NULL,
    value character varying(50) NOT NULL,
    name character varying(100) NOT NULL,
    CONSTRAINT c_uom_isactive_check CHECK (((isactive)::text = ANY (ARRAY[('Y'::character varying)::text, ('N'::character varying)::text])))
);


ALTER TABLE public.c_uom OWNER TO admin;

--
-- Name: fin_cashup; Type: TABLE; Schema: public; Owner: admin
--

CREATE TABLE public.fin_cashup (
    fin_cashup_id character varying(32) NOT NULL,
    ad_org_id character varying(32) NOT NULL,
    ad_client_id character varying(32) NOT NULL,
    isactive character varying(1),
    created timestamp without time zone DEFAULT now() NOT NULL,
    createdby character varying(32) NOT NULL,
    updated timestamp without time zone DEFAULT now() NOT NULL,
    updatedby character varying(32) NOT NULL,
    cashupdate timestamp without time zone DEFAULT now() NOT NULL,
    documentno character varying(32),
    series character varying(32),
    comment character varying(255) NOT NULL,
    CONSTRAINT fin_cashup_isactive_check CHECK (((isactive)::text = ANY (ARRAY[('Y'::character varying)::text, ('N'::character varying)::text])))
);


ALTER TABLE public.fin_cashup OWNER TO admin;

--
-- Name: fin_cashupline; Type: TABLE; Schema: public; Owner: admin
--

CREATE TABLE public.fin_cashupline (
    fin_cashupline_id character varying(32) NOT NULL,
    fin_cashup_id character varying(32) NOT NULL,
    fin_cashupmtype_id character varying(32) NOT NULL,
    fin_paymentmethod_id character varying(32) NOT NULL,
    ad_org_id character varying(32) NOT NULL,
    ad_client_id character varying(32) NOT NULL,
    reference character varying(32),
    isactive character varying(1),
    created timestamp without time zone DEFAULT now() NOT NULL,
    createdby character varying(32) NOT NULL,
    updated timestamp without time zone DEFAULT now() NOT NULL,
    updatedby character varying(32) NOT NULL,
    amount numeric(19,10) NOT NULL,
    comment character varying(255) NOT NULL,
    CONSTRAINT fin_cashupline_isactive_check CHECK (((isactive)::text = ANY (ARRAY[('Y'::character varying)::text, ('N'::character varying)::text])))
);


ALTER TABLE public.fin_cashupline OWNER TO admin;

--
-- Name: fin_cashupmtype; Type: TABLE; Schema: public; Owner: admin
--

CREATE TABLE public.fin_cashupmtype (
    fin_cashupmtype_id character varying(32) NOT NULL,
    ad_org_id character varying(32) NOT NULL,
    ad_client_id character varying(32) NOT NULL,
    isactive character varying(1),
    created timestamp without time zone DEFAULT now() NOT NULL,
    createdby character varying(32) NOT NULL,
    updated timestamp without time zone DEFAULT now() NOT NULL,
    updatedby character varying(32) NOT NULL,
    value character varying(50) NOT NULL,
    name character varying(100) NOT NULL,
    CONSTRAINT fin_cashupmtype_isactive_check CHECK (((isactive)::text = ANY (ARRAY[('Y'::character varying)::text, ('N'::character varying)::text])))
);


ALTER TABLE public.fin_cashupmtype OWNER TO admin;

--
-- Name: fin_expense; Type: TABLE; Schema: public; Owner: admin
--

CREATE TABLE public.fin_expense (
    fin_expense_id character varying(32) NOT NULL,
    ad_org_id character varying(32) NOT NULL,
    ad_client_id character varying(32) NOT NULL,
    fin_expensetype_id character varying(32) NOT NULL,
    isactive character varying(1),
    created timestamp without time zone DEFAULT now() NOT NULL,
    createdby character varying(32) NOT NULL,
    updated timestamp without time zone DEFAULT now() NOT NULL,
    updatedby character varying(32) NOT NULL,
    value character varying(50) NOT NULL,
    name character varying(100) NOT NULL,
    comment character varying(255) NOT NULL,
    amount numeric(19,10) NOT NULL,
    CONSTRAINT fin_expense_isactive_check CHECK (((isactive)::text = ANY (ARRAY[('Y'::character varying)::text, ('N'::character varying)::text])))
);


ALTER TABLE public.fin_expense OWNER TO admin;

--
-- Name: fin_expensetype; Type: TABLE; Schema: public; Owner: admin
--

CREATE TABLE public.fin_expensetype (
    fin_expensetype_id character varying(32) NOT NULL,
    ad_org_id character varying(32) NOT NULL,
    ad_client_id character varying(32) NOT NULL,
    isactive character varying(1),
    created timestamp without time zone DEFAULT now() NOT NULL,
    createdby character varying(32) NOT NULL,
    updated timestamp without time zone DEFAULT now() NOT NULL,
    updatedby character varying(32) NOT NULL,
    value character varying(50) NOT NULL,
    name character varying(100) NOT NULL,
    CONSTRAINT fin_expensetype_isactive_check CHECK (((isactive)::text = ANY (ARRAY[('Y'::character varying)::text, ('N'::character varying)::text])))
);


ALTER TABLE public.fin_expensetype OWNER TO admin;

--
-- Name: fin_payment_schedule; Type: TABLE; Schema: public; Owner: admin
--

CREATE TABLE public.fin_payment_schedule (
    fin_payment_schedule_id character varying(32) NOT NULL,
    ad_org_id character varying(32) NOT NULL,
    ad_client_id character varying(32) NOT NULL,
    fin_paymentmethod_id character varying(32) NOT NULL,
    c_order_id character varying(32) NOT NULL,
    isactive character varying(1),
    created timestamp without time zone DEFAULT now() NOT NULL,
    createdby character varying(32) NOT NULL,
    updated timestamp without time zone DEFAULT now() NOT NULL,
    updatedby character varying(32) NOT NULL,
    amount numeric(19,10),
    outstanding numeric(19,10),
    CONSTRAINT fin_payment_schedule_isactive_check CHECK (((isactive)::text = ANY (ARRAY[('Y'::character varying)::text, ('N'::character varying)::text])))
);


ALTER TABLE public.fin_payment_schedule OWNER TO admin;

--
-- Name: fin_paymentmethod; Type: TABLE; Schema: public; Owner: admin
--

CREATE TABLE public.fin_paymentmethod (
    fin_paymentmethod_id character varying(32) NOT NULL,
    ad_org_id character varying(32) NOT NULL,
    ad_client_id character varying(32) NOT NULL,
    isactive character varying(1),
    created timestamp without time zone DEFAULT now() NOT NULL,
    createdby character varying(32) NOT NULL,
    updated timestamp without time zone DEFAULT now() NOT NULL,
    updatedby character varying(32) NOT NULL,
    value character varying(50) NOT NULL,
    name character varying(100) NOT NULL,
    CONSTRAINT fin_paymentmethod_isactive_check CHECK (((isactive)::text = ANY (ARRAY[('Y'::character varying)::text, ('N'::character varying)::text])))
);


ALTER TABLE public.fin_paymentmethod OWNER TO admin;

--
-- Name: m_inventory; Type: TABLE; Schema: public; Owner: admin
--

CREATE TABLE public.m_inventory (
    m_inventory_id character varying(32) NOT NULL,
    ad_org_id character varying(32) NOT NULL,
    ad_client_id character varying(32) NOT NULL,
    m_warehouse_id character varying(32) NOT NULL,
    m_inventorytype_id character varying(32) NOT NULL,
    isactive character varying(1),
    created timestamp without time zone DEFAULT now() NOT NULL,
    createdby character varying(32) NOT NULL,
    updated timestamp without time zone DEFAULT now() NOT NULL,
    updatedby character varying(32) NOT NULL,
    movementdate timestamp without time zone DEFAULT now() NOT NULL,
    documentno character varying(32),
    number character varying(32),
    series character varying(32),
    comment character varying(255) NOT NULL,
    iscomplete character varying(1),
    btn_complete character varying(1),
    reference character varying(32),
    CONSTRAINT m_inventory_isactive_check CHECK (((isactive)::text = ANY (ARRAY[('Y'::character varying)::text, ('N'::character varying)::text]))),
    CONSTRAINT m_inventory_iscomplete_check CHECK (((iscomplete)::text = ANY (ARRAY[('Y'::character varying)::text, ('N'::character varying)::text])))
);


ALTER TABLE public.m_inventory OWNER TO admin;

--
-- Name: m_inventoryline; Type: TABLE; Schema: public; Owner: admin
--

CREATE TABLE public.m_inventoryline (
    m_inventoryline_id character varying(32) NOT NULL,
    m_inventory_id character varying(32) NOT NULL,
    ad_org_id character varying(32) NOT NULL,
    ad_client_id character varying(32) NOT NULL,
    m_product_id character varying(32) NOT NULL,
    reference character varying(32) NOT NULL,
    c_uom_id character varying(32) NOT NULL,
    c_location_id character varying(32) NOT NULL,
    c_locationto character varying(32) NOT NULL,
    isactive character varying(1),
    created timestamp without time zone DEFAULT now() NOT NULL,
    createdby character varying(32) NOT NULL,
    updated timestamp without time zone DEFAULT now() NOT NULL,
    updatedby character varying(32) NOT NULL,
    qty numeric(19,10) NOT NULL,
    cost numeric(19,10) NOT NULL,
    price numeric(19,10) NOT NULL,
    CONSTRAINT m_inventoryline_isactive_check CHECK (((isactive)::text = ANY (ARRAY[('Y'::character varying)::text, ('N'::character varying)::text])))
);


ALTER TABLE public.m_inventoryline OWNER TO admin;

--
-- Name: m_inventorytype; Type: TABLE; Schema: public; Owner: admin
--

CREATE TABLE public.m_inventorytype (
    m_inventorytype_id character varying(32) NOT NULL,
    ad_org_id character varying(32) NOT NULL,
    ad_client_id character varying(32) NOT NULL,
    isactive character varying(1),
    created timestamp without time zone DEFAULT now() NOT NULL,
    createdby character varying(32) NOT NULL,
    updated timestamp without time zone DEFAULT now() NOT NULL,
    updatedby character varying(32) NOT NULL,
    value character varying(50) NOT NULL,
    name character varying(100) NOT NULL,
    CONSTRAINT m_inventorytype_isactive_check CHECK (((isactive)::text = ANY (ARRAY[('Y'::character varying)::text, ('N'::character varying)::text])))
);


ALTER TABLE public.m_inventorytype OWNER TO admin;

--
-- Name: m_movement; Type: TABLE; Schema: public; Owner: admin
--

CREATE TABLE public.m_movement (
    m_movement_id character varying(32) NOT NULL,
    ad_org_id character varying(32) NOT NULL,
    ad_client_id character varying(32) NOT NULL,
    m_movementtype_id character varying(32) NOT NULL,
    c_location_id character varying(32) NOT NULL,
    isactive character varying(1),
    created timestamp without time zone DEFAULT now() NOT NULL,
    createdby character varying(32) NOT NULL,
    updated timestamp without time zone DEFAULT now() NOT NULL,
    updatedby character varying(32) NOT NULL,
    movementdate timestamp without time zone DEFAULT now() NOT NULL,
    documentno character varying(32) NOT NULL,
    series character varying(32) NOT NULL,
    comment character varying(255) NOT NULL,
    iscomplete character varying(1),
    CONSTRAINT m_movement_isactive_check CHECK (((isactive)::text = ANY (ARRAY[('Y'::character varying)::text, ('N'::character varying)::text]))),
    CONSTRAINT m_movement_iscomplete_check CHECK (((iscomplete)::text = ANY (ARRAY[('Y'::character varying)::text, ('N'::character varying)::text])))
);


ALTER TABLE public.m_movement OWNER TO admin;

--
-- Name: m_movementline; Type: TABLE; Schema: public; Owner: admin
--

CREATE TABLE public.m_movementline (
    m_movementline_id character varying(32) NOT NULL,
    m_movement_id character varying(32) NOT NULL,
    ad_org_id character varying(32) NOT NULL,
    ad_client_id character varying(32) NOT NULL,
    m_product_id character varying(32) NOT NULL,
    c_location_id character varying(32) NOT NULL,
    c_locationto character varying(32) NOT NULL,
    c_uom_id character varying(32) NOT NULL,
    isactive character varying(1),
    created timestamp without time zone DEFAULT now() NOT NULL,
    createdby character varying(32) NOT NULL,
    updated timestamp without time zone DEFAULT now() NOT NULL,
    updatedby character varying(32) NOT NULL,
    qty numeric(19,10) NOT NULL,
    cost numeric(19,10) NOT NULL,
    price numeric(19,10) NOT NULL,
    CONSTRAINT m_movementline_isactive_check CHECK (((isactive)::text = ANY (ARRAY[('Y'::character varying)::text, ('N'::character varying)::text])))
);


ALTER TABLE public.m_movementline OWNER TO admin;

--
-- Name: m_movementtype; Type: TABLE; Schema: public; Owner: admin
--

CREATE TABLE public.m_movementtype (
    m_movementtype_id character varying(32) NOT NULL,
    ad_org_id character varying(32) NOT NULL,
    ad_client_id character varying(32) NOT NULL,
    isactive character varying(1),
    created timestamp without time zone DEFAULT now() NOT NULL,
    createdby character varying(32) NOT NULL,
    updated timestamp without time zone DEFAULT now() NOT NULL,
    updatedby character varying(32) NOT NULL,
    value character varying(50) NOT NULL,
    name character varying(100) NOT NULL,
    CONSTRAINT m_movementtype_isactive_check CHECK (((isactive)::text = ANY (ARRAY[('Y'::character varying)::text, ('N'::character varying)::text])))
);


ALTER TABLE public.m_movementtype OWNER TO admin;

--
-- Name: m_product; Type: TABLE; Schema: public; Owner: admin
--

CREATE TABLE public.m_product (
    m_product_id character varying(32) NOT NULL,
    ad_org_id character varying(32) NOT NULL,
    ad_client_id character varying(32) NOT NULL,
    m_product_category_id character varying(32) NOT NULL,
    c_uom_id character varying(32) NOT NULL,
    isactive character varying(1),
    created timestamp without time zone DEFAULT now() NOT NULL,
    createdby character varying(32) NOT NULL,
    updated timestamp without time zone DEFAULT now() NOT NULL,
    updatedby character varying(32) NOT NULL,
    value character varying(50) NOT NULL,
    name character varying(100) NOT NULL,
    price numeric(19,10) NOT NULL,
    cost numeric(19,10) NOT NULL,
    qty numeric(19,10) NOT NULL,
    image character varying(255) NOT NULL,
    CONSTRAINT m_product_isactive_check CHECK (((isactive)::text = ANY (ARRAY[('Y'::character varying)::text, ('N'::character varying)::text])))
);


ALTER TABLE public.m_product OWNER TO admin;

--
-- Name: m_product_category; Type: TABLE; Schema: public; Owner: admin
--

CREATE TABLE public.m_product_category (
    m_product_category_id character varying(32) NOT NULL,
    ad_org_id character varying(32) NOT NULL,
    ad_client_id character varying(32) NOT NULL,
    isactive character varying(1),
    created timestamp without time zone DEFAULT now() NOT NULL,
    createdby character varying(32) NOT NULL,
    updated timestamp without time zone DEFAULT now() NOT NULL,
    updatedby character varying(32) NOT NULL,
    value character varying(50) NOT NULL,
    name character varying(100) NOT NULL,
    CONSTRAINT m_product_category_isactive_check CHECK (((isactive)::text = ANY (ARRAY[('Y'::character varying)::text, ('N'::character varying)::text])))
);


ALTER TABLE public.m_product_category OWNER TO admin;

--
-- Name: m_warehouse; Type: TABLE; Schema: public; Owner: admin
--

CREATE TABLE public.m_warehouse (
    m_warehouse_id character varying(32) NOT NULL,
    ad_org_id character varying(32) NOT NULL,
    ad_client_id character varying(32) NOT NULL,
    c_location_id character varying(32) NOT NULL,
    isactive character varying(1),
    created timestamp without time zone DEFAULT now() NOT NULL,
    createdby character varying(32) NOT NULL,
    updated timestamp without time zone DEFAULT now() NOT NULL,
    updatedby character varying(32) NOT NULL,
    value character varying(50) NOT NULL,
    name character varying(100) NOT NULL,
    CONSTRAINT m_warehouse_isactive_check CHECK (((isactive)::text = ANY (ARRAY[('Y'::character varying)::text, ('N'::character varying)::text])))
);


ALTER TABLE public.m_warehouse OWNER TO admin;

--
-- Name: m_warehouse_stock; Type: TABLE; Schema: public; Owner: admin
--

CREATE TABLE public.m_warehouse_stock (
    m_warehouse_stock_id character varying(32) NOT NULL,
    ad_org_id character varying(32) NOT NULL,
    ad_client_id character varying(32) NOT NULL,
    isactive character varying(1),
    created timestamp without time zone DEFAULT now() NOT NULL,
    createdby character varying(32) NOT NULL,
    updated timestamp without time zone DEFAULT now() NOT NULL,
    updatedby character varying(32) NOT NULL,
    m_warehouse_id character varying(32) NOT NULL,
    m_product_id character varying(32) NOT NULL,
    qty numeric(19,10),
    CONSTRAINT m_warehouse_stock_isactive_check CHECK (((isactive)::text = ANY (ARRAY[('Y'::character varying)::text, ('N'::character varying)::text])))
);


ALTER TABLE public.m_warehouse_stock OWNER TO admin;

--
-- Data for Name: ad_client; Type: TABLE DATA; Schema: public; Owner: admin
--

COPY public.ad_client (ad_client_id, ad_org_id, value, name, isactive, created, createdby, updated, updatedby) FROM stdin;
0	0	SYSTEM	System	Y	2022-09-05 18:56:06.726323	0	2022-09-05 18:56:06.726323	0
\.


--
-- Data for Name: ad_column; Type: TABLE DATA; Schema: public; Owner: admin
--

COPY public.ad_column (ad_column_id, ad_client_id, ad_org_id, ad_table_id, ad_datatype_id, value, name, description, action, ispk, isfk, ref_table, ref_table_key_field, ref_table_text_field, icon, isactive, created, createdby, updated, updatedby) FROM stdin;
9030a7a2bc954857a9ff53c1a9930456	0	0	ad6432cb140349a1ab8de7975d0dabe5	6ca4658fa4a54419a19a6ceafc4a61a3	ad_user_id	ID	ID user	\N	Y	N	\N	\N	\N	\N	Y	2022-09-05 18:56:06.726323	0	2022-09-05 18:56:06.726323	0
ce1d6e1d88d5496eaf134177bc0d20be	0	0	ad6432cb140349a1ab8de7975d0dabe5	65af08108358407b84475b7a34160517	ad_client_id	ID client	ID client	\N	N	Y	ad_client	ad_client_id	name	\N	Y	2022-09-05 18:56:06.726323	0	2022-09-05 18:56:06.726323	0
1f7bcc394ef64c4487237b381653dbd8	0	0	ad6432cb140349a1ab8de7975d0dabe5	65af08108358407b84475b7a34160517	ad_org_id	ID org	ID org	\N	N	Y	ad_org	ad_org_id	name	\N	Y	2022-09-05 18:56:06.726323	0	2022-09-05 18:56:06.726323	0
b90280f0d0be4db28f6b5c33faac00eb	0	0	ad6432cb140349a1ab8de7975d0dabe5	6ca4658fa4a54419a19a6ceafc4a61a3	value	Code	Code	\N	N	N	\N	\N	\N	\N	Y	2022-09-05 18:56:06.726323	0	2022-09-05 18:56:06.726323	0
5b334f13e11140aaaab97a02a4bb33ee	0	0	ad6432cb140349a1ab8de7975d0dabe5	6ca4658fa4a54419a19a6ceafc4a61a3	name	Name	Name	\N	N	N	\N	\N	\N	\N	Y	2022-09-05 18:56:06.726323	0	2022-09-05 18:56:06.726323	0
89ceccb1dd1c48119028c68575f39bc2	0	0	ad6432cb140349a1ab8de7975d0dabe5	0114227c0c6f433292a9905c37c2a0a9	password	Password	Password	\N	N	N	\N	\N	\N	\N	Y	2022-09-05 18:56:06.726323	0	2022-09-05 18:56:06.726323	0
4d4622cf978f48058c2cddf14a75ec6e	0	0	ad6432cb140349a1ab8de7975d0dabe5	6e1c09a19f3845a1a4e8dc74026593d4	isactive	IsActive	IsActive	\N	N	N	\N	\N	\N	\N	Y	2022-09-05 18:56:06.726323	0	2022-09-05 18:56:06.726323	0
eeb932fd0705426bb0112a5bedc198c3	0	0	ad6432cb140349a1ab8de7975d0dabe5	e9180f03ae21436e9e5c12ceedf6bab9	email	Email	Email	\N	N	N	\N	\N	\N	\N	Y	2022-09-05 18:56:06.726323	0	2022-09-05 18:56:06.726323	0
a6c1fa0226824fb6a6835061eba1cd5e	0	0	ad6432cb140349a1ab8de7975d0dabe5	6ca4658fa4a54419a19a6ceafc4a61a3	first_name	First Name	First Name	\N	N	N	\N	\N	\N	\N	Y	2022-09-05 18:56:06.726323	0	2022-09-05 18:56:06.726323	0
5a3fc827419241bda155f08c53b7cb9a	0	0	ad6432cb140349a1ab8de7975d0dabe5	6ca4658fa4a54419a19a6ceafc4a61a3	last_name	Last Name	Last Name	\N	N	N	\N	\N	\N	\N	Y	2022-09-05 18:56:06.726323	0	2022-09-05 18:56:06.726323	0
ec7d00cf893947a2b05a73e3b0899783	0	0	ad6432cb140349a1ab8de7975d0dabe5	6ca4658fa4a54419a19a6ceafc4a61a3	phone_number	Phone Number	Phone Number	\N	N	N	\N	\N	\N	\N	Y	2022-09-05 18:56:06.726323	0	2022-09-05 18:56:06.726323	0
e8000627c2304b76bb57d8d362cc2ee6	0	0	ad6432cb140349a1ab8de7975d0dabe5	7b5c0fd146584be2ba36295f30fd7b22	birth_date	Birth Date	Birth Date	\N	N	N	\N	\N	\N	\N	Y	2022-09-05 18:56:06.726323	0	2022-09-05 18:56:06.726323	0
27487535ca9f4b50952ab967b333f43c	0	0	ad6432cb140349a1ab8de7975d0dabe5	d603b69583654de58d67ae6f611b5eb7	image	Image	Image	\N	N	N	\N	\N	\N	\N	Y	2022-09-05 18:56:06.726323	0	2022-09-05 18:56:06.726323	0
08f9d062cbc94522b8dcfb86cd750da7	0	0	ad6432cb140349a1ab8de7975d0dabe5	6ca4658fa4a54419a19a6ceafc4a61a3	device	Device	Device	\N	N	N	\N	\N	\N	\N	Y	2022-09-05 18:56:06.726323	0	2022-09-05 18:56:06.726323	0
82d4f53cedc34ecfb8010ae7b9bdd467	0	0	ad6432cb140349a1ab8de7975d0dabe5	6ca4658fa4a54419a19a6ceafc4a61a3	device_model	Device Model	Device Model	\N	N	N	\N	\N	\N	\N	Y	2022-09-05 18:56:06.726323	0	2022-09-05 18:56:06.726323	0
53e23c63e6504dd499015e64668c0c6c	0	0	ad6432cb140349a1ab8de7975d0dabe5	6ca4658fa4a54419a19a6ceafc4a61a3	so	SO	SO	\N	N	N	\N	\N	\N	\N	Y	2022-09-05 18:56:06.726323	0	2022-09-05 18:56:06.726323	0
7249b198877441f5a9ab3f4836497b8c	0	0	ad6432cb140349a1ab8de7975d0dabe5	6ca4658fa4a54419a19a6ceafc4a61a3	so_version	SO VERSION	SO VERSION	\N	N	N	\N	\N	\N	\N	Y	2022-09-05 18:56:06.726323	0	2022-09-05 18:56:06.726323	0
5eb2dcf0295849dfb31833f4d7019291	0	0	5db578ac25324d488e6247121df02992	6ca4658fa4a54419a19a6ceafc4a61a3	ad_table_id	ID	ID table	\N	Y	N	\N	\N	\N	\N	Y	2022-09-05 18:56:06.726323	0	2022-09-05 18:56:06.726323	0
b2bf4ea961564459a836fadb46ed695a	0	0	5db578ac25324d488e6247121df02992	65af08108358407b84475b7a34160517	ad_client_id	ID client	ID client	\N	N	Y	ad_client	ad_client_id	name	\N	Y	2022-09-05 18:56:06.726323	0	2022-09-05 18:56:06.726323	0
65d93cc9069b4c9f9a062f980783a9c0	0	0	5db578ac25324d488e6247121df02992	65af08108358407b84475b7a34160517	ad_org_id	ID org	ID org	\N	N	Y	ad_org	ad_org_id	name	\N	Y	2022-09-05 18:56:06.726323	0	2022-09-05 18:56:06.726323	0
29ec05a7d8d44b478856b2d117a84089	0	0	5db578ac25324d488e6247121df02992	65af08108358407b84475b7a34160517	ad_package_id	ID package	ID package	\N	N	Y	ad_package	ad_package_id	name	\N	Y	2022-09-05 18:56:06.726323	0	2022-09-05 18:56:06.726323	0
0b81f6b2af28405190f84acc3e8052d3	0	0	5db578ac25324d488e6247121df02992	6ca4658fa4a54419a19a6ceafc4a61a3	value	Code	Code	\N	N	N	\N	\N	\N	\N	Y	2022-09-05 18:56:06.726323	0	2022-09-05 18:56:06.726323	0
ba9008fdd0744c839d1a78e3350c6d46	0	0	5db578ac25324d488e6247121df02992	6ca4658fa4a54419a19a6ceafc4a61a3	name	Name	Name	\N	N	N	\N	\N	\N	\N	Y	2022-09-05 18:56:06.726323	0	2022-09-05 18:56:06.726323	0
15049153b02d44578ad88e46dc6c3d7a	0	0	5db578ac25324d488e6247121df02992	6ca4658fa4a54419a19a6ceafc4a61a3	description	Description	Description	\N	N	N	\N	\N	\N	\N	Y	2022-09-05 18:56:06.726323	0	2022-09-05 18:56:06.726323	0
b68465b15cdc4bf9b12f1b5223863c77	0	0	5db578ac25324d488e6247121df02992	6e1c09a19f3845a1a4e8dc74026593d4	isactive	IsActive	IsActive	\N	N	N	\N	\N	\N	\N	Y	2022-09-05 18:56:06.726323	0	2022-09-05 18:56:06.726323	0
159da1be1fee43cc868279b126beaa73	0	0	5db578ac25324d488e6247121df02992	4ca39c91b4274555bc2d23b4a8a70da8	btn_getcol	Get Columns	Get Columns	getColumnService	N	N	\N	\N	\N	mdi-timer-sand-complete	Y	2022-09-05 18:56:06.726323	0	2022-09-05 18:56:06.726323	0
b499078e03844a8a9182eb492d833851	0	0	61c0e80277a445058cb4d1f23247fa7d	6ca4658fa4a54419a19a6ceafc4a61a3	ad_column_id	ID	ID column	\N	Y	N	\N	\N	\N	\N	Y	2022-09-05 18:56:06.726323	0	2022-09-05 18:56:06.726323	0
ae98bc13d6074ace9433ebf27abd2d99	0	0	61c0e80277a445058cb4d1f23247fa7d	65af08108358407b84475b7a34160517	ad_client_id	ID client	ID client	\N	N	Y	ad_client	ad_client_id	name	\N	Y	2022-09-05 18:56:06.726323	0	2022-09-05 18:56:06.726323	0
bedd6a6f91644088b51457470aa84bd8	0	0	61c0e80277a445058cb4d1f23247fa7d	65af08108358407b84475b7a34160517	ad_org_id	ID org	ID org	\N	N	Y	ad_org	ad_org_id	name	\N	Y	2022-09-05 18:56:06.726323	0	2022-09-05 18:56:06.726323	0
4883bcbd3de8443f983ebdde7731af63	0	0	61c0e80277a445058cb4d1f23247fa7d	65af08108358407b84475b7a34160517	ad_table_id	ID table	ID table	\N	N	Y	ad_table	ad_table_id	name	\N	Y	2022-09-05 18:56:06.726323	0	2022-09-05 18:56:06.726323	0
725ef2226f8d4dc9a40e8555afd0f85e	0	0	61c0e80277a445058cb4d1f23247fa7d	65af08108358407b84475b7a34160517	ad_datatype_id	ID datatype	ID datatype	\N	N	Y	ad_datatype	ad_datatype_id	name	\N	Y	2022-09-05 18:56:06.726323	0	2022-09-05 18:56:06.726323	0
ff4d1fd202f44157a0d58f060f0fe3da	0	0	61c0e80277a445058cb4d1f23247fa7d	6ca4658fa4a54419a19a6ceafc4a61a3	value	Code	Code	\N	N	N	\N	\N	\N	\N	Y	2022-09-05 18:56:06.726323	0	2022-09-05 18:56:06.726323	0
6f3744e0332a41bcb433ed3defc727d1	0	0	61c0e80277a445058cb4d1f23247fa7d	6ca4658fa4a54419a19a6ceafc4a61a3	name	Name	Name	\N	N	N	\N	\N	\N	\N	Y	2022-09-05 18:56:06.726323	0	2022-09-05 18:56:06.726323	0
0ffbe7dcf1024cb48b76718171dcd973	0	0	61c0e80277a445058cb4d1f23247fa7d	6ca4658fa4a54419a19a6ceafc4a61a3	description	Description	Description	\N	N	N	\N	\N	\N	\N	Y	2022-09-05 18:56:06.726323	0	2022-09-05 18:56:06.726323	0
961a6843f4ec4e2e92c003cc3cb7d342	0	0	61c0e80277a445058cb4d1f23247fa7d	6e1c09a19f3845a1a4e8dc74026593d4	ispk	IsPK	IsPK	\N	N	N	\N	\N	\N	\N	Y	2022-09-05 18:56:06.726323	0	2022-09-05 18:56:06.726323	0
09e1231520b144e699921c0cfe029786	0	0	61c0e80277a445058cb4d1f23247fa7d	6e1c09a19f3845a1a4e8dc74026593d4	isfk	IsFK	IsFK	\N	N	N	\N	\N	\N	\N	Y	2022-09-05 18:56:06.726323	0	2022-09-05 18:56:06.726323	0
05df7f40cfb6417c9dc5c39ff7f3ad73	0	0	61c0e80277a445058cb4d1f23247fa7d	6ca4658fa4a54419a19a6ceafc4a61a3	ref_table	Ref Table	Ref Table	\N	N	N	\N	\N	\N	\N	Y	2022-09-05 18:56:06.726323	0	2022-09-05 18:56:06.726323	0
6c3d3a55d039469da9ccc11b43eabb9f	0	0	61c0e80277a445058cb4d1f23247fa7d	6ca4658fa4a54419a19a6ceafc4a61a3	ref_table_key_field	Ref Key Field	Ref Key Field	\N	N	N	\N	\N	\N	\N	Y	2022-09-05 18:56:06.726323	0	2022-09-05 18:56:06.726323	0
b0c03a73d6014b7286cb9263f2ce6287	0	0	61c0e80277a445058cb4d1f23247fa7d	6ca4658fa4a54419a19a6ceafc4a61a3	ref_table_text_field	Ref Text Field	Ref Text Field	\N	N	N	\N	\N	\N	\N	Y	2022-09-05 18:56:06.726323	0	2022-09-05 18:56:06.726323	0
c23feb8ea6a84b3c8d9d77afad3066be	0	0	61c0e80277a445058cb4d1f23247fa7d	6e1c09a19f3845a1a4e8dc74026593d4	isactive	IsActive	IsActive	\N	N	N	\N	\N	\N	\N	Y	2022-09-05 18:56:06.726323	0	2022-09-05 18:56:06.726323	0
dfaff850fcc845b69f367af071d0f4e5	0	0	61c0e80277a445058cb4d1f23247fa7d	6ca4658fa4a54419a19a6ceafc4a61a3	icon	Icon	Icon	\N	N	N	\N	\N	\N	\N	Y	2022-09-05 18:56:06.726323	0	2022-09-05 18:56:06.726323	0
4629ad27b23c49f78c51704e3096350e	0	0	9ce79f7c82af48f28a2acf93154a4ee6	6ca4658fa4a54419a19a6ceafc4a61a3	ad_window_id	ID	ID window	\N	Y	N	\N	\N	\N	\N	Y	2022-09-05 18:56:06.726323	0	2022-09-05 18:56:06.726323	0
fe7fdefa4f914bf7a5c2b9d06f3b1754	0	0	9ce79f7c82af48f28a2acf93154a4ee6	65af08108358407b84475b7a34160517	ad_client_id	ID client	ID client	\N	N	Y	ad_client	ad_client_id	name	\N	Y	2022-09-05 18:56:06.726323	0	2022-09-05 18:56:06.726323	0
759d34eccac84399b0d3bb3a329f5ee9	0	0	9ce79f7c82af48f28a2acf93154a4ee6	65af08108358407b84475b7a34160517	ad_org_id	ID org	ID org	\N	N	Y	ad_org	ad_org_id	name	\N	Y	2022-09-05 18:56:06.726323	0	2022-09-05 18:56:06.726323	0
822b4f55f035422d90d366a538784860	0	0	9ce79f7c82af48f28a2acf93154a4ee6	6ca4658fa4a54419a19a6ceafc4a61a3	value	Code	Code	\N	N	N	\N	\N	\N	\N	Y	2022-09-05 18:56:06.726323	0	2022-09-05 18:56:06.726323	0
440f7a4dd8c64aa8b4c8588ef74cd849	0	0	9ce79f7c82af48f28a2acf93154a4ee6	6ca4658fa4a54419a19a6ceafc4a61a3	name	Name	Name	\N	N	N	\N	\N	\N	\N	Y	2022-09-05 18:56:06.726323	0	2022-09-05 18:56:06.726323	0
61412cba76474b07bae6c487f2ee12e6	0	0	9ce79f7c82af48f28a2acf93154a4ee6	6ca4658fa4a54419a19a6ceafc4a61a3	description	Description	Description	\N	N	N	\N	\N	\N	\N	Y	2022-09-05 18:56:06.726323	0	2022-09-05 18:56:06.726323	0
2dcbac646a4f401c94d57c333b74a9ab	0	0	9ce79f7c82af48f28a2acf93154a4ee6	6e1c09a19f3845a1a4e8dc74026593d4	isactive	IsActive	IsActive	\N	N	N	\N	\N	\N	\N	Y	2022-09-05 18:56:06.726323	0	2022-09-05 18:56:06.726323	0
d13ffd73022b43208fe449695393438a	0	0	e73ff25199104a259d5b57eeab2772f3	6ca4658fa4a54419a19a6ceafc4a61a3	ad_tab_id	ID	ID tab	\N	Y	N	\N	\N	\N	\N	Y	2022-09-05 18:56:06.726323	0	2022-09-05 18:56:06.726323	0
9047947505384cffab805b6d177630d4	0	0	e73ff25199104a259d5b57eeab2772f3	65af08108358407b84475b7a34160517	ad_client_id	ID client	ID client	\N	N	Y	ad_client	ad_client_id	name	\N	Y	2022-09-05 18:56:06.726323	0	2022-09-05 18:56:06.726323	0
6e95bce2e44f4933b8810c2c9c8edd63	0	0	e73ff25199104a259d5b57eeab2772f3	65af08108358407b84475b7a34160517	ad_org_id	ID org	ID org	\N	N	Y	ad_org	ad_org_id	name	\N	Y	2022-09-05 18:56:06.726323	0	2022-09-05 18:56:06.726323	0
a139102e142d4f9b941345f35918db7b	0	0	e73ff25199104a259d5b57eeab2772f3	65af08108358407b84475b7a34160517	ad_window_id	ID window	ID window	\N	N	Y	ad_window	ad_window_id	name	\N	Y	2022-09-05 18:56:06.726323	0	2022-09-05 18:56:06.726323	0
c67efd5bd5ee4be18a9f8efdd8bff766	0	0	e73ff25199104a259d5b57eeab2772f3	65af08108358407b84475b7a34160517	ad_tab_parent_id	ID tab parent	ID tab_parent	\N	N	Y	ad_tab	ad_tab_id	name	\N	Y	2022-09-05 18:56:06.726323	0	2022-09-05 18:56:06.726323	0
b50aaf12834646fa83bcf4ae252e9899	0	0	e73ff25199104a259d5b57eeab2772f3	6ca4658fa4a54419a19a6ceafc4a61a3	value	Code	Code	\N	N	N	\N	\N	\N	\N	Y	2022-09-05 18:56:06.726323	0	2022-09-05 18:56:06.726323	0
c998e52b24134eec9cc316a90a9285ef	0	0	e73ff25199104a259d5b57eeab2772f3	6ca4658fa4a54419a19a6ceafc4a61a3	name	Name	Name	\N	N	N	\N	\N	\N	\N	Y	2022-09-05 18:56:06.726323	0	2022-09-05 18:56:06.726323	0
dd590d5dcaa84adb8af1550903994095	0	0	e73ff25199104a259d5b57eeab2772f3	6ca4658fa4a54419a19a6ceafc4a61a3	description	Description	Description	\N	N	N	\N	\N	\N	\N	Y	2022-09-05 18:56:06.726323	0	2022-09-05 18:56:06.726323	0
72c351b4c50d4cdfa3c1bf6bd94f284f	0	0	e73ff25199104a259d5b57eeab2772f3	0208e135971b447687d498f55e27c855	position	Position	Position	\N	N	N	\N	\N	\N	\N	Y	2022-09-05 18:56:06.726323	0	2022-09-05 18:56:06.726323	0
07d4e091868b460995c5f67cfe7600a9	0	0	e73ff25199104a259d5b57eeab2772f3	6e1c09a19f3845a1a4e8dc74026593d4	isactive	IsActive	IsActive	\N	N	N	\N	\N	\N	\N	Y	2022-09-05 18:56:06.726323	0	2022-09-05 18:56:06.726323	0
87baa9b3946c45978f2a591fcf266e61	0	0	e73ff25199104a259d5b57eeab2772f3	4ca39c91b4274555bc2d23b4a8a70da8	btn_getfield	Get Fields	Get Fields	getFieldService	N	N	\N	\N	\N	mdi-timer-sand-complete	Y	2022-09-05 18:56:06.726323	0	2022-09-05 18:56:06.726323	0
cf39a133bb1a495dbb891e7734490540	0	0	cb7de80db72344b8a7f293193cf86f02	6ca4658fa4a54419a19a6ceafc4a61a3	ad_field_id	ID	ID field	\N	Y	N	\N	\N	\N	\N	Y	2022-09-05 18:56:06.726323	0	2022-09-05 18:56:06.726323	0
34d03a9c10a94fea8ad8d9de79c73129	0	0	cb7de80db72344b8a7f293193cf86f02	65af08108358407b84475b7a34160517	ad_client_id	ID client	ID client	\N	N	Y	ad_client	ad_client_id	name	\N	Y	2022-09-05 18:56:06.726323	0	2022-09-05 18:56:06.726323	0
ae02f03ca66b45ec8429075f5bcaf328	0	0	cb7de80db72344b8a7f293193cf86f02	65af08108358407b84475b7a34160517	ad_org_id	ID org	ID org	\N	N	Y	ad_org	ad_org_id	name	\N	Y	2022-09-05 18:56:06.726323	0	2022-09-05 18:56:06.726323	0
2327f6cb9c694d6e8f69cabe64e1aee3	0	0	cb7de80db72344b8a7f293193cf86f02	65af08108358407b84475b7a34160517	ad_column_id	ID column	ID column	\N	N	Y	ad_column	ad_column_id	name	\N	Y	2022-09-05 18:56:06.726323	0	2022-09-05 18:56:06.726323	0
c3da224e072542f4a94a1cba52731db9	0	0	cb7de80db72344b8a7f293193cf86f02	65af08108358407b84475b7a34160517	ad_field_group_id	ID field group	ID field group	\N	N	Y	ad_field_group	ad_field_group_id	name	\N	Y	2022-09-05 18:56:06.726323	0	2022-09-05 18:56:06.726323	0
871fbcf0f01649ce8f0f2c2ab4c84f5d	0	0	cb7de80db72344b8a7f293193cf86f02	65af08108358407b84475b7a34160517	ad_tab_id	ID tab	ID tab	\N	N	Y	ad_tab	ad_tab_id	name	\N	Y	2022-09-05 18:56:06.726323	0	2022-09-05 18:56:06.726323	0
d2c639f2c13b4657950963bb22e07e74	0	0	cb7de80db72344b8a7f293193cf86f02	6ca4658fa4a54419a19a6ceafc4a61a3	value	Code	Code	\N	N	N	\N	\N	\N	\N	Y	2022-09-05 18:56:06.726323	0	2022-09-05 18:56:06.726323	0
c16806191c2f4b6e9b4fc3ce7df83437	0	0	cb7de80db72344b8a7f293193cf86f02	6ca4658fa4a54419a19a6ceafc4a61a3	name	Name	Name	\N	N	N	\N	\N	\N	\N	Y	2022-09-05 18:56:06.726323	0	2022-09-05 18:56:06.726323	0
5fcabb0211d5491da9dde2a51e0a8eac	0	0	cb7de80db72344b8a7f293193cf86f02	6ca4658fa4a54419a19a6ceafc4a61a3	description	Description	Description	\N	N	N	\N	\N	\N	\N	Y	2022-09-05 18:56:06.726323	0	2022-09-05 18:56:06.726323	0
de0a52bd3dd242d4a31b422e7344fb7a	0	0	cb7de80db72344b8a7f293193cf86f02	0208e135971b447687d498f55e27c855	position	Position	Position	\N	N	N	\N	\N	\N	\N	Y	2022-09-05 18:56:06.726323	0	2022-09-05 18:56:06.726323	0
00d22359f26a4595baf18d5e31e26673	0	0	cb7de80db72344b8a7f293193cf86f02	6e1c09a19f3845a1a4e8dc74026593d4	isactive	IsActive	IsActive	\N	N	N	\N	\N	\N	\N	Y	2022-09-05 18:56:06.726323	0	2022-09-05 18:56:06.726323	0
9a39a25f811c454292f1288464b660c3	0	0	cb7de80db72344b8a7f293193cf86f02	c901428fd6564d5aa3be983e52721999	display_logic	Display Logic	Display Logic	\N	N	N	\N	\N	\N	\N	Y	2022-09-05 18:56:06.726323	0	2022-09-05 18:56:06.726323	0
d0354127758d446ba14f5dd2840d6612	0	0	cb7de80db72344b8a7f293193cf86f02	c901428fd6564d5aa3be983e52721999	readonly_logic	ReadOnly Logic	ReadOnly Logic	\N	N	N	\N	\N	\N	\N	Y	2022-09-05 18:56:06.726323	0	2022-09-05 18:56:06.726323	0
27913523c58341bcac2e4d73796c6d9b	0	0	1f92bae89e204302aaa4d1ab922f5201	6ca4658fa4a54419a19a6ceafc4a61a3	ad_client_id	ad_client_id	ad_client_id		Y	N	\N	\N	\N	\N	Y	2022-09-07 16:40:44.297987	0	2022-09-07 16:40:44.297987	0
2eafdf470ed94f2488e1faf526442aec	0	0	1f92bae89e204302aaa4d1ab922f5201	65af08108358407b84475b7a34160517	ad_org_id	ad_org_id	ad_org_id		N	Y	ad_org	ad_org_id	name	\N	Y	2022-09-07 16:40:44.297987	0	2022-09-07 16:40:44.297987	0
eced5c8772ba4ef182e8dcb62fc30d95	0	0	1f92bae89e204302aaa4d1ab922f5201	6ca4658fa4a54419a19a6ceafc4a61a3	value	value	value		N	N	\N	\N	\N	\N	Y	2022-09-07 16:40:44.297987	0	2022-09-07 16:40:44.297987	0
bc3fb6fc46d240e4a7d0e23323130c2f	0	0	1f92bae89e204302aaa4d1ab922f5201	6ca4658fa4a54419a19a6ceafc4a61a3	name	name	name		N	N	\N	\N	\N	\N	Y	2022-09-07 16:40:44.297987	0	2022-09-07 16:40:44.297987	0
fd8f41a475b8437d9b90769f27e522b8	0	0	1f92bae89e204302aaa4d1ab922f5201	6e1c09a19f3845a1a4e8dc74026593d4	isactive	isactive	isactive		N	N	\N	\N	\N	\N	Y	2022-09-07 16:40:44.297987	0	2022-09-07 16:40:44.297987	0
76ac9088de7c4f0a9efe9b96e97c3375	0	0	0407249055a94757af9f8ec2ab262a47	6ca4658fa4a54419a19a6ceafc4a61a3	ad_datatype_id	ad_datatype_id	ad_datatype_id		Y	N	\N	\N	\N	\N	Y	2022-09-07 16:40:44.297987	0	2022-09-07 16:40:44.297987	0
30f6da17e0d04fe29af1356384c9862c	0	0	0407249055a94757af9f8ec2ab262a47	65af08108358407b84475b7a34160517	ad_client_id	ad_client_id	ad_client_id		N	Y	ad_client	ad_client_id	name	\N	Y	2022-09-07 16:40:44.297987	0	2022-09-07 16:40:44.297987	0
0f206a411e3942069bb783191d921ee3	0	0	0407249055a94757af9f8ec2ab262a47	65af08108358407b84475b7a34160517	ad_org_id	ad_org_id	ad_org_id		N	Y	ad_org	ad_org_id	name	\N	Y	2022-09-07 16:40:44.297987	0	2022-09-07 16:40:44.297987	0
240fba6197f74a8a84d9f759a9fb9c1d	0	0	0407249055a94757af9f8ec2ab262a47	6ca4658fa4a54419a19a6ceafc4a61a3	value	value	value		N	N	\N	\N	\N	\N	Y	2022-09-07 16:40:44.297987	0	2022-09-07 16:40:44.297987	0
2a5232ad3b2b41da8b7e4bb84bbcbab1	0	0	0407249055a94757af9f8ec2ab262a47	6ca4658fa4a54419a19a6ceafc4a61a3	name	name	name		N	N	\N	\N	\N	\N	Y	2022-09-07 16:40:44.297987	0	2022-09-07 16:40:44.297987	0
ccae46942dcf4310b6e3614dedc5e3b5	0	0	0407249055a94757af9f8ec2ab262a47	6ca4658fa4a54419a19a6ceafc4a61a3	description	description	description		N	N	\N	\N	\N	\N	Y	2022-09-07 16:40:44.297987	0	2022-09-07 16:40:44.297987	0
a09f604fb01f4b8a9939815481c13cf3	0	0	0407249055a94757af9f8ec2ab262a47	6e1c09a19f3845a1a4e8dc74026593d4	isactive	isactive	isactive		N	N	\N	\N	\N	\N	Y	2022-09-07 16:40:44.297987	0	2022-09-07 16:40:44.297987	0
d918646286794d5d9725345d28d05ba8	0	0	f19ed3aad9e848cbb4b065fd07caf31f	6ca4658fa4a54419a19a6ceafc4a61a3	ad_field_group_id	ad_field_group_id	ad_field_group_id		Y	N	\N	\N	\N	\N	Y	2022-09-07 16:40:44.297987	0	2022-09-07 16:40:44.297987	0
00c0b386c0b240a9b7c07e1d238a59c4	0	0	f19ed3aad9e848cbb4b065fd07caf31f	65af08108358407b84475b7a34160517	ad_client_id	ad_client_id	ad_client_id		N	Y	ad_client	ad_client_id	name	\N	Y	2022-09-07 16:40:44.297987	0	2022-09-07 16:40:44.297987	0
539dabb40c944999ae96db7f2be1e1b6	0	0	f19ed3aad9e848cbb4b065fd07caf31f	65af08108358407b84475b7a34160517	ad_org_id	ad_org_id	ad_org_id		N	Y	ad_org	ad_org_id	name	\N	Y	2022-09-07 16:40:44.297987	0	2022-09-07 16:40:44.297987	0
e82667e7bf9843f490db1263717cb333	0	0	f19ed3aad9e848cbb4b065fd07caf31f	6ca4658fa4a54419a19a6ceafc4a61a3	value	value	value		N	N	\N	\N	\N	\N	Y	2022-09-07 16:40:44.297987	0	2022-09-07 16:40:44.297987	0
93aee46b71da4b68a3629fbcc85688ba	0	0	f19ed3aad9e848cbb4b065fd07caf31f	6ca4658fa4a54419a19a6ceafc4a61a3	name	name	name		N	N	\N	\N	\N	\N	Y	2022-09-07 16:40:44.297987	0	2022-09-07 16:40:44.297987	0
27b6bda244484529806dc80e1db62d9b	0	0	f19ed3aad9e848cbb4b065fd07caf31f	6ca4658fa4a54419a19a6ceafc4a61a3	description	description	description		N	N	\N	\N	\N	\N	Y	2022-09-07 16:40:44.297987	0	2022-09-07 16:40:44.297987	0
0a8f7107a1a54dfbbb11fafc1182d3ed	0	0	f19ed3aad9e848cbb4b065fd07caf31f	6e1c09a19f3845a1a4e8dc74026593d4	isactive	isactive	isactive		N	N	\N	\N	\N	\N	Y	2022-09-07 16:40:44.297987	0	2022-09-07 16:40:44.297987	0
9fd9daa48b044e09b8c95259e972b92b	0	0	63d0410f65a6426eb069285bc47eecea	6ca4658fa4a54419a19a6ceafc4a61a3	ad_menu_id	ad_menu_id	ad_menu_id		Y	N	\N	\N	\N	\N	Y	2022-09-07 16:40:44.297987	0	2022-09-07 16:40:44.297987	0
068558ee53494791a8cd300708ccef01	0	0	63d0410f65a6426eb069285bc47eecea	65af08108358407b84475b7a34160517	ad_client_id	ad_client_id	ad_client_id		N	Y	ad_client	ad_client_id	name	\N	Y	2022-09-07 16:40:44.297987	0	2022-09-07 16:40:44.297987	0
cbc8c6860ddd488cbb9b27e7136b97d3	0	0	63d0410f65a6426eb069285bc47eecea	65af08108358407b84475b7a34160517	ad_org_id	ad_org_id	ad_org_id		N	Y	ad_org	ad_org_id	name	\N	Y	2022-09-07 16:40:44.297987	0	2022-09-07 16:40:44.297987	0
2e04d81f87474438b1fce7c93b7a33c0	0	0	63d0410f65a6426eb069285bc47eecea	65af08108358407b84475b7a34160517	parent	parent	parent		N	Y	ad_menu	ad_menu_id	name	\N	Y	2022-09-07 16:40:44.297987	0	2022-09-07 16:40:44.297987	0
cfe0d47f6e444868b7987318aefae2a4	0	0	63d0410f65a6426eb069285bc47eecea	65af08108358407b84475b7a34160517	ad_window_id	ad_window_id	ad_window_id		N	Y	ad_window	ad_window_id	name	\N	Y	2022-09-07 16:40:44.297987	0	2022-09-07 16:40:44.297987	0
5d4f7d6d1c1446ce920eb711184f0d4a	0	0	63d0410f65a6426eb069285bc47eecea	6ca4658fa4a54419a19a6ceafc4a61a3	value	value	value		N	N	\N	\N	\N	\N	Y	2022-09-07 16:40:44.297987	0	2022-09-07 16:40:44.297987	0
999ee4378ba642df9cc7a9e2f3db02dd	0	0	63d0410f65a6426eb069285bc47eecea	6ca4658fa4a54419a19a6ceafc4a61a3	name	name	name		N	N	\N	\N	\N	\N	Y	2022-09-07 16:40:44.297987	0	2022-09-07 16:40:44.297987	0
ebca94014a304cc4a0df76a7c444ec64	0	0	63d0410f65a6426eb069285bc47eecea	6ca4658fa4a54419a19a6ceafc4a61a3	description	description	description		N	N	\N	\N	\N	\N	Y	2022-09-07 16:40:44.297987	0	2022-09-07 16:40:44.297987	0
da5c8814a9c044d0af59d8cc5f9ae1a6	0	0	63d0410f65a6426eb069285bc47eecea	6e1c09a19f3845a1a4e8dc74026593d4	isactive	isactive	isactive		N	N	\N	\N	\N	\N	Y	2022-09-07 16:40:44.297987	0	2022-09-07 16:40:44.297987	0
52bfa774c5884f29871859bbc1504cb8	0	0	c91eda025de94ef39b4706d92af057b2	6ca4658fa4a54419a19a6ceafc4a61a3	ad_module_id	ad_module_id	ad_module_id		Y	N	\N	\N	\N	\N	Y	2022-09-07 16:40:44.297987	0	2022-09-07 16:40:44.297987	0
42bb24d11b8947f69f6136140bd5725b	0	0	c91eda025de94ef39b4706d92af057b2	65af08108358407b84475b7a34160517	ad_client_id	ad_client_id	ad_client_id		N	Y	ad_client	ad_client_id	name	\N	Y	2022-09-07 16:40:44.297987	0	2022-09-07 16:40:44.297987	0
fab140a25d4343fa8236a5bfc4404e10	0	0	c91eda025de94ef39b4706d92af057b2	65af08108358407b84475b7a34160517	ad_org_id	ad_org_id	ad_org_id		N	Y	ad_org	ad_org_id	name	\N	Y	2022-09-07 16:40:44.297987	0	2022-09-07 16:40:44.297987	0
0940152d388e4efeacab3cc0586d4385	0	0	c91eda025de94ef39b4706d92af057b2	6ca4658fa4a54419a19a6ceafc4a61a3	value	value	value		N	N	\N	\N	\N	\N	Y	2022-09-07 16:40:44.297987	0	2022-09-07 16:40:44.297987	0
75aa479e634e4d0cba5fc945564fae23	0	0	c91eda025de94ef39b4706d92af057b2	6ca4658fa4a54419a19a6ceafc4a61a3	name	name	name		N	N	\N	\N	\N	\N	Y	2022-09-07 16:40:44.297987	0	2022-09-07 16:40:44.297987	0
f3705ba8a11440338dbe2d91d8351c43	0	0	c91eda025de94ef39b4706d92af057b2	6ca4658fa4a54419a19a6ceafc4a61a3	description	description	description		N	N	\N	\N	\N	\N	Y	2022-09-07 16:40:44.297987	0	2022-09-07 16:40:44.297987	0
387a5d2081cb4b41ac11e0cb7f586576	0	0	c91eda025de94ef39b4706d92af057b2	6e1c09a19f3845a1a4e8dc74026593d4	isactive	isactive	isactive		N	N	\N	\N	\N	\N	Y	2022-09-07 16:40:44.297987	0	2022-09-07 16:40:44.297987	0
2ddc7e4714c14958afa54656740e74d2	0	0	9c608ba5fd1649b1b552e4bd6b3dede9	6ca4658fa4a54419a19a6ceafc4a61a3	ad_org_id	ad_org_id	ad_org_id		Y	N	\N	\N	\N	\N	Y	2022-09-07 16:40:44.297987	0	2022-09-07 16:40:44.297987	0
2b4b3d4889ef44dc8bb8f7d01c4caf3a	0	0	9c608ba5fd1649b1b552e4bd6b3dede9	65af08108358407b84475b7a34160517	ad_client_id	ad_client_id	ad_client_id		N	Y	ad_client	ad_client_id	name	\N	Y	2022-09-07 16:40:44.297987	0	2022-09-07 16:40:44.297987	0
8d3e2bc638f44a1ba19e47dd4a70b70f	0	0	9c608ba5fd1649b1b552e4bd6b3dede9	6ca4658fa4a54419a19a6ceafc4a61a3	value	value	value		N	N	\N	\N	\N	\N	Y	2022-09-07 16:40:44.297987	0	2022-09-07 16:40:44.297987	0
d2e33f2e498a444aa8bf021ff13863d4	0	0	9c608ba5fd1649b1b552e4bd6b3dede9	6ca4658fa4a54419a19a6ceafc4a61a3	name	name	name		N	N	\N	\N	\N	\N	Y	2022-09-07 16:40:44.297987	0	2022-09-07 16:40:44.297987	0
4fd98bb9dd234caabf2a950b987103da	0	0	9c608ba5fd1649b1b552e4bd6b3dede9	6e1c09a19f3845a1a4e8dc74026593d4	isactive	isactive	isactive		N	N	\N	\N	\N	\N	Y	2022-09-07 16:40:44.297987	0	2022-09-07 16:40:44.297987	0
2fbf0777224e4e95a537afee0ba89f12	0	0	0831f8d09bfa4f0f80636b402b2c5d96	6ca4658fa4a54419a19a6ceafc4a61a3	ad_package_id	ad_package_id	ad_package_id		Y	N	\N	\N	\N	\N	Y	2022-09-07 16:40:44.297987	0	2022-09-07 16:40:44.297987	0
525fb091aa5f406c813305362dc05e65	0	0	0831f8d09bfa4f0f80636b402b2c5d96	65af08108358407b84475b7a34160517	ad_client_id	ad_client_id	ad_client_id		N	Y	ad_client	ad_client_id	name	\N	Y	2022-09-07 16:40:44.297987	0	2022-09-07 16:40:44.297987	0
cca0f62660c24d2097ae05cfebb1a1a2	0	0	0831f8d09bfa4f0f80636b402b2c5d96	65af08108358407b84475b7a34160517	ad_org_id	ad_org_id	ad_org_id		N	Y	ad_org	ad_org_id	name	\N	Y	2022-09-07 16:40:44.297987	0	2022-09-07 16:40:44.297987	0
362f5673362349618cd3df7e15e7f26b	0	0	0831f8d09bfa4f0f80636b402b2c5d96	65af08108358407b84475b7a34160517	ad_module_id	ad_module_id	ad_module_id		N	Y	ad_module	ad_module_id	name	\N	Y	2022-09-07 16:40:44.297987	0	2022-09-07 16:40:44.297987	0
bd48dd54de1f42339fe509e2e0d8556f	0	0	0831f8d09bfa4f0f80636b402b2c5d96	6ca4658fa4a54419a19a6ceafc4a61a3	value	value	value		N	N	\N	\N	\N	\N	Y	2022-09-07 16:40:44.297987	0	2022-09-07 16:40:44.297987	0
fdc07f04ad0a47ad98433804bad8f015	0	0	0831f8d09bfa4f0f80636b402b2c5d96	6ca4658fa4a54419a19a6ceafc4a61a3	name	name	name		N	N	\N	\N	\N	\N	Y	2022-09-07 16:40:44.297987	0	2022-09-07 16:40:44.297987	0
11c8156285f6495e8affd9f2772613c4	0	0	0831f8d09bfa4f0f80636b402b2c5d96	6ca4658fa4a54419a19a6ceafc4a61a3	description	description	description		N	N	\N	\N	\N	\N	Y	2022-09-07 16:40:44.297987	0	2022-09-07 16:40:44.297987	0
70468fe3b88d4d69a099d9f4d73c72d0	0	0	0831f8d09bfa4f0f80636b402b2c5d96	6e1c09a19f3845a1a4e8dc74026593d4	isactive	isactive	isactive		N	N	\N	\N	\N	\N	Y	2022-09-07 16:40:44.297987	0	2022-09-07 16:40:44.297987	0
4e385e869e1249b28c4b9f5b6e24f61a	0	0	1b072496ae9d4f6489ecb008c707ed43	6ca4658fa4a54419a19a6ceafc4a61a3	m_product_id	m_product_id	m_product_id		Y	N	\N	\N	\N	\N	Y	2022-10-18 15:28:44.608764	0	2022-10-18 15:28:44.608764	0
ae71f6987a794fcfab4e926a6fd723f7	0	0	1b072496ae9d4f6489ecb008c707ed43	65af08108358407b84475b7a34160517	m_product_category_id	m_product_category_id	m_product_category_id		N	Y	m_product_category	m_product_category_id	name	\N	Y	2022-10-18 15:28:44.608764	0	2022-10-18 15:28:44.608764	0
b55b6c75bf3446a390addd0437473f95	0	0	1b072496ae9d4f6489ecb008c707ed43	6e1c09a19f3845a1a4e8dc74026593d4	isactive	isactive	isactive		N	N	\N	\N	\N	\N	Y	2022-10-18 15:28:44.608764	0	2022-10-18 15:28:44.608764	0
585075b96488456fa1e24ae12e95f1fd	0	0	1b072496ae9d4f6489ecb008c707ed43	6ca4658fa4a54419a19a6ceafc4a61a3	value	value	value		N	N	\N	\N	\N	\N	Y	2022-10-18 15:28:44.608764	0	2022-10-18 15:28:44.608764	0
9302fd09f25546dc903c55f524a85633	0	0	1b072496ae9d4f6489ecb008c707ed43	6ca4658fa4a54419a19a6ceafc4a61a3	name	name	name		N	N	\N	\N	\N	\N	Y	2022-10-18 15:28:44.608764	0	2022-10-18 15:28:44.608764	0
0fafe24a747549c4854b4ab5374eede0	0	0	f49921ad8d4a4d99bdad0e50a0675f56	6ca4658fa4a54419a19a6ceafc4a61a3	m_product_category_id	m_product_category_id	m_product_category_id		Y	N	\N	\N	\N	\N	Y	2022-10-18 15:28:44.608764	0	2022-10-18 15:28:44.608764	0
0f5266ee2b1241d7b9e58c35ada53551	0	0	f49921ad8d4a4d99bdad0e50a0675f56	6e1c09a19f3845a1a4e8dc74026593d4	isactive	isactive	isactive		N	N	\N	\N	\N	\N	Y	2022-10-18 15:28:44.608764	0	2022-10-18 15:28:44.608764	0
2488f9c5cd3249978d5d15463d02287e	0	0	f49921ad8d4a4d99bdad0e50a0675f56	6ca4658fa4a54419a19a6ceafc4a61a3	value	value	value		N	N	\N	\N	\N	\N	Y	2022-10-18 15:28:44.608764	0	2022-10-18 15:28:44.608764	0
2927c5e422c64ef39e1d64266000546f	0	0	f49921ad8d4a4d99bdad0e50a0675f56	6ca4658fa4a54419a19a6ceafc4a61a3	name	name	name		N	N	\N	\N	\N	\N	Y	2022-10-18 15:28:44.608764	0	2022-10-18 15:28:44.608764	0
af8b894253c1461bac39c5aef3f24c4a	0	0	f49921ad8d4a4d99bdad0e50a0675f56	65af08108358407b84475b7a34160517	ad_client_id	ad_client_id	ad_client_id		N	Y	ad_client	ad_client_id	name	\N	Y	2022-10-18 15:28:44.608764	0	2022-10-18 15:42:48.336328	0
c2671a04a2a046cf852b82d2648e1642	0	0	1b072496ae9d4f6489ecb008c707ed43	65af08108358407b84475b7a34160517	ad_client_id	ad_client_id	ad_client_id		N	Y	ad_client	ad_client_id	name	\N	Y	2022-10-18 15:28:44.608764	0	2022-10-18 15:39:41.075772	0
56e21c379428481ea85afa1c7aed23f9	0	0	1b072496ae9d4f6489ecb008c707ed43	0208e135971b447687d498f55e27c855	price	Price	Price	\N	\N	\N	\N	\N	\N	\N	Y	2022-10-18 18:32:12.444566	0	2022-10-18 18:32:12.444566	0
38c9ff79f8724d5b9bca95d8a0ac105b	0	0	1b072496ae9d4f6489ecb008c707ed43	65af08108358407b84475b7a34160517	ad_org_id	ad_org_id	ad_org_id		N	Y	ad_org	ad_org_id	name	\N	Y	2022-10-18 15:28:44.608764	0	2022-10-18 15:40:49.519136	0
e043a5fb63784ccbad794278c508d340	0	0	1b072496ae9d4f6489ecb008c707ed43	0208e135971b447687d498f55e27c855	cost	Cost	Cost	\N	\N	\N	\N	\N	\N	\N	Y	2022-10-18 18:35:52.38361	0	2022-10-18 18:35:52.38361	0
3a01d15c6ac449a3bcae286c355813f5	0	0	f49921ad8d4a4d99bdad0e50a0675f56	65af08108358407b84475b7a34160517	ad_org_id	ad_org_id	ad_org_id		N	Y	ad_org	ad_org_id	name	\N	Y	2022-10-18 15:28:44.608764	0	2022-10-18 15:42:41.799496	0
9981356ff1294d898d67961c3405250f	0	0	1b072496ae9d4f6489ecb008c707ed43	0208e135971b447687d498f55e27c855	qty	Qty	Qty	\N	\N	\N	\N	\N	\N	\N	Y	2022-10-18 18:36:10.085751	0	2022-10-18 18:36:10.085751	0
f4d110e749e1471b9aa3657b6d51bc1a	0	0	bd56ea4a9f4241739437f294a5cfc9a8	6ca4658fa4a54419a19a6ceafc4a61a3	c_uom_id	c_uom_id	c_uom_id		Y	N	\N	\N	\N	\N	Y	2022-10-18 18:55:46.064524	0	2022-10-18 18:55:46.064524	0
f7b87bb9c7fa4493b04c1d2cb6bb5bac	0	0	bd56ea4a9f4241739437f294a5cfc9a8	65af08108358407b84475b7a34160517	ad_org_id	ad_org_id	ad_org_id		N	Y	ad_org	ad_org_id	name	\N	Y	2022-10-18 18:55:46.064524	0	2022-10-18 18:55:46.064524	0
3639ae7aac804b209123cf1a7e97aefc	0	0	bd56ea4a9f4241739437f294a5cfc9a8	65af08108358407b84475b7a34160517	ad_client_id	ad_client_id	ad_client_id		N	Y	ad_client	ad_client_id	name	\N	Y	2022-10-18 18:55:46.064524	0	2022-10-18 18:55:46.064524	0
34e7df78ab514c95b247c48e7ca89ec7	0	0	bd56ea4a9f4241739437f294a5cfc9a8	6e1c09a19f3845a1a4e8dc74026593d4	isactive	isactive	isactive		N	N	\N	\N	\N	\N	Y	2022-10-18 18:55:46.064524	0	2022-10-18 18:55:46.064524	0
c0a526fa06e745efb3dc47b4c331c1ea	0	0	bd56ea4a9f4241739437f294a5cfc9a8	6ca4658fa4a54419a19a6ceafc4a61a3	value	value	value		N	N	\N	\N	\N	\N	Y	2022-10-18 18:55:46.064524	0	2022-10-18 18:55:46.064524	0
192f0e8ee5684f0cb54cc5b5871082e6	0	0	bd56ea4a9f4241739437f294a5cfc9a8	6ca4658fa4a54419a19a6ceafc4a61a3	name	name	name		N	N	\N	\N	\N	\N	Y	2022-10-18 18:55:46.064524	0	2022-10-18 18:55:46.064524	0
ec68838f73dc453db0e8f08948086927	0	0	1b072496ae9d4f6489ecb008c707ed43	d603b69583654de58d67ae6f611b5eb7	image	Product Image	Product Image	\N	N	N	\N	\N	\N	\N	Y	2022-10-18 18:36:25.996921	0	2022-10-18 19:23:27.254992	0
c9fe08e4805c4395b852c62c01d63fef	0	0	23ab1f87459340a5b0cde5b9c349c16f	6ca4658fa4a54419a19a6ceafc4a61a3	fin_paymentmethod_id	fin_paymentmethod_id	fin_paymentmethod_id		Y	N	\N	\N	\N	\N	Y	2022-10-19 18:18:19.372273	0	2022-10-19 18:18:19.372273	0
c2beb75d4ba847e29f7dd2404f2203d2	0	0	23ab1f87459340a5b0cde5b9c349c16f	65af08108358407b84475b7a34160517	ad_org_id	ad_org_id	ad_org_id		N	Y	ad_org	ad_org_id	name	\N	Y	2022-10-19 18:18:19.372273	0	2022-10-19 18:18:19.372273	0
e105c014c67941b9ab639bd9709ecaa5	0	0	23ab1f87459340a5b0cde5b9c349c16f	65af08108358407b84475b7a34160517	ad_client_id	ad_client_id	ad_client_id		N	Y	ad_client	ad_client_id	name	\N	Y	2022-10-19 18:18:19.372273	0	2022-10-19 18:18:19.372273	0
5286f9383a214b6dab84ee17cfc724f4	0	0	23ab1f87459340a5b0cde5b9c349c16f	6e1c09a19f3845a1a4e8dc74026593d4	isactive	isactive	isactive		N	N	\N	\N	\N	\N	Y	2022-10-19 18:18:19.372273	0	2022-10-19 18:18:19.372273	0
3d914a98199e44888f6b4d287919ec27	0	0	23ab1f87459340a5b0cde5b9c349c16f	6ca4658fa4a54419a19a6ceafc4a61a3	value	value	value		N	N	\N	\N	\N	\N	Y	2022-10-19 18:18:19.372273	0	2022-10-19 18:18:19.372273	0
71bfdb97cf3f4b05828cb45b06d690fe	0	0	23ab1f87459340a5b0cde5b9c349c16f	6ca4658fa4a54419a19a6ceafc4a61a3	name	name	name		N	N	\N	\N	\N	\N	Y	2022-10-19 18:18:19.372273	0	2022-10-19 18:18:19.372273	0
3631fba0919c419b949991787d827696	0	0	10bfe2376a8d4efe8e87eaf0f6b60a83	6ca4658fa4a54419a19a6ceafc4a61a3	c_order_id	c_order_id	c_order_id		Y	N	\N	\N	\N	\N	Y	2022-10-19 23:17:16.406347	0	2022-10-19 23:17:16.406347	0
b89bd0ad68544a288633820fcbe35235	0	0	10bfe2376a8d4efe8e87eaf0f6b60a83	65af08108358407b84475b7a34160517	ad_org_id	ad_org_id	ad_org_id		N	Y	ad_org	ad_org_id	name	\N	Y	2022-10-19 23:17:16.406347	0	2022-10-19 23:17:16.406347	0
385edd45412e4e5aad35bc39f84df96a	0	0	10bfe2376a8d4efe8e87eaf0f6b60a83	65af08108358407b84475b7a34160517	ad_client_id	ad_client_id	ad_client_id		N	Y	ad_client	ad_client_id	name	\N	Y	2022-10-19 23:17:16.406347	0	2022-10-19 23:17:16.406347	0
05d28d7882584a2e9423eba65b11da1d	0	0	10bfe2376a8d4efe8e87eaf0f6b60a83	65af08108358407b84475b7a34160517	c_bpartner_id	c_bpartner_id	c_bpartner_id		N	Y	c_bpartner	c_bpartner_id	name	\N	Y	2022-10-19 23:17:16.406347	0	2022-10-19 23:17:16.406347	0
5d4eb18182074c27bc68c915f417c533	0	0	10bfe2376a8d4efe8e87eaf0f6b60a83	6e1c09a19f3845a1a4e8dc74026593d4	isactive	isactive	isactive		N	N	\N	\N	\N	\N	Y	2022-10-19 23:17:16.406347	0	2022-10-19 23:17:16.406347	0
f15ee8efa9ec4ff1925b209e4c20813e	0	0	10bfe2376a8d4efe8e87eaf0f6b60a83	6e1c09a19f3845a1a4e8dc74026593d4	issotrx	issotrx	issotrx		N	N	\N	\N	\N	\N	Y	2022-10-19 23:17:16.406347	0	2022-10-19 23:17:16.406347	0
0770c15f2c1f4353abd8e512d35fdd2d	0	0	10bfe2376a8d4efe8e87eaf0f6b60a83	6ca4658fa4a54419a19a6ceafc4a61a3	documentno	documentno	documentno		N	N	\N	\N	\N	\N	Y	2022-10-19 23:17:16.406347	0	2022-10-19 23:17:16.406347	0
fbf713a6008846539ee6ec6a17e3debd	0	0	10bfe2376a8d4efe8e87eaf0f6b60a83	6ca4658fa4a54419a19a6ceafc4a61a3	series	series	series		N	N	\N	\N	\N	\N	Y	2022-10-19 23:17:16.406347	0	2022-10-19 23:17:16.406347	0
be1ee5354cd547608b60088100887e13	0	0	10bfe2376a8d4efe8e87eaf0f6b60a83	6ca4658fa4a54419a19a6ceafc4a61a3	comment	comment	comment		N	N	\N	\N	\N	\N	Y	2022-10-19 23:17:16.406347	0	2022-10-19 23:17:16.406347	0
fb76d524de7e43fb84f3024f38270441	0	0	0432c6269a404cbfb30a66324bd32999	6ca4658fa4a54419a19a6ceafc4a61a3	c_orderline_id	c_orderline_id	c_orderline_id		Y	N	\N	\N	\N	\N	Y	2022-10-19 23:17:16.406347	0	2022-10-19 23:17:16.406347	0
ed314f1f8591406599919dacbabeed9a	0	0	0432c6269a404cbfb30a66324bd32999	65af08108358407b84475b7a34160517	ad_org_id	ad_org_id	ad_org_id		N	Y	ad_org	ad_org_id	name	\N	Y	2022-10-19 23:17:16.406347	0	2022-10-19 23:17:16.406347	0
8c43e0d65fc746bb9788fac658303347	0	0	0432c6269a404cbfb30a66324bd32999	65af08108358407b84475b7a34160517	ad_client_id	ad_client_id	ad_client_id		N	Y	ad_client	ad_client_id	name	\N	Y	2022-10-19 23:17:16.406347	0	2022-10-19 23:17:16.406347	0
e20fba3360474ec49fb65575f8dc2bef	0	0	0432c6269a404cbfb30a66324bd32999	65af08108358407b84475b7a34160517	m_product_id	m_product_id	m_product_id		N	Y	m_product	m_product_id	name	\N	Y	2022-10-19 23:17:16.406347	0	2022-10-19 23:17:16.406347	0
b2d028c6239549f88345f64338306ae0	0	0	0432c6269a404cbfb30a66324bd32999	65af08108358407b84475b7a34160517	c_uom_id	c_uom_id	c_uom_id		N	Y	c_uom	c_uom_id	name	\N	Y	2022-10-19 23:17:16.406347	0	2022-10-19 23:17:16.406347	0
b8d587b14ee24988addb622bf5603714	0	0	0432c6269a404cbfb30a66324bd32999	6e1c09a19f3845a1a4e8dc74026593d4	isactive	isactive	isactive		N	N	\N	\N	\N	\N	Y	2022-10-19 23:17:16.406347	0	2022-10-19 23:17:16.406347	0
a6ae1429f9ac4303bf58e4d6664c7099	0	0	0432c6269a404cbfb30a66324bd32999	6ca4658fa4a54419a19a6ceafc4a61a3	qty	qty	qty		N	N	\N	\N	\N	\N	Y	2022-10-19 23:17:16.406347	0	2022-10-19 23:17:16.406347	0
589a7108c30646589183b75af397283e	0	0	0432c6269a404cbfb30a66324bd32999	6ca4658fa4a54419a19a6ceafc4a61a3	cost	cost	cost		N	N	\N	\N	\N	\N	Y	2022-10-19 23:17:16.406347	0	2022-10-19 23:17:16.406347	0
967f4db2c2074b769ad014cf0b3ef68d	0	0	0432c6269a404cbfb30a66324bd32999	6ca4658fa4a54419a19a6ceafc4a61a3	price	price	price		N	N	\N	\N	\N	\N	Y	2022-10-19 23:17:16.406347	0	2022-10-19 23:17:16.406347	0
aba410aa85a44aabb545a7f11b8ee459	0	0	e7173fe6ec5a4609988b0139340e2d8b	6ca4658fa4a54419a19a6ceafc4a61a3	c_bpartner_id	c_bpartner_id	c_bpartner_id		Y	N	\N	\N	\N	\N	Y	2022-10-19 23:19:49.232195	0	2022-10-19 23:19:49.232195	0
86d601b484884c17896602ffce769829	0	0	e7173fe6ec5a4609988b0139340e2d8b	65af08108358407b84475b7a34160517	ad_org_id	ad_org_id	ad_org_id		N	Y	ad_org	ad_org_id	name	\N	Y	2022-10-19 23:19:49.232195	0	2022-10-19 23:19:49.232195	0
0a8e573ac6de40449be197b35822e8ce	0	0	e7173fe6ec5a4609988b0139340e2d8b	65af08108358407b84475b7a34160517	ad_client_id	ad_client_id	ad_client_id		N	Y	ad_client	ad_client_id	name	\N	Y	2022-10-19 23:19:49.232195	0	2022-10-19 23:19:49.232195	0
2fba1704f9364fa9be125ae569c5a565	0	0	e7173fe6ec5a4609988b0139340e2d8b	6e1c09a19f3845a1a4e8dc74026593d4	isactive	isactive	isactive		N	N	\N	\N	\N	\N	Y	2022-10-19 23:19:49.232195	0	2022-10-19 23:19:49.232195	0
e5bdd01af2ad4e12bef7b2efc9f047c2	0	0	e7173fe6ec5a4609988b0139340e2d8b	6ca4658fa4a54419a19a6ceafc4a61a3	value	value	value		N	N	\N	\N	\N	\N	Y	2022-10-19 23:19:49.232195	0	2022-10-19 23:19:49.232195	0
b59b16f566454bea891417463d0b1ab5	0	0	e7173fe6ec5a4609988b0139340e2d8b	6ca4658fa4a54419a19a6ceafc4a61a3	name	name	name		N	N	\N	\N	\N	\N	Y	2022-10-19 23:19:49.232195	0	2022-10-19 23:19:49.232195	0
24b29a4edfce41d7bdd5d7361c09e2a9	0	0	e7173fe6ec5a4609988b0139340e2d8b	6ca4658fa4a54419a19a6ceafc4a61a3	last	last	last		N	N	\N	\N	\N	\N	Y	2022-10-19 23:19:49.232195	0	2022-10-19 23:19:49.232195	0
34c04db10182422b93943bbeb68fe2a4	0	0	e7173fe6ec5a4609988b0139340e2d8b	6ca4658fa4a54419a19a6ceafc4a61a3	taxid	taxid	taxid		N	N	\N	\N	\N	\N	Y	2022-10-19 23:19:49.232195	0	2022-10-19 23:19:49.232195	0
0c6ce7ab72b94d82b8dd264dba373629	0	0	e7173fe6ec5a4609988b0139340e2d8b	6ca4658fa4a54419a19a6ceafc4a61a3	uid	uid	uid		N	N	\N	\N	\N	\N	Y	2022-10-19 23:19:49.232195	0	2022-10-19 23:19:49.232195	0
594d3542c5064341afa0c00251e928e4	0	0	e7173fe6ec5a4609988b0139340e2d8b	6ca4658fa4a54419a19a6ceafc4a61a3	email	email	email		N	N	\N	\N	\N	\N	Y	2022-10-19 23:19:49.232195	0	2022-10-19 23:19:49.232195	0
1f0c104e2f8b4b6596a47377951af355	0	0	e7173fe6ec5a4609988b0139340e2d8b	6e1c09a19f3845a1a4e8dc74026593d4	iscustomer	iscustomer	iscustomer		N	N	\N	\N	\N	\N	Y	2022-10-19 23:19:49.232195	0	2022-10-19 23:19:49.232195	0
f502a16d116042dbbfe9d344f8c0d4d7	0	0	e7173fe6ec5a4609988b0139340e2d8b	6e1c09a19f3845a1a4e8dc74026593d4	isvendor	isvendor	isvendor		N	N	\N	\N	\N	\N	Y	2022-10-19 23:19:49.232195	0	2022-10-19 23:19:49.232195	0
f1d997efdd334bb2a1bb3323b39b4220	0	0	10bfe2376a8d4efe8e87eaf0f6b60a83	7b5c0fd146584be2ba36295f30fd7b22	dateordered	dateordered	dateordered		N	N	\N	\N	\N	\N	Y	2022-10-19 23:17:16.406347	0	2022-10-19 23:22:21.687701	0
44961cec5db0465187a2a1cbb2ffd05e	0	0	1b072496ae9d4f6489ecb008c707ed43	65af08108358407b84475b7a34160517	c_uom_id	Measure	Measure	\N	N	Y	c_uom	c_uom_id	name	\N	Y	2022-10-18 18:38:57.765268	0	2022-10-19 23:49:57.409582	0
529e25e346384e0a8eeea2881bd0f6bb	0	0	00ef8514d6d74c6b8bc34f1cba4d0dff	6ca4658fa4a54419a19a6ceafc4a61a3	fin_cashupmtype_id	fin_cashupmtype_id	fin_cashupmtype_id		Y	N	\N	\N	\N	\N	Y	2022-10-19 23:56:36.789198	0	2022-10-19 23:56:36.789198	0
f5e10fa4e25948fcb4e180fe8cbaed85	0	0	00ef8514d6d74c6b8bc34f1cba4d0dff	65af08108358407b84475b7a34160517	ad_org_id	ad_org_id	ad_org_id		N	Y	ad_org	ad_org_id	name	\N	Y	2022-10-19 23:56:36.789198	0	2022-10-19 23:56:36.789198	0
09fb12860abc4f4c83946db2f43cc559	0	0	00ef8514d6d74c6b8bc34f1cba4d0dff	65af08108358407b84475b7a34160517	ad_client_id	ad_client_id	ad_client_id		N	Y	ad_client	ad_client_id	name	\N	Y	2022-10-19 23:56:36.789198	0	2022-10-19 23:56:36.789198	0
74664b2e8a8d42e491c4029fc5fad288	0	0	00ef8514d6d74c6b8bc34f1cba4d0dff	6e1c09a19f3845a1a4e8dc74026593d4	isactive	isactive	isactive		N	N	\N	\N	\N	\N	Y	2022-10-19 23:56:36.789198	0	2022-10-19 23:56:36.789198	0
b3438745240e44e0814a881f174ebcc8	0	0	00ef8514d6d74c6b8bc34f1cba4d0dff	6ca4658fa4a54419a19a6ceafc4a61a3	value	value	value		N	N	\N	\N	\N	\N	Y	2022-10-19 23:56:36.789198	0	2022-10-19 23:56:36.789198	0
c285a2a5c78b4b47833e1e6afaad3ffd	0	0	00ef8514d6d74c6b8bc34f1cba4d0dff	6ca4658fa4a54419a19a6ceafc4a61a3	name	name	name		N	N	\N	\N	\N	\N	Y	2022-10-19 23:56:36.789198	0	2022-10-19 23:56:36.789198	0
c4c472ae7d384d2e910be71a0f714afb	0	0	5c72ddb7f8f64eaeb8d3c1d27c374142	6ca4658fa4a54419a19a6ceafc4a61a3	m_movementtype_id	m_movementtype_id	m_movementtype_id		Y	N	\N	\N	\N	\N	Y	2022-10-19 23:57:11.759266	0	2022-10-19 23:57:11.759266	0
451ba128849341b2bfb5697449a73fe4	0	0	5c72ddb7f8f64eaeb8d3c1d27c374142	65af08108358407b84475b7a34160517	ad_org_id	ad_org_id	ad_org_id		N	Y	ad_org	ad_org_id	name	\N	Y	2022-10-19 23:57:11.759266	0	2022-10-19 23:57:11.759266	0
e11c34e2b18548ce9fd7e56446a815f3	0	0	5c72ddb7f8f64eaeb8d3c1d27c374142	65af08108358407b84475b7a34160517	ad_client_id	ad_client_id	ad_client_id		N	Y	ad_client	ad_client_id	name	\N	Y	2022-10-19 23:57:11.759266	0	2022-10-19 23:57:11.759266	0
a239ccc523cf44a1a9cf5c1c9ba73ea0	0	0	5c72ddb7f8f64eaeb8d3c1d27c374142	6e1c09a19f3845a1a4e8dc74026593d4	isactive	isactive	isactive		N	N	\N	\N	\N	\N	Y	2022-10-19 23:57:11.759266	0	2022-10-19 23:57:11.759266	0
4f5786b8ef2a4f37bd83712e1415e6ac	0	0	5c72ddb7f8f64eaeb8d3c1d27c374142	6ca4658fa4a54419a19a6ceafc4a61a3	value	value	value		N	N	\N	\N	\N	\N	Y	2022-10-19 23:57:11.759266	0	2022-10-19 23:57:11.759266	0
9f8166d979c74e3c9b34b053968986d7	0	0	5c72ddb7f8f64eaeb8d3c1d27c374142	6ca4658fa4a54419a19a6ceafc4a61a3	name	name	name		N	N	\N	\N	\N	\N	Y	2022-10-19 23:57:11.759266	0	2022-10-19 23:57:11.759266	0
ef4f3b4db61a4db4a1b09eba2f0e780a	0	0	547da50a21fa4513abf75476e818ce68	6ca4658fa4a54419a19a6ceafc4a61a3	fin_cashup_id	fin_cashup_id	fin_cashup_id		Y	N	\N	\N	\N	\N	Y	2022-10-19 23:57:56.889155	0	2022-10-19 23:57:56.889155	0
430593ea9a314f978174b501041db08f	0	0	547da50a21fa4513abf75476e818ce68	65af08108358407b84475b7a34160517	ad_org_id	ad_org_id	ad_org_id		N	Y	ad_org	ad_org_id	name	\N	Y	2022-10-19 23:57:56.889155	0	2022-10-19 23:57:56.889155	0
3521f121a15a4190a65b84f2fc40d823	0	0	547da50a21fa4513abf75476e818ce68	65af08108358407b84475b7a34160517	ad_client_id	ad_client_id	ad_client_id		N	Y	ad_client	ad_client_id	name	\N	Y	2022-10-19 23:57:56.889155	0	2022-10-19 23:57:56.889155	0
ec876423fe654adeb8cd85322eeae7b6	0	0	547da50a21fa4513abf75476e818ce68	6e1c09a19f3845a1a4e8dc74026593d4	isactive	isactive	isactive		N	N	\N	\N	\N	\N	Y	2022-10-19 23:57:56.889155	0	2022-10-19 23:57:56.889155	0
39aa3ed8d48e4623bb3f3f742a40e310	0	0	547da50a21fa4513abf75476e818ce68	6ca4658fa4a54419a19a6ceafc4a61a3	documentno	documentno	documentno		N	N	\N	\N	\N	\N	Y	2022-10-19 23:57:56.889155	0	2022-10-19 23:57:56.889155	0
5cef2ee2f0384613a5e2a21aae2df6b9	0	0	547da50a21fa4513abf75476e818ce68	6ca4658fa4a54419a19a6ceafc4a61a3	series	series	series		N	N	\N	\N	\N	\N	Y	2022-10-19 23:57:56.889155	0	2022-10-19 23:57:56.889155	0
7689ee2c11244214ba95988f01696015	0	0	547da50a21fa4513abf75476e818ce68	6ca4658fa4a54419a19a6ceafc4a61a3	comment	comment	comment		N	N	\N	\N	\N	\N	Y	2022-10-19 23:57:56.889155	0	2022-10-19 23:57:56.889155	0
9a100023f1dc45af8e81e0ab3c2cb655	0	0	3e57d42df0014eed8a5c234883b20192	6ca4658fa4a54419a19a6ceafc4a61a3	fin_cashupline_id	fin_cashupline_id	fin_cashupline_id		Y	N	\N	\N	\N	\N	Y	2022-10-19 23:57:56.889155	0	2022-10-19 23:57:56.889155	0
b026c5ddf8164e1180b897a0edab6126	0	0	3e57d42df0014eed8a5c234883b20192	65af08108358407b84475b7a34160517	fin_cashupmtype_id	fin_cashupmtype_id	fin_cashupmtype_id		N	Y	fin_cashupmtype	fin_cashupmtype_id	name	\N	Y	2022-10-19 23:57:56.889155	0	2022-10-19 23:57:56.889155	0
748765298a094f3eb849a0d530456d8e	0	0	3e57d42df0014eed8a5c234883b20192	65af08108358407b84475b7a34160517	fin_paymentmethod_id	fin_paymentmethod_id	fin_paymentmethod_id		N	Y	fin_paymentmethod	fin_paymentmethod_id	name	\N	Y	2022-10-19 23:57:56.889155	0	2022-10-19 23:57:56.889155	0
0698b2c9c1964a5bb29cda277c1c5ae2	0	0	3e57d42df0014eed8a5c234883b20192	65af08108358407b84475b7a34160517	ad_org_id	ad_org_id	ad_org_id		N	Y	ad_org	ad_org_id	name	\N	Y	2022-10-19 23:57:56.889155	0	2022-10-19 23:57:56.889155	0
619d82d46d244f6eac2a0eef5412c7a8	0	0	c0e904b2f879413cabcf57261df03fc3	6e1c09a19f3845a1a4e8dc74026593d4	iscomplete	iscomplete	iscomplete		N	N	\N	\N	\N	\N	Y	2022-11-03 15:21:55.935131	0	2022-11-03 15:21:55.935131	0
17254b813a8d40608cd4ee9c3b216c1d	0	0	3e57d42df0014eed8a5c234883b20192	65af08108358407b84475b7a34160517	ad_client_id	ad_client_id	ad_client_id		N	Y	ad_client	ad_client_id	name	\N	Y	2022-10-19 23:57:56.889155	0	2022-10-19 23:57:56.889155	0
9b9dc636eb654e62a931cd71d716c32b	0	0	3e57d42df0014eed8a5c234883b20192	6ca4658fa4a54419a19a6ceafc4a61a3	reference	reference	reference		N	N	\N	\N	\N	\N	Y	2022-10-19 23:57:56.889155	0	2022-10-19 23:57:56.889155	0
33bf0923c14e4c098658192898e0482f	0	0	3e57d42df0014eed8a5c234883b20192	6e1c09a19f3845a1a4e8dc74026593d4	isactive	isactive	isactive		N	N	\N	\N	\N	\N	Y	2022-10-19 23:57:56.889155	0	2022-10-19 23:57:56.889155	0
d7353534b4054e2da11b750e05525604	0	0	3e57d42df0014eed8a5c234883b20192	6ca4658fa4a54419a19a6ceafc4a61a3	amount	amount	amount		N	N	\N	\N	\N	\N	Y	2022-10-19 23:57:56.889155	0	2022-10-19 23:57:56.889155	0
05488ecead534c489ed78459e0fda0d3	0	0	3e57d42df0014eed8a5c234883b20192	6ca4658fa4a54419a19a6ceafc4a61a3	comment	comment	comment		N	N	\N	\N	\N	\N	Y	2022-10-19 23:57:56.889155	0	2022-10-19 23:57:56.889155	0
ca4bd54f036a45b0aac30ecd0b10ecae	0	0	10bfe2376a8d4efe8e87eaf0f6b60a83	6e1c09a19f3845a1a4e8dc74026593d4	iscomplete	iscomplete	iscomplete		N	N	\N	\N	\N	\N	Y	2022-10-20 18:24:09.418984	0	2022-10-20 18:24:09.418984	0
0ba8ed96c5ff44f38c57a3907a6b5be9	0	0	10bfe2376a8d4efe8e87eaf0f6b60a83	0208e135971b447687d498f55e27c855	subtotal	subtotal	subtotal		N	N	\N	\N	\N	\N	Y	2022-10-20 18:24:09.418984	0	2022-10-20 18:24:44.904473	0
ee9c4fbffaa7452aa83b5858eb43eb9e	0	0	10bfe2376a8d4efe8e87eaf0f6b60a83	0208e135971b447687d498f55e27c855	total	total	total		N	N	\N	\N	\N	\N	Y	2022-10-20 18:24:09.418984	0	2022-10-20 18:25:01.157885	0
aac86bc9ec354fa9881ebda9dcf3a2cc	0	0	10bfe2376a8d4efe8e87eaf0f6b60a83	0208e135971b447687d498f55e27c855	tax	tax	tax		N	N	\N	\N	\N	\N	Y	2022-10-20 18:24:09.418984	0	2022-10-20 18:25:06.087109	0
04c1aab7955f4d93beebf40a5ea2f700	0	0	10bfe2376a8d4efe8e87eaf0f6b60a83	0208e135971b447687d498f55e27c855	discount	discount	discount		N	N	\N	\N	\N	\N	Y	2022-10-20 18:24:09.418984	0	2022-10-20 18:25:10.652184	0
cbfed90a29f54acfab64cdd31fc5a75c	0	0	0432c6269a404cbfb30a66324bd32999	0208e135971b447687d498f55e27c855	subtotal	subtotal	subtotal		N	N	\N	\N	\N	\N	Y	2022-10-20 18:25:28.178248	0	2022-10-20 18:25:45.967057	0
ede61455ed4b408c9e9ba31edf1f9166	0	0	0432c6269a404cbfb30a66324bd32999	0208e135971b447687d498f55e27c855	discount	discount	discount		N	N	\N	\N	\N	\N	Y	2022-10-20 18:25:28.178248	0	2022-10-20 18:25:50.676553	0
eec65035f0ce4f2db41985b3cd7c77cf	0	0	0432c6269a404cbfb30a66324bd32999	0208e135971b447687d498f55e27c855	linetotal	linetotal	linetotal		N	N	\N	\N	\N	\N	Y	2022-10-20 18:25:28.178248	0	2022-10-20 18:25:55.821866	0
2f1419de359b4bcc8c70f07eb6a10f0d	0	0	0432c6269a404cbfb30a66324bd32999	0208e135971b447687d498f55e27c855	linetax	linetax	linetax		N	N	\N	\N	\N	\N	Y	2022-10-20 18:25:28.178248	0	2022-10-20 18:26:02.596125	0
0f0df9a313604618912d7e4223714a9b	0	0	10bfe2376a8d4efe8e87eaf0f6b60a83	6ca4658fa4a54419a19a6ceafc4a61a3	number	number	number		N	N	\N	\N	\N	\N	Y	2022-10-21 17:31:30.781107	0	2022-10-21 17:31:30.781107	0
71b3cd88c8c841e786fee2e342a6a89d	0	0	10bfe2376a8d4efe8e87eaf0f6b60a83	6ca4658fa4a54419a19a6ceafc4a61a3	uuid	uuid	uuid		N	N	\N	\N	\N	\N	Y	2022-10-21 17:31:30.781107	0	2022-10-21 17:31:30.781107	0
96c2059225c14c55b0d02ae2f038d179	0	0	10bfe2376a8d4efe8e87eaf0f6b60a83	6ca4658fa4a54419a19a6ceafc4a61a3	xml	xml	xml		N	N	\N	\N	\N	\N	Y	2022-10-21 17:31:30.781107	0	2022-10-21 17:31:30.781107	0
8139a7af85dd479f8d9bc06315b9c5c4	0	0	cb7de80db72344b8a7f293193cf86f02	6ca4658fa4a54419a19a6ceafc4a61a3	default_value	Default Value	Default Value	\N	N	N	\N	\N	\N	\N	Y	2022-10-21 17:47:28.609209	0	2022-10-21 17:47:37.250672	0
2e5ad23dc2404140adf8984eda68d9fe	0	0	0432c6269a404cbfb30a66324bd32999	65af08108358407b84475b7a34160517	c_order_id	c_order_id	c_order_id		N	Y	c_order	c_order_id	documentno	\N	Y	2022-10-19 23:17:16.406347	0	2022-10-21 18:46:01.192276	0
24fd07c5a6db46299ba64f61e3f1559f	0	0	10bfe2376a8d4efe8e87eaf0f6b60a83	4ca39c91b4274555bc2d23b4a8a70da8	btn_complete	Complete	Desea completar el documento?	\N	N	N	\N	\N	\N	mdi-check-bold	Y	2022-10-22 17:31:25.127272	0	2022-10-22 17:50:47.322462	0
e99589cd25d7493885ff66ab119bf003	0	0	e73ff25199104a259d5b57eeab2772f3	c901428fd6564d5aa3be983e52721999	sql_where	Sql Where	Sql Where	\N	N	N	\N	\N	\N	\N	Y	2022-10-22 20:37:15.627852	0	2022-10-22 20:37:15.627852	0
555709af3be84c88914e87fa0189cc18	0	0	e73ff25199104a259d5b57eeab2772f3	c901428fd6564d5aa3be983e52721999	sql_orderby	Sql OrderBy	Sql OrderBy	\N	N	N	\N	\N	\N	\N	Y	2022-10-22 20:37:44.485974	0	2022-10-22 20:37:44.485974	0
a55eeb87816b4e16adf421778bd984dc	0	0	3627a5a46dcc47808210bd5eee963472	6ca4658fa4a54419a19a6ceafc4a61a3	fin_payment_schedule_id	fin_payment_schedule_id	fin_payment_schedule_id		Y	N	\N	\N	\N	\N	Y	2022-10-23 19:58:45.555091	0	2022-10-23 19:58:45.555091	0
d6464dddcaa24199a4a325b2c36e2f62	0	0	3627a5a46dcc47808210bd5eee963472	65af08108358407b84475b7a34160517	ad_org_id	ad_org_id	ad_org_id		N	Y	ad_org	ad_org_id	name	\N	Y	2022-10-23 19:58:45.555091	0	2022-10-23 19:58:45.555091	0
9a98fb4bfe044cc589133dd78198308d	0	0	3627a5a46dcc47808210bd5eee963472	65af08108358407b84475b7a34160517	ad_client_id	ad_client_id	ad_client_id		N	Y	ad_client	ad_client_id	name	\N	Y	2022-10-23 19:58:45.555091	0	2022-10-23 19:58:45.555091	0
0654c1240c54450bae9906dd2875ba46	0	0	3627a5a46dcc47808210bd5eee963472	65af08108358407b84475b7a34160517	fin_paymentmethod_id	fin_paymentmethod_id	fin_paymentmethod_id		N	Y	fin_paymentmethod	fin_paymentmethod_id	name	\N	Y	2022-10-23 19:58:45.555091	0	2022-10-23 19:58:45.555091	0
a47fa6eed02e4ff395fda7a33a7e7291	0	0	3627a5a46dcc47808210bd5eee963472	6e1c09a19f3845a1a4e8dc74026593d4	isactive	isactive	isactive		N	N	\N	\N	\N	\N	Y	2022-10-23 19:58:45.555091	0	2022-10-23 19:58:45.555091	0
552fd40d31f84668a357423d4db2d737	0	0	3627a5a46dcc47808210bd5eee963472	0208e135971b447687d498f55e27c855	amount	amount	amount		N	N	\N	\N	\N	\N	Y	2022-10-23 19:58:45.555091	0	2022-10-23 19:59:12.607219	0
5461406379f24a7c95ed2ede699de771	0	0	3627a5a46dcc47808210bd5eee963472	0208e135971b447687d498f55e27c855	outstanding	outstanding	outstanding		N	N	\N	\N	\N	\N	Y	2022-10-23 19:58:45.555091	0	2022-10-23 19:59:19.409709	0
5dfa6af5316540efbc23f8c7a3830cd9	0	0	3627a5a46dcc47808210bd5eee963472	65af08108358407b84475b7a34160517	c_order_id	c_order_id	c_order_id		N	Y	c_order	c_order_id	documentno	\N	Y	2022-10-23 19:58:45.555091	0	2022-10-23 20:03:57.498442	0
49c6346218294a739f8ec4718ed931c4	0	0	547da50a21fa4513abf75476e818ce68	7b5c0fd146584be2ba36295f30fd7b22	cashupdate	cashupdate	cashupdate		N	N	\N	\N	\N	\N	Y	2022-10-19 23:57:56.889155	0	2022-10-25 21:43:58.078407	0
14062508757c4f24b258fc7c70c0a74d	0	0	cb7de80db72344b8a7f293193cf86f02	6e1c09a19f3845a1a4e8dc74026593d4	visible_in_grid	Visible In Grid	Visible In Grid	\N	N	N	\N	\N	\N	\N	Y	2022-10-27 14:29:00.20436	0	2022-10-27 14:29:00.20436	0
91be193016f84eed857448b484b7be52	0	0	26ac0fbbd22e49c9b63c56235c02ee68	65af08108358407b84475b7a34160517	ad_org_id	ad_org_id	ad_org_id		N	Y	ad_org	ad_org_id	name	\N	Y	2022-11-01 16:42:26.855913	0	2022-11-01 16:42:26.855913	0
67bffc779f544486941e86bda3016ac0	0	0	26ac0fbbd22e49c9b63c56235c02ee68	65af08108358407b84475b7a34160517	ad_client_id	ad_client_id	ad_client_id		N	Y	ad_client	ad_client_id	name	\N	Y	2022-11-01 16:42:26.855913	0	2022-11-01 16:42:26.855913	0
6ea77d5622fc458e9614399467eb8aac	0	0	26ac0fbbd22e49c9b63c56235c02ee68	65af08108358407b84475b7a34160517	c_location_id	c_location_id	c_location_id		N	Y	c_location	c_location_id	name	\N	Y	2022-11-01 16:42:26.855913	0	2022-11-01 16:42:26.855913	0
09d75e22b10f4a079222ce7d13b22170	0	0	26ac0fbbd22e49c9b63c56235c02ee68	6e1c09a19f3845a1a4e8dc74026593d4	isactive	isactive	isactive		N	N	\N	\N	\N	\N	Y	2022-11-01 16:42:26.855913	0	2022-11-01 16:42:26.855913	0
7d7f4cb48b244b338d0561ed908b1415	0	0	26ac0fbbd22e49c9b63c56235c02ee68	6ca4658fa4a54419a19a6ceafc4a61a3	value	value	value		N	N	\N	\N	\N	\N	Y	2022-11-01 16:42:26.855913	0	2022-11-01 16:42:26.855913	0
1b9390861944479aa3b508bcf1624cca	0	0	26ac0fbbd22e49c9b63c56235c02ee68	6ca4658fa4a54419a19a6ceafc4a61a3	name	name	name		N	N	\N	\N	\N	\N	Y	2022-11-01 16:42:26.855913	0	2022-11-01 16:42:26.855913	0
e0a618210ec74e99aa11ce8b623d5fde	0	0	00425a74a9c1459dbdff7aafe138bf30	6ca4658fa4a54419a19a6ceafc4a61a3	c_location_id	c_location_id	c_location_id		Y	N	\N	\N	\N	\N	Y	2022-11-01 16:48:11.476508	0	2022-11-01 16:48:11.476508	0
f4dabecfad174ba4ac8d821cb21970a1	0	0	00425a74a9c1459dbdff7aafe138bf30	65af08108358407b84475b7a34160517	ad_org_id	ad_org_id	ad_org_id		N	Y	ad_org	ad_org_id	name	\N	Y	2022-11-01 16:48:11.476508	0	2022-11-01 16:48:11.476508	0
df6373aec189402eb2782df53db9805d	0	0	00425a74a9c1459dbdff7aafe138bf30	65af08108358407b84475b7a34160517	ad_client_id	ad_client_id	ad_client_id		N	Y	ad_client	ad_client_id	name	\N	Y	2022-11-01 16:48:11.476508	0	2022-11-01 16:48:11.476508	0
fe774090166c4ed0be68f023c65b450a	0	0	00425a74a9c1459dbdff7aafe138bf30	6e1c09a19f3845a1a4e8dc74026593d4	isactive	isactive	isactive		N	N	\N	\N	\N	\N	Y	2022-11-01 16:48:11.476508	0	2022-11-01 16:48:11.476508	0
34ee19ae1d364dd69f5e92aeeaf9c5d1	0	0	00425a74a9c1459dbdff7aafe138bf30	6ca4658fa4a54419a19a6ceafc4a61a3	value	value	value		N	N	\N	\N	\N	\N	Y	2022-11-01 16:48:11.476508	0	2022-11-01 16:48:11.476508	0
4056680e2a784eada9b71f45ea603df7	0	0	00425a74a9c1459dbdff7aafe138bf30	6ca4658fa4a54419a19a6ceafc4a61a3	name	name	name		N	N	\N	\N	\N	\N	Y	2022-11-01 16:48:11.476508	0	2022-11-01 16:48:11.476508	0
5ed7ad5aa99140d8982d953a30088336	0	0	93aa31ae53c74d4fbcef5bd7cb96d6e0	6ca4658fa4a54419a19a6ceafc4a61a3	m_inventorytype_id	m_inventorytype_id	m_inventorytype_id		Y	N	\N	\N	\N	\N	Y	2022-11-01 16:57:26.831739	0	2022-11-01 16:57:26.831739	0
47dbadd579a5421cb48903121a055ce5	0	0	93aa31ae53c74d4fbcef5bd7cb96d6e0	65af08108358407b84475b7a34160517	ad_org_id	ad_org_id	ad_org_id		N	Y	ad_org	ad_org_id	name	\N	Y	2022-11-01 16:57:26.831739	0	2022-11-01 16:57:26.831739	0
fbb6d18366c543d3b1b84785633b0e4b	0	0	93aa31ae53c74d4fbcef5bd7cb96d6e0	65af08108358407b84475b7a34160517	ad_client_id	ad_client_id	ad_client_id		N	Y	ad_client	ad_client_id	name	\N	Y	2022-11-01 16:57:26.831739	0	2022-11-01 16:57:26.831739	0
1374f968d2de4c6989c1c4c8785c098f	0	0	93aa31ae53c74d4fbcef5bd7cb96d6e0	6e1c09a19f3845a1a4e8dc74026593d4	isactive	isactive	isactive		N	N	\N	\N	\N	\N	Y	2022-11-01 16:57:26.831739	0	2022-11-01 16:57:26.831739	0
5ee6227ca45c473c9a916aed0a0ac8d5	0	0	93aa31ae53c74d4fbcef5bd7cb96d6e0	6ca4658fa4a54419a19a6ceafc4a61a3	value	value	value		N	N	\N	\N	\N	\N	Y	2022-11-01 16:57:26.831739	0	2022-11-01 16:57:26.831739	0
a72f1b71ee6447ce873e2b8d6eefb28d	0	0	93aa31ae53c74d4fbcef5bd7cb96d6e0	6ca4658fa4a54419a19a6ceafc4a61a3	name	name	name		N	N	\N	\N	\N	\N	Y	2022-11-01 16:57:26.831739	0	2022-11-01 16:57:26.831739	0
f695e1ffa3e745e0ac3c2103a9f0f03e	0	0	c0e904b2f879413cabcf57261df03fc3	6ca4658fa4a54419a19a6ceafc4a61a3	m_movement_id	m_movement_id	m_movement_id		Y	N	\N	\N	\N	\N	Y	2022-11-03 15:21:55.935131	0	2022-11-03 15:21:55.935131	0
ee613754fb8a46d5bf773008095c641b	0	0	c0e904b2f879413cabcf57261df03fc3	65af08108358407b84475b7a34160517	ad_org_id	ad_org_id	ad_org_id		N	Y	ad_org	ad_org_id	name	\N	Y	2022-11-03 15:21:55.935131	0	2022-11-03 15:21:55.935131	0
58a9fc26794249be879ba8489bd4642d	0	0	c0e904b2f879413cabcf57261df03fc3	65af08108358407b84475b7a34160517	ad_client_id	ad_client_id	ad_client_id		N	Y	ad_client	ad_client_id	name	\N	Y	2022-11-03 15:21:55.935131	0	2022-11-03 15:21:55.935131	0
1c1adb126a0c4d9dafc2036c21383279	0	0	c0e904b2f879413cabcf57261df03fc3	65af08108358407b84475b7a34160517	m_movementtype_id	m_movementtype_id	m_movementtype_id		N	Y	m_movementtype	m_movementtype_id	name	\N	Y	2022-11-03 15:21:55.935131	0	2022-11-03 15:21:55.935131	0
ebeeee24ae7a4900afdc3bea4289ec36	0	0	c0e904b2f879413cabcf57261df03fc3	65af08108358407b84475b7a34160517	c_location_id	c_location_id	c_location_id		N	Y	c_location	c_location_id	name	\N	Y	2022-11-03 15:21:55.935131	0	2022-11-03 15:21:55.935131	0
9d137349dcdc47fc978ec52d6121e555	0	0	c0e904b2f879413cabcf57261df03fc3	6e1c09a19f3845a1a4e8dc74026593d4	isactive	isactive	isactive		N	N	\N	\N	\N	\N	Y	2022-11-03 15:21:55.935131	0	2022-11-03 15:21:55.935131	0
8bbeab8f1707490a90c5d5fb8c6bae88	0	0	c0e904b2f879413cabcf57261df03fc3	6ca4658fa4a54419a19a6ceafc4a61a3	movementdate	movementdate	movementdate		N	N	\N	\N	\N	\N	Y	2022-11-03 15:21:55.935131	0	2022-11-03 15:21:55.935131	0
a61431ba54764241b7ae50e5047100a7	0	0	c0e904b2f879413cabcf57261df03fc3	6ca4658fa4a54419a19a6ceafc4a61a3	documentno	documentno	documentno		N	N	\N	\N	\N	\N	Y	2022-11-03 15:21:55.935131	0	2022-11-03 15:21:55.935131	0
95b44c387e7c4b7bb0c0e01fe9e78479	0	0	c0e904b2f879413cabcf57261df03fc3	6ca4658fa4a54419a19a6ceafc4a61a3	series	series	series		N	N	\N	\N	\N	\N	Y	2022-11-03 15:21:55.935131	0	2022-11-03 15:21:55.935131	0
81dbb35891014d9ab3e077d150d5f45d	0	0	c0e904b2f879413cabcf57261df03fc3	6ca4658fa4a54419a19a6ceafc4a61a3	comment	comment	comment		N	N	\N	\N	\N	\N	Y	2022-11-03 15:21:55.935131	0	2022-11-03 15:21:55.935131	0
e6ed1ced02a84506a018c2ee1b492785	0	0	08e507a8ede54143bfbce401de402009	6ca4658fa4a54419a19a6ceafc4a61a3	m_movementline_id	m_movementline_id	m_movementline_id		Y	N	\N	\N	\N	\N	Y	2022-11-03 15:22:29.515404	0	2022-11-03 15:22:29.515404	0
3cf331ac562144b59d71bb04e51391bd	0	0	08e507a8ede54143bfbce401de402009	65af08108358407b84475b7a34160517	m_movement_id	m_movement_id	m_movement_id		N	Y	m_movement	m_movement_id	name	\N	Y	2022-11-03 15:22:29.515404	0	2022-11-03 15:22:29.515404	0
0cd748f03f9343b9aac3fb8a485c6eb6	0	0	08e507a8ede54143bfbce401de402009	65af08108358407b84475b7a34160517	ad_org_id	ad_org_id	ad_org_id		N	Y	ad_org	ad_org_id	name	\N	Y	2022-11-03 15:22:29.515404	0	2022-11-03 15:22:29.515404	0
8ccf65c806c347bd8d6bab984e3b6ee2	0	0	08e507a8ede54143bfbce401de402009	65af08108358407b84475b7a34160517	ad_client_id	ad_client_id	ad_client_id		N	Y	ad_client	ad_client_id	name	\N	Y	2022-11-03 15:22:29.515404	0	2022-11-03 15:22:29.515404	0
acac4a77b4614e739e902c73f62b80de	0	0	08e507a8ede54143bfbce401de402009	65af08108358407b84475b7a34160517	m_product_id	m_product_id	m_product_id		N	Y	m_product	m_product_id	name	\N	Y	2022-11-03 15:22:29.515404	0	2022-11-03 15:22:29.515404	0
6fe922ed8029476da1c14a07c57a5300	0	0	08e507a8ede54143bfbce401de402009	65af08108358407b84475b7a34160517	c_location_id	c_location_id	c_location_id		N	Y	c_location	c_location_id	name	\N	Y	2022-11-03 15:22:29.515404	0	2022-11-03 15:22:29.515404	0
94355877a2d84eecb37ace424df3c7e7	0	0	08e507a8ede54143bfbce401de402009	65af08108358407b84475b7a34160517	c_locationto	c_locationto	c_locationto		N	Y	c_location	c_location_id	name	\N	Y	2022-11-03 15:22:29.515404	0	2022-11-03 15:22:29.515404	0
cda7030e1a33418fa5a34ce99787924d	0	0	08e507a8ede54143bfbce401de402009	65af08108358407b84475b7a34160517	c_uom_id	c_uom_id	c_uom_id		N	Y	c_uom	c_uom_id	name	\N	Y	2022-11-03 15:22:29.515404	0	2022-11-03 15:22:29.515404	0
07063e35db384160a568a2f80128c111	0	0	08e507a8ede54143bfbce401de402009	6e1c09a19f3845a1a4e8dc74026593d4	isactive	isactive	isactive		N	N	\N	\N	\N	\N	Y	2022-11-03 15:22:29.515404	0	2022-11-03 15:22:29.515404	0
d42d0488cd654698901310d85df12996	0	0	08e507a8ede54143bfbce401de402009	6ca4658fa4a54419a19a6ceafc4a61a3	qty	qty	qty		N	N	\N	\N	\N	\N	Y	2022-11-03 15:22:29.515404	0	2022-11-03 15:22:29.515404	0
bf13c302fecd4ca096942ba93c401a4c	0	0	08e507a8ede54143bfbce401de402009	6ca4658fa4a54419a19a6ceafc4a61a3	cost	cost	cost		N	N	\N	\N	\N	\N	Y	2022-11-03 15:22:29.515404	0	2022-11-03 15:22:29.515404	0
3524fc193cb940cda92a53a796488e3c	0	0	08e507a8ede54143bfbce401de402009	6ca4658fa4a54419a19a6ceafc4a61a3	price	price	price		N	N	\N	\N	\N	\N	Y	2022-11-03 15:22:29.515404	0	2022-11-03 15:22:29.515404	0
07de1f2862eb4d848574ef326a3af1a7	0	0	c13b62230a46470f945d3e0b43035515	6ca4658fa4a54419a19a6ceafc4a61a3	m_inventory_id	m_inventory_id	m_inventory_id		Y	N	\N	\N	\N	\N	Y	2022-11-03 16:36:15.33845	0	2022-11-03 16:36:15.33845	0
2a0df33aeeb7493d8d72ba2f1725b413	0	0	c13b62230a46470f945d3e0b43035515	65af08108358407b84475b7a34160517	ad_org_id	ad_org_id	ad_org_id		N	Y	ad_org	ad_org_id	name	\N	Y	2022-11-03 16:36:15.33845	0	2022-11-03 16:36:15.33845	0
75256767be9648bc94153659d3549469	0	0	c13b62230a46470f945d3e0b43035515	65af08108358407b84475b7a34160517	ad_client_id	ad_client_id	ad_client_id		N	Y	ad_client	ad_client_id	name	\N	Y	2022-11-03 16:36:15.33845	0	2022-11-03 16:36:15.33845	0
c72ddc0e7f0e4a64a8a10a99ee68580c	0	0	c13b62230a46470f945d3e0b43035515	65af08108358407b84475b7a34160517	m_warehouse_id	m_warehouse_id	m_warehouse_id		N	Y	m_warehouse	m_warehouse_id	name	\N	Y	2022-11-03 16:36:15.33845	0	2022-11-03 16:36:15.33845	0
749039748198495aa3683d4215e84fd8	0	0	c13b62230a46470f945d3e0b43035515	6e1c09a19f3845a1a4e8dc74026593d4	isactive	isactive	isactive		N	N	\N	\N	\N	\N	Y	2022-11-03 16:36:15.33845	0	2022-11-03 16:36:15.33845	0
a01ac4eaa3254a59a70718200c436c04	0	0	c13b62230a46470f945d3e0b43035515	6ca4658fa4a54419a19a6ceafc4a61a3	documentno	documentno	documentno		N	N	\N	\N	\N	\N	Y	2022-11-03 16:36:15.33845	0	2022-11-03 16:36:15.33845	0
b43902898f8a4bb383bb9880f0483e4f	0	0	c13b62230a46470f945d3e0b43035515	6ca4658fa4a54419a19a6ceafc4a61a3	number	number	number		N	N	\N	\N	\N	\N	Y	2022-11-03 16:36:15.33845	0	2022-11-03 16:36:15.33845	0
73ef34f19ad347bab32104fd8f8104aa	0	0	c13b62230a46470f945d3e0b43035515	6ca4658fa4a54419a19a6ceafc4a61a3	series	series	series		N	N	\N	\N	\N	\N	Y	2022-11-03 16:36:15.33845	0	2022-11-03 16:36:15.33845	0
15c840bea9994ec8a792c10d5f4817fe	0	0	c13b62230a46470f945d3e0b43035515	6ca4658fa4a54419a19a6ceafc4a61a3	comment	comment	comment		N	N	\N	\N	\N	\N	Y	2022-11-03 16:36:15.33845	0	2022-11-03 16:36:15.33845	0
d378e543dcdc42018c2bcad1dd586650	0	0	c13b62230a46470f945d3e0b43035515	6e1c09a19f3845a1a4e8dc74026593d4	iscomplete	iscomplete	iscomplete		N	N	\N	\N	\N	\N	Y	2022-11-03 16:36:15.33845	0	2022-11-03 16:36:15.33845	0
a1f5e81bdc0644a6b91bd9351b627967	0	0	c13b62230a46470f945d3e0b43035515	6ca4658fa4a54419a19a6ceafc4a61a3	reference	reference	reference		N	N	\N	\N	\N	\N	Y	2022-11-03 16:36:15.33845	0	2022-11-03 16:36:15.33845	0
54418cd3e4f44d87972a210322d89cc8	0	0	c13b62230a46470f945d3e0b43035515	7b5c0fd146584be2ba36295f30fd7b22	movementdate	movementdate	movementdate		N	N	\N	\N	\N	\N	Y	2022-11-03 16:36:15.33845	0	2022-11-03 16:36:39.518991	0
55483e349891445ba8d81b23e6cb28d9	0	0	d74c1180285b489282a4f235b54d825c	65af08108358407b84475b7a34160517	ad_client_id	ad_client_id	ad_client_id		N	Y	ad_client	ad_client_id	name	\N	Y	2022-11-03 17:35:16.605192	0	2022-11-03 17:35:16.605192	0
1c9a4f37084c4675aa54501b3ea126ef	0	0	d74c1180285b489282a4f235b54d825c	65af08108358407b84475b7a34160517	ad_org_id	ad_org_id	ad_org_id		N	Y	ad_org	ad_org_id	name	\N	Y	2022-11-03 17:35:16.605192	0	2022-11-03 17:35:16.605192	0
7cb02cced9e44e6c84a0102194b89fa3	0	0	d74c1180285b489282a4f235b54d825c	65af08108358407b84475b7a34160517	m_product_id	m_product_id	m_product_id		N	Y	m_product	m_product_id	name	\N	Y	2022-11-03 17:35:16.605192	0	2022-11-03 17:35:16.605192	0
3c67376c272743fc9e2509a512ded0bd	0	0	d74c1180285b489282a4f235b54d825c	65af08108358407b84475b7a34160517	c_uom_id	c_uom_id	c_uom_id		N	Y	c_uom	c_uom_id	name	\N	Y	2022-11-03 17:35:16.605192	0	2022-11-03 17:35:16.605192	0
9800b3946535443398bda3e1c37a9ab8	0	0	d74c1180285b489282a4f235b54d825c	65af08108358407b84475b7a34160517	c_location_id	c_location_id	c_location_id		N	Y	c_location	c_location_id	name	\N	Y	2022-11-03 17:35:16.605192	0	2022-11-03 17:35:16.605192	0
6293937202344b7f9e50644adc2634c6	0	0	d74c1180285b489282a4f235b54d825c	6ca4658fa4a54419a19a6ceafc4a61a3	m_inventoryline_id	m_inventoryline_id	m_inventoryline_id		N	N	\N	\N	\N	\N	Y	2022-11-03 17:35:16.605192	0	2022-11-03 17:35:16.605192	0
8052ad9ce4cd497ea008edbdc93e2c22	0	0	d74c1180285b489282a4f235b54d825c	6ca4658fa4a54419a19a6ceafc4a61a3	price	price	price		N	N	\N	\N	\N	\N	Y	2022-11-03 17:35:16.605192	0	2022-11-03 17:35:16.605192	0
e609a41df1fe41fc87fba08cc2bb5ba2	0	0	d74c1180285b489282a4f235b54d825c	6ca4658fa4a54419a19a6ceafc4a61a3	reference	reference	reference		N	N	\N	\N	\N	\N	Y	2022-11-03 17:35:16.605192	0	2022-11-03 17:35:16.605192	0
895f720232654b4e85c45d325d002e44	0	0	d74c1180285b489282a4f235b54d825c	6ca4658fa4a54419a19a6ceafc4a61a3	cost	cost	cost		N	N	\N	\N	\N	\N	Y	2022-11-03 17:35:16.605192	0	2022-11-03 17:35:16.605192	0
7a1268d67f8d4981a4b889aa2362d943	0	0	d74c1180285b489282a4f235b54d825c	6ca4658fa4a54419a19a6ceafc4a61a3	qty	qty	qty		N	N	\N	\N	\N	\N	Y	2022-11-03 17:35:16.605192	0	2022-11-03 17:35:16.605192	0
333e017448504fe69a28aed7136d5416	0	0	d74c1180285b489282a4f235b54d825c	6e1c09a19f3845a1a4e8dc74026593d4	isactive	isactive	isactive		N	N	\N	\N	\N	\N	Y	2022-11-03 17:35:16.605192	0	2022-11-03 17:35:16.605192	0
f5434d47b93a47f3a9931c74a81d7357	0	0	c13b62230a46470f945d3e0b43035515	4ca39c91b4274555bc2d23b4a8a70da8	btn_complete	btn_complete	Desea completar el inventario?		N	N	\N	\N	\N	mdi-check-bold	Y	2022-11-03 16:36:15.33845	0	2022-11-03 22:32:43.535215	0
397b10354722404196a39afc4e42499f	0	0	63d0410f65a6426eb069285bc47eecea	0208e135971b447687d498f55e27c855	position	position	position		N	N	\N	\N	\N	\N	Y	2022-11-03 22:55:03.601493	0	2022-11-03 22:55:03.601493	0
5d4d37feedc449dfa2b3a826ce7b00d1	0	0	d74c1180285b489282a4f235b54d825c	65af08108358407b84475b7a34160517	c_locationto	c_locationto	c_locationto		N	Y	c_location	c_location_id	name	\N	Y	2022-11-03 17:35:16.605192	0	2022-11-04 14:26:24.511746	0
e24a57c4ec324a10a99f0f30963ca677	0	0	d74c1180285b489282a4f235b54d825c	65af08108358407b84475b7a34160517	m_inventory_id	m_inventory_id	m_inventory_id		N	Y	m_inventory	m_inventory_id	documentno	\N	Y	2022-11-03 17:35:16.605192	0	2022-11-04 18:11:29.007146	0
59dd220dd87d4f92a27e2d31a404789e	0	0	6961951e740542b2a70c82bfc36ead5a	65af08108358407b84475b7a34160517	ad_client_id	ad_client_id	ad_client_id		N	Y	ad_client	ad_client_id	name	\N	Y	2022-11-04 23:49:47.978537	0	2022-11-04 23:49:47.978537	0
5224d7da9ceb4fc5a355ba04188b3733	0	0	6961951e740542b2a70c82bfc36ead5a	65af08108358407b84475b7a34160517	ad_org_id	ad_org_id	ad_org_id		N	Y	ad_org	ad_org_id	name	\N	Y	2022-11-04 23:49:47.978537	0	2022-11-04 23:49:47.978537	0
c1c78ebb121b42d59e0d21a9533f2b95	0	0	6961951e740542b2a70c82bfc36ead5a	65af08108358407b84475b7a34160517	m_warehouse_id	m_warehouse_id	m_warehouse_id		N	Y	m_warehouse	m_warehouse_id	name	\N	Y	2022-11-04 23:49:47.978537	0	2022-11-04 23:49:47.978537	0
fae90f8c19494368af31b9337a1f243b	0	0	6961951e740542b2a70c82bfc36ead5a	65af08108358407b84475b7a34160517	m_product_id	m_product_id	m_product_id		N	Y	m_product	m_product_id	name	\N	Y	2022-11-04 23:49:47.978537	0	2022-11-04 23:49:47.978537	0
841e0aecfb3b42108946449b3cdadfc4	0	0	6961951e740542b2a70c82bfc36ead5a	0208e135971b447687d498f55e27c855	qty	qty	qty		N	N	\N	\N	\N	\N	Y	2022-11-04 23:49:47.978537	0	2022-11-04 23:49:47.978537	0
be7052b5d80947e6b1e9b587b25f14c7	0	0	6961951e740542b2a70c82bfc36ead5a	6ca4658fa4a54419a19a6ceafc4a61a3	m_warehouse_stock_id	m_warehouse_stock_id	m_warehouse_stock_id		N	N	\N	\N	\N	\N	Y	2022-11-04 23:49:47.978537	0	2022-11-04 23:49:47.978537	0
cd98006b66644d74af86f2b94b6c8945	0	0	6961951e740542b2a70c82bfc36ead5a	6e1c09a19f3845a1a4e8dc74026593d4	isactive	isactive	isactive		N	N	\N	\N	\N	\N	Y	2022-11-04 23:49:47.978537	0	2022-11-04 23:49:47.978537	0
1f7c3ca28eda422db1afe860dfc3b10b	0	0	3e57d42df0014eed8a5c234883b20192	65af08108358407b84475b7a34160517	fin_cashup_id	fin_cashup_id	fin_cashup_id		N	Y	fin_cashup	fin_cashup_id	documentno	\N	Y	2022-10-19 23:57:56.889155	0	2022-11-05 01:41:48.855028	0
82eb9a6e835c4f11bb5bbfd7352bdcd4	0	0	72f13477164e4aaba54fe0d1f79f1fca	65af08108358407b84475b7a34160517	ad_client_id	ad_client_id	ad_client_id		N	Y	ad_client	ad_client_id	name	\N	Y	2022-11-07 18:20:09.637897	0	2022-11-07 18:20:09.637897	0
ec6690d3ad5e4797af98ccbdb45a51f8	0	0	72f13477164e4aaba54fe0d1f79f1fca	65af08108358407b84475b7a34160517	ad_org_id	ad_org_id	ad_org_id		N	Y	ad_org	ad_org_id	name	\N	Y	2022-11-07 18:20:09.637897	0	2022-11-07 18:20:09.637897	0
234805641bb74e73a29d37d94679b730	0	0	72f13477164e4aaba54fe0d1f79f1fca	6ca4658fa4a54419a19a6ceafc4a61a3	ad_windowtype_id	ad_windowtype_id	ad_windowtype_id		N	N	\N	\N	\N	\N	Y	2022-11-07 18:20:09.637897	0	2022-11-07 18:20:09.637897	0
d9ffca7d27cc4d96bd44b9edb873bf6e	0	0	72f13477164e4aaba54fe0d1f79f1fca	6ca4658fa4a54419a19a6ceafc4a61a3	name	name	name		N	N	\N	\N	\N	\N	Y	2022-11-07 18:20:09.637897	0	2022-11-07 18:20:09.637897	0
a10d6e8d949d409ca8da403c5a4cf8b8	0	0	72f13477164e4aaba54fe0d1f79f1fca	6ca4658fa4a54419a19a6ceafc4a61a3	value	value	value		N	N	\N	\N	\N	\N	Y	2022-11-07 18:20:09.637897	0	2022-11-07 18:20:09.637897	0
18f3ea253c2d4a1bb3e48786fbfb4125	0	0	72f13477164e4aaba54fe0d1f79f1fca	6e1c09a19f3845a1a4e8dc74026593d4	isactive	isactive	isactive		N	N	\N	\N	\N	\N	Y	2022-11-07 18:20:09.637897	0	2022-11-07 18:20:09.637897	0
029aec55e36c4edca8bd6e6be329bd32	0	0	9ce79f7c82af48f28a2acf93154a4ee6	65af08108358407b84475b7a34160517	ad_windowtype_id	Window Type	Window Type		N	Y	ad_windowtype	ad_windowtype_id	name	\N	Y	2022-11-07 18:24:14.889234	0	2022-11-07 18:25:10.866091	0
053d508ff9084967b5705dc0e4d36052	0	0	cb7de80db72344b8a7f293193cf86f02	65af08108358407b84475b7a34160517	ad_datatype_id	Data Type	Data Type		N	Y	ad_datatype	ad_datatype_id	name	\N	Y	2022-11-08 19:24:21.866022	0	2022-11-08 19:24:50.700905	0
e2ec0e16128d4e379be1475e608aa174	0	0	c13b62230a46470f945d3e0b43035515	65af08108358407b84475b7a34160517	m_inventorytype_id	m_inventorytype_id	m_inventorytype_id		N	Y	m_inventorytype	m_inventorytype_id	name	\N	Y	2022-11-03 16:36:15.33845	0	2022-11-09 14:49:10.851571	0
70d79b79a6484dd4bb36d7d9395fa7a9	0	0	26ac0fbbd22e49c9b63c56235c02ee68	6ca4658fa4a54419a19a6ceafc4a61a3	m_warehouse_id	WarehouseId	WarehouseId		Y	N	\N	\N	\N	\N	Y	2022-11-01 16:42:26.855913	0	2022-11-11 14:51:19.294291	0
\.


--
-- Data for Name: ad_datatype; Type: TABLE DATA; Schema: public; Owner: admin
--

COPY public.ad_datatype (ad_datatype_id, ad_client_id, ad_org_id, value, name, description, isactive, created, createdby, updated, updatedby) FROM stdin;
6ca4658fa4a54419a19a6ceafc4a61a3	0	0	TEXT	TEXT	TEXT	Y	2022-09-05 18:56:06.726323	0	2022-09-05 18:56:06.726323	0
0208e135971b447687d498f55e27c855	0	0	NUMBER	NUMBER	NUMBER	Y	2022-09-05 18:56:06.726323	0	2022-09-05 18:56:06.726323	0
65af08108358407b84475b7a34160517	0	0	SELECT	SELECT	SELECT	Y	2022-09-05 18:56:06.726323	0	2022-09-05 18:56:06.726323	0
6e1c09a19f3845a1a4e8dc74026593d4	0	0	YESNO	YESNO	YESNO	Y	2022-09-05 18:56:06.726323	0	2022-09-05 18:56:06.726323	0
0114227c0c6f433292a9905c37c2a0a9	0	0	PASSWORD	PASSWORD	PASSWORD	Y	2022-09-05 18:56:06.726323	0	2022-09-05 18:56:06.726323	0
e9180f03ae21436e9e5c12ceedf6bab9	0	0	EMAIL	EMAIL	EMAIL	Y	2022-09-05 18:56:06.726323	0	2022-09-05 18:56:06.726323	0
7b5c0fd146584be2ba36295f30fd7b22	0	0	DATE	DATE	DATE	Y	2022-09-05 18:56:06.726323	0	2022-09-05 18:56:06.726323	0
d603b69583654de58d67ae6f611b5eb7	0	0	IMAGE	IMAGE	IMAGE	Y	2022-09-05 18:56:06.726323	0	2022-09-05 18:56:06.726323	0
4ca39c91b4274555bc2d23b4a8a70da8	0	0	BUTTON	BUTTON	BUTTON	Y	2022-09-05 18:56:06.726323	0	2022-09-05 18:56:06.726323	0
c901428fd6564d5aa3be983e52721999	0	0	MEMO	MEMO	MEMO	Y	2022-09-05 18:56:06.726323	0	2022-09-05 18:56:06.726323	0
\.


--
-- Data for Name: ad_field; Type: TABLE DATA; Schema: public; Owner: admin
--

COPY public.ad_field (ad_field_id, ad_client_id, ad_org_id, ad_column_id, ad_field_group_id, ad_tab_id, value, name, description, "position", isactive, display_logic, readonly_logic, created, createdby, updated, updatedby, default_value, visible_in_grid, ad_datatype_id) FROM stdin;
9030a7a2bc954857a9ff53c1a9930456	0	0	9030a7a2bc954857a9ff53c1a9930456	8b2245b92dec456dae02f9157e9ffdbe	4b9dcfdf4e06409fbf9fa4fe508cb102	ad_user_id	ID	ID user	10	Y			2022-09-05 18:56:06.726323	0	2022-09-05 18:56:06.726323	0	\N	Y	\N
ce1d6e1d88d5496eaf134177bc0d20be	0	0	ce1d6e1d88d5496eaf134177bc0d20be	8b2245b92dec456dae02f9157e9ffdbe	4b9dcfdf4e06409fbf9fa4fe508cb102	ad_client_id	ID client	ID client	20	Y			2022-09-05 18:56:06.726323	0	2022-09-05 18:56:06.726323	0	\N	Y	\N
5b334f13e11140aaaab97a02a4bb33ee	0	0	5b334f13e11140aaaab97a02a4bb33ee	8b2245b92dec456dae02f9157e9ffdbe	4b9dcfdf4e06409fbf9fa4fe508cb102	name	Name	Name	50	Y			2022-09-05 18:56:06.726323	0	2022-09-05 18:56:06.726323	0	\N	Y	\N
89ceccb1dd1c48119028c68575f39bc2	0	0	89ceccb1dd1c48119028c68575f39bc2	8b2245b92dec456dae02f9157e9ffdbe	4b9dcfdf4e06409fbf9fa4fe508cb102	password	Password	Password	60	Y			2022-09-05 18:56:06.726323	0	2022-09-05 18:56:06.726323	0	\N	Y	\N
4d4622cf978f48058c2cddf14a75ec6e	0	0	4d4622cf978f48058c2cddf14a75ec6e	8b2245b92dec456dae02f9157e9ffdbe	4b9dcfdf4e06409fbf9fa4fe508cb102	isactive	IsActive	IsActive	70	Y			2022-09-05 18:56:06.726323	0	2022-09-05 18:56:06.726323	0	\N	Y	\N
eeb932fd0705426bb0112a5bedc198c3	0	0	eeb932fd0705426bb0112a5bedc198c3	8b2245b92dec456dae02f9157e9ffdbe	4b9dcfdf4e06409fbf9fa4fe508cb102	email	Email	Email	80	Y			2022-09-05 18:56:06.726323	0	2022-09-05 18:56:06.726323	0	\N	Y	\N
a6c1fa0226824fb6a6835061eba1cd5e	0	0	a6c1fa0226824fb6a6835061eba1cd5e	8b2245b92dec456dae02f9157e9ffdbe	4b9dcfdf4e06409fbf9fa4fe508cb102	first_name	First Name	First Name	90	Y			2022-09-05 18:56:06.726323	0	2022-09-05 18:56:06.726323	0	\N	Y	\N
5a3fc827419241bda155f08c53b7cb9a	0	0	5a3fc827419241bda155f08c53b7cb9a	8b2245b92dec456dae02f9157e9ffdbe	4b9dcfdf4e06409fbf9fa4fe508cb102	last_name	Last Name	Last Name	100	Y			2022-09-05 18:56:06.726323	0	2022-09-05 18:56:06.726323	0	\N	Y	\N
ec7d00cf893947a2b05a73e3b0899783	0	0	ec7d00cf893947a2b05a73e3b0899783	8b2245b92dec456dae02f9157e9ffdbe	4b9dcfdf4e06409fbf9fa4fe508cb102	phone_number	Phone Number	Phone Number	110	Y			2022-09-05 18:56:06.726323	0	2022-09-05 18:56:06.726323	0	\N	Y	\N
27487535ca9f4b50952ab967b333f43c	0	0	27487535ca9f4b50952ab967b333f43c	8b2245b92dec456dae02f9157e9ffdbe	4b9dcfdf4e06409fbf9fa4fe508cb102	image	Image	Image	130	Y			2022-09-05 18:56:06.726323	0	2022-09-05 18:56:06.726323	0	\N	Y	\N
08f9d062cbc94522b8dcfb86cd750da7	0	0	08f9d062cbc94522b8dcfb86cd750da7	8b2245b92dec456dae02f9157e9ffdbe	4b9dcfdf4e06409fbf9fa4fe508cb102	device	Device	Device	140	Y			2022-09-05 18:56:06.726323	0	2022-09-05 18:56:06.726323	0	\N	Y	\N
82d4f53cedc34ecfb8010ae7b9bdd467	0	0	82d4f53cedc34ecfb8010ae7b9bdd467	8b2245b92dec456dae02f9157e9ffdbe	4b9dcfdf4e06409fbf9fa4fe508cb102	device_model	Device Model	Device Model	150	Y			2022-09-05 18:56:06.726323	0	2022-09-05 18:56:06.726323	0	\N	Y	\N
53e23c63e6504dd499015e64668c0c6c	0	0	53e23c63e6504dd499015e64668c0c6c	8b2245b92dec456dae02f9157e9ffdbe	4b9dcfdf4e06409fbf9fa4fe508cb102	so	SO	SO	160	Y			2022-09-05 18:56:06.726323	0	2022-09-05 18:56:06.726323	0	\N	Y	\N
7249b198877441f5a9ab3f4836497b8c	0	0	7249b198877441f5a9ab3f4836497b8c	8b2245b92dec456dae02f9157e9ffdbe	4b9dcfdf4e06409fbf9fa4fe508cb102	so_version	SO Version	SO Version	170	Y			2022-09-05 18:56:06.726323	0	2022-09-05 18:56:06.726323	0	\N	Y	\N
5eb2dcf0295849dfb31833f4d7019291	0	0	5eb2dcf0295849dfb31833f4d7019291	8b2245b92dec456dae02f9157e9ffdbe	1e89db4bbf774b0b99b12637e5e84950	ad_table_id	ID	ID table	10	Y			2022-09-05 18:56:06.726323	0	2022-09-05 18:56:06.726323	0	\N	Y	\N
b2bf4ea961564459a836fadb46ed695a	0	0	b2bf4ea961564459a836fadb46ed695a	8b2245b92dec456dae02f9157e9ffdbe	1e89db4bbf774b0b99b12637e5e84950	ad_client_id	ID client	ID client	20	Y			2022-09-05 18:56:06.726323	0	2022-09-05 18:56:06.726323	0	\N	Y	\N
65d93cc9069b4c9f9a062f980783a9c0	0	0	65d93cc9069b4c9f9a062f980783a9c0	8b2245b92dec456dae02f9157e9ffdbe	1e89db4bbf774b0b99b12637e5e84950	ad_org_id	ID org	ID org	30	Y			2022-09-05 18:56:06.726323	0	2022-09-05 18:56:06.726323	0	\N	Y	\N
29ec05a7d8d44b478856b2d117a84089	0	0	29ec05a7d8d44b478856b2d117a84089	8b2245b92dec456dae02f9157e9ffdbe	1e89db4bbf774b0b99b12637e5e84950	ad_package_id	ID package	ID package	30	Y			2022-09-05 18:56:06.726323	0	2022-09-05 18:56:06.726323	0	\N	Y	\N
0b81f6b2af28405190f84acc3e8052d3	0	0	0b81f6b2af28405190f84acc3e8052d3	8b2245b92dec456dae02f9157e9ffdbe	1e89db4bbf774b0b99b12637e5e84950	value	Code	Code	40	Y			2022-09-05 18:56:06.726323	0	2022-09-05 18:56:06.726323	0	\N	Y	\N
ba9008fdd0744c839d1a78e3350c6d46	0	0	ba9008fdd0744c839d1a78e3350c6d46	8b2245b92dec456dae02f9157e9ffdbe	1e89db4bbf774b0b99b12637e5e84950	name	Name	Name	50	Y			2022-09-05 18:56:06.726323	0	2022-09-05 18:56:06.726323	0	\N	Y	\N
15049153b02d44578ad88e46dc6c3d7a	0	0	15049153b02d44578ad88e46dc6c3d7a	8b2245b92dec456dae02f9157e9ffdbe	1e89db4bbf774b0b99b12637e5e84950	description	Description	Description	60	Y			2022-09-05 18:56:06.726323	0	2022-09-05 18:56:06.726323	0	\N	Y	\N
b68465b15cdc4bf9b12f1b5223863c77	0	0	b68465b15cdc4bf9b12f1b5223863c77	8b2245b92dec456dae02f9157e9ffdbe	1e89db4bbf774b0b99b12637e5e84950	isactive	IsActive	IsActive	70	Y			2022-09-05 18:56:06.726323	0	2022-09-05 18:56:06.726323	0	\N	Y	\N
159da1be1fee43cc868279b126beaa73	0	0	159da1be1fee43cc868279b126beaa73	8b2245b92dec456dae02f9157e9ffdbe	1e89db4bbf774b0b99b12637e5e84950	btn_getcol	Get Columns	Get Columns	80	Y			2022-09-05 18:56:06.726323	0	2022-09-05 18:56:06.726323	0	\N	Y	\N
b499078e03844a8a9182eb492d833851	0	0	b499078e03844a8a9182eb492d833851	8b2245b92dec456dae02f9157e9ffdbe	cd5ae83892a74b018d0803984887c322	ad_column_id	ID	ID column	10	Y			2022-09-05 18:56:06.726323	0	2022-09-05 18:56:06.726323	0	\N	Y	\N
ae98bc13d6074ace9433ebf27abd2d99	0	0	ae98bc13d6074ace9433ebf27abd2d99	8b2245b92dec456dae02f9157e9ffdbe	cd5ae83892a74b018d0803984887c322	ad_client_id	ID client	ID client	20	Y			2022-09-05 18:56:06.726323	0	2022-09-05 18:56:06.726323	0	\N	Y	\N
bedd6a6f91644088b51457470aa84bd8	0	0	bedd6a6f91644088b51457470aa84bd8	8b2245b92dec456dae02f9157e9ffdbe	cd5ae83892a74b018d0803984887c322	ad_org_id	ID org	ID org	30	Y			2022-09-05 18:56:06.726323	0	2022-09-05 18:56:06.726323	0	\N	Y	\N
4883bcbd3de8443f983ebdde7731af63	0	0	4883bcbd3de8443f983ebdde7731af63	8b2245b92dec456dae02f9157e9ffdbe	cd5ae83892a74b018d0803984887c322	ad_table_id	ID table	ID table	40	Y			2022-09-05 18:56:06.726323	0	2022-09-05 18:56:06.726323	0	\N	Y	\N
725ef2226f8d4dc9a40e8555afd0f85e	0	0	725ef2226f8d4dc9a40e8555afd0f85e	8b2245b92dec456dae02f9157e9ffdbe	cd5ae83892a74b018d0803984887c322	ad_datatype_id	ID datatype	ID datatype	50	Y			2022-09-05 18:56:06.726323	0	2022-09-05 18:56:06.726323	0	\N	Y	\N
ff4d1fd202f44157a0d58f060f0fe3da	0	0	ff4d1fd202f44157a0d58f060f0fe3da	8b2245b92dec456dae02f9157e9ffdbe	cd5ae83892a74b018d0803984887c322	value	Code	Code	60	Y			2022-09-05 18:56:06.726323	0	2022-09-05 18:56:06.726323	0	\N	Y	\N
6f3744e0332a41bcb433ed3defc727d1	0	0	6f3744e0332a41bcb433ed3defc727d1	8b2245b92dec456dae02f9157e9ffdbe	cd5ae83892a74b018d0803984887c322	name	Name	Name	70	Y			2022-09-05 18:56:06.726323	0	2022-09-05 18:56:06.726323	0	\N	Y	\N
0ffbe7dcf1024cb48b76718171dcd973	0	0	0ffbe7dcf1024cb48b76718171dcd973	8b2245b92dec456dae02f9157e9ffdbe	cd5ae83892a74b018d0803984887c322	description	Description	Description	80	Y			2022-09-05 18:56:06.726323	0	2022-09-05 18:56:06.726323	0	\N	Y	\N
b90280f0d0be4db28f6b5c33faac00eb	0	0	b90280f0d0be4db28f6b5c33faac00eb	8b2245b92dec456dae02f9157e9ffdbe	4b9dcfdf4e06409fbf9fa4fe508cb102	value	Code	Code	40	Y		@last_name@ == 'jon'	2022-09-05 18:56:06.726323	0	2022-09-07 14:19:39.740001	0	\N	Y	\N
05df7f40cfb6417c9dc5c39ff7f3ad73	0	0	05df7f40cfb6417c9dc5c39ff7f3ad73	8b2245b92dec456dae02f9157e9ffdbe	cd5ae83892a74b018d0803984887c322	ref_table	Ref Table	Ref Table	90	Y			2022-09-05 18:56:06.726323	0	2022-09-05 18:56:06.726323	0	\N	Y	\N
6c3d3a55d039469da9ccc11b43eabb9f	0	0	6c3d3a55d039469da9ccc11b43eabb9f	8b2245b92dec456dae02f9157e9ffdbe	cd5ae83892a74b018d0803984887c322	ref_table_key_field	Ref Key	Ref Key	100	Y			2022-09-05 18:56:06.726323	0	2022-09-05 18:56:06.726323	0	\N	Y	\N
b0c03a73d6014b7286cb9263f2ce6287	0	0	b0c03a73d6014b7286cb9263f2ce6287	8b2245b92dec456dae02f9157e9ffdbe	cd5ae83892a74b018d0803984887c322	ref_table_text_field	Ref Text	Ref Text	110	Y			2022-09-05 18:56:06.726323	0	2022-09-05 18:56:06.726323	0	\N	Y	\N
961a6843f4ec4e2e92c003cc3cb7d342	0	0	961a6843f4ec4e2e92c003cc3cb7d342	8b2245b92dec456dae02f9157e9ffdbe	cd5ae83892a74b018d0803984887c322	ispk	IsPK	IsPK	120	Y			2022-09-05 18:56:06.726323	0	2022-09-05 18:56:06.726323	0	\N	Y	\N
09e1231520b144e699921c0cfe029786	0	0	09e1231520b144e699921c0cfe029786	8b2245b92dec456dae02f9157e9ffdbe	cd5ae83892a74b018d0803984887c322	isfk	IsFK	IsFK	130	Y			2022-09-05 18:56:06.726323	0	2022-09-05 18:56:06.726323	0	\N	Y	\N
c23feb8ea6a84b3c8d9d77afad3066be	0	0	c23feb8ea6a84b3c8d9d77afad3066be	8b2245b92dec456dae02f9157e9ffdbe	cd5ae83892a74b018d0803984887c322	isactive	IsActive	IsActive	140	Y			2022-09-05 18:56:06.726323	0	2022-09-05 18:56:06.726323	0	\N	Y	\N
dfaff850fcc845b69f367af071d0f4e5	0	0	dfaff850fcc845b69f367af071d0f4e5	8b2245b92dec456dae02f9157e9ffdbe	cd5ae83892a74b018d0803984887c322	icon	Icon	Icon	150	Y			2022-09-05 18:56:06.726323	0	2022-09-05 18:56:06.726323	0	\N	Y	\N
4629ad27b23c49f78c51704e3096350e	0	0	4629ad27b23c49f78c51704e3096350e	8b2245b92dec456dae02f9157e9ffdbe	b3327be6a3a24ee196482469a71df291	ad_window_id	ID	ID window	10	Y			2022-09-05 18:56:06.726323	0	2022-09-05 18:56:06.726323	0	\N	Y	\N
fe7fdefa4f914bf7a5c2b9d06f3b1754	0	0	fe7fdefa4f914bf7a5c2b9d06f3b1754	8b2245b92dec456dae02f9157e9ffdbe	b3327be6a3a24ee196482469a71df291	ad_client_id	ID client	ID client	20	Y			2022-09-05 18:56:06.726323	0	2022-09-05 18:56:06.726323	0	\N	Y	\N
759d34eccac84399b0d3bb3a329f5ee9	0	0	759d34eccac84399b0d3bb3a329f5ee9	8b2245b92dec456dae02f9157e9ffdbe	b3327be6a3a24ee196482469a71df291	ad_org_id	ID org	ID org	30	Y			2022-09-05 18:56:06.726323	0	2022-09-05 18:56:06.726323	0	\N	Y	\N
822b4f55f035422d90d366a538784860	0	0	822b4f55f035422d90d366a538784860	8b2245b92dec456dae02f9157e9ffdbe	b3327be6a3a24ee196482469a71df291	value	Code	Code	60	Y			2022-09-05 18:56:06.726323	0	2022-09-05 18:56:06.726323	0	\N	Y	\N
440f7a4dd8c64aa8b4c8588ef74cd849	0	0	440f7a4dd8c64aa8b4c8588ef74cd849	8b2245b92dec456dae02f9157e9ffdbe	b3327be6a3a24ee196482469a71df291	name	Name	Name	70	Y			2022-09-05 18:56:06.726323	0	2022-09-05 18:56:06.726323	0	\N	Y	\N
61412cba76474b07bae6c487f2ee12e6	0	0	61412cba76474b07bae6c487f2ee12e6	8b2245b92dec456dae02f9157e9ffdbe	b3327be6a3a24ee196482469a71df291	description	Description	Description	80	Y			2022-09-05 18:56:06.726323	0	2022-09-05 18:56:06.726323	0	\N	Y	\N
2dcbac646a4f401c94d57c333b74a9ab	0	0	2dcbac646a4f401c94d57c333b74a9ab	8b2245b92dec456dae02f9157e9ffdbe	b3327be6a3a24ee196482469a71df291	isactive	IsActive	IsActive	140	Y			2022-09-05 18:56:06.726323	0	2022-09-05 18:56:06.726323	0	\N	Y	\N
d13ffd73022b43208fe449695393438a	0	0	d13ffd73022b43208fe449695393438a	8b2245b92dec456dae02f9157e9ffdbe	7f6f41364f02461eab90bd09a13a5fca	ad_tab_id	ID	ID tab	10	Y			2022-09-05 18:56:06.726323	0	2022-09-05 18:56:06.726323	0	\N	Y	\N
9047947505384cffab805b6d177630d4	0	0	9047947505384cffab805b6d177630d4	8b2245b92dec456dae02f9157e9ffdbe	7f6f41364f02461eab90bd09a13a5fca	ad_client_id	ID client	ID client	20	Y			2022-09-05 18:56:06.726323	0	2022-09-05 18:56:06.726323	0	\N	Y	\N
6e95bce2e44f4933b8810c2c9c8edd63	0	0	6e95bce2e44f4933b8810c2c9c8edd63	8b2245b92dec456dae02f9157e9ffdbe	7f6f41364f02461eab90bd09a13a5fca	ad_org_id	ID org	ID org	30	Y			2022-09-05 18:56:06.726323	0	2022-09-05 18:56:06.726323	0	\N	Y	\N
a139102e142d4f9b941345f35918db7b	0	0	a139102e142d4f9b941345f35918db7b	8b2245b92dec456dae02f9157e9ffdbe	7f6f41364f02461eab90bd09a13a5fca	ad_window_id	ID window	ID window	40	Y			2022-09-05 18:56:06.726323	0	2022-09-05 18:56:06.726323	0	\N	Y	\N
c67efd5bd5ee4be18a9f8efdd8bff766	0	0	c67efd5bd5ee4be18a9f8efdd8bff766	8b2245b92dec456dae02f9157e9ffdbe	7f6f41364f02461eab90bd09a13a5fca	ad_tab_parent_id	ID tab parent	ID tab_parent	50	Y			2022-09-05 18:56:06.726323	0	2022-09-05 18:56:06.726323	0	\N	Y	\N
b50aaf12834646fa83bcf4ae252e9899	0	0	b50aaf12834646fa83bcf4ae252e9899	8b2245b92dec456dae02f9157e9ffdbe	7f6f41364f02461eab90bd09a13a5fca	value	Code	Code	60	Y			2022-09-05 18:56:06.726323	0	2022-09-05 18:56:06.726323	0	\N	Y	\N
c998e52b24134eec9cc316a90a9285ef	0	0	c998e52b24134eec9cc316a90a9285ef	8b2245b92dec456dae02f9157e9ffdbe	7f6f41364f02461eab90bd09a13a5fca	name	Name	Name	70	Y			2022-09-05 18:56:06.726323	0	2022-09-05 18:56:06.726323	0	\N	Y	\N
dd590d5dcaa84adb8af1550903994095	0	0	dd590d5dcaa84adb8af1550903994095	8b2245b92dec456dae02f9157e9ffdbe	7f6f41364f02461eab90bd09a13a5fca	description	Description	Description	80	Y			2022-09-05 18:56:06.726323	0	2022-09-05 18:56:06.726323	0	\N	Y	\N
72c351b4c50d4cdfa3c1bf6bd94f284f	0	0	72c351b4c50d4cdfa3c1bf6bd94f284f	8b2245b92dec456dae02f9157e9ffdbe	7f6f41364f02461eab90bd09a13a5fca	position	Position	Position	90	Y			2022-09-05 18:56:06.726323	0	2022-09-05 18:56:06.726323	0	\N	Y	\N
07d4e091868b460995c5f67cfe7600a9	0	0	07d4e091868b460995c5f67cfe7600a9	8b2245b92dec456dae02f9157e9ffdbe	7f6f41364f02461eab90bd09a13a5fca	isactive	IsActive	IsActive	140	Y			2022-09-05 18:56:06.726323	0	2022-09-05 18:56:06.726323	0	\N	Y	\N
87baa9b3946c45978f2a591fcf266e61	0	0	87baa9b3946c45978f2a591fcf266e61	8b2245b92dec456dae02f9157e9ffdbe	7f6f41364f02461eab90bd09a13a5fca	btn_getfield	Get Fields	Get Fields	150	Y			2022-09-05 18:56:06.726323	0	2022-09-05 18:56:06.726323	0	\N	Y	\N
cf39a133bb1a495dbb891e7734490540	0	0	cf39a133bb1a495dbb891e7734490540	8b2245b92dec456dae02f9157e9ffdbe	fe9b0705e9fc47b29cb0e6c5e740025e	ad_field_id	ID	ID field	10	Y			2022-09-05 18:56:06.726323	0	2022-09-05 18:56:06.726323	0	\N	Y	\N
34d03a9c10a94fea8ad8d9de79c73129	0	0	34d03a9c10a94fea8ad8d9de79c73129	8b2245b92dec456dae02f9157e9ffdbe	fe9b0705e9fc47b29cb0e6c5e740025e	ad_client_id	ID client	ID client	20	Y			2022-09-05 18:56:06.726323	0	2022-09-05 18:56:06.726323	0	\N	Y	\N
ae02f03ca66b45ec8429075f5bcaf328	0	0	ae02f03ca66b45ec8429075f5bcaf328	8b2245b92dec456dae02f9157e9ffdbe	fe9b0705e9fc47b29cb0e6c5e740025e	ad_org_id	ID org	ID org	30	Y			2022-09-05 18:56:06.726323	0	2022-09-05 18:56:06.726323	0	\N	Y	\N
2327f6cb9c694d6e8f69cabe64e1aee3	0	0	2327f6cb9c694d6e8f69cabe64e1aee3	8b2245b92dec456dae02f9157e9ffdbe	fe9b0705e9fc47b29cb0e6c5e740025e	ad_column_id	ID column	ID column	40	Y			2022-09-05 18:56:06.726323	0	2022-09-05 18:56:06.726323	0	\N	Y	\N
c3da224e072542f4a94a1cba52731db9	0	0	c3da224e072542f4a94a1cba52731db9	8b2245b92dec456dae02f9157e9ffdbe	fe9b0705e9fc47b29cb0e6c5e740025e	ad_field_group_id	ID field_group	ID field_group	50	Y			2022-09-05 18:56:06.726323	0	2022-09-05 18:56:06.726323	0	\N	Y	\N
871fbcf0f01649ce8f0f2c2ab4c84f5d	0	0	871fbcf0f01649ce8f0f2c2ab4c84f5d	8b2245b92dec456dae02f9157e9ffdbe	fe9b0705e9fc47b29cb0e6c5e740025e	ad_tab_id	ID tab	ID tab	60	Y			2022-09-05 18:56:06.726323	0	2022-09-05 18:56:06.726323	0	\N	Y	\N
d2c639f2c13b4657950963bb22e07e74	0	0	d2c639f2c13b4657950963bb22e07e74	8b2245b92dec456dae02f9157e9ffdbe	fe9b0705e9fc47b29cb0e6c5e740025e	value	Code	Code	70	Y			2022-09-05 18:56:06.726323	0	2022-09-05 18:56:06.726323	0	\N	Y	\N
c16806191c2f4b6e9b4fc3ce7df83437	0	0	c16806191c2f4b6e9b4fc3ce7df83437	8b2245b92dec456dae02f9157e9ffdbe	fe9b0705e9fc47b29cb0e6c5e740025e	name	Name	Name	80	Y			2022-09-05 18:56:06.726323	0	2022-09-05 18:56:06.726323	0	\N	Y	\N
5fcabb0211d5491da9dde2a51e0a8eac	0	0	5fcabb0211d5491da9dde2a51e0a8eac	8b2245b92dec456dae02f9157e9ffdbe	fe9b0705e9fc47b29cb0e6c5e740025e	description	Description	Description	90	Y			2022-09-05 18:56:06.726323	0	2022-09-05 18:56:06.726323	0	\N	Y	\N
de0a52bd3dd242d4a31b422e7344fb7a	0	0	de0a52bd3dd242d4a31b422e7344fb7a	8b2245b92dec456dae02f9157e9ffdbe	fe9b0705e9fc47b29cb0e6c5e740025e	position	Position	Position	100	Y			2022-09-05 18:56:06.726323	0	2022-09-05 18:56:06.726323	0	\N	Y	\N
00d22359f26a4595baf18d5e31e26673	0	0	00d22359f26a4595baf18d5e31e26673	8b2245b92dec456dae02f9157e9ffdbe	fe9b0705e9fc47b29cb0e6c5e740025e	isactive	IsActive	IsActive	110	Y			2022-09-05 18:56:06.726323	0	2022-09-05 18:56:06.726323	0	\N	Y	\N
9a39a25f811c454292f1288464b660c3	0	0	9a39a25f811c454292f1288464b660c3	8b2245b92dec456dae02f9157e9ffdbe	fe9b0705e9fc47b29cb0e6c5e740025e	display_logic	Display Logic	Display Logic	110	Y			2022-09-05 18:56:06.726323	0	2022-09-05 18:56:06.726323	0	\N	Y	\N
d0354127758d446ba14f5dd2840d6612	0	0	d0354127758d446ba14f5dd2840d6612	8b2245b92dec456dae02f9157e9ffdbe	fe9b0705e9fc47b29cb0e6c5e740025e	readonly_logic	Readonly Logic	Readonly Logic	110	Y			2022-09-05 18:56:06.726323	0	2022-09-05 18:56:06.726323	0	\N	Y	\N
1f7bcc394ef64c4487237b381653dbd8	0	0	1f7bcc394ef64c4487237b381653dbd8	8b2245b92dec456dae02f9157e9ffdbe	4b9dcfdf4e06409fbf9fa4fe508cb102	ad_org_id	ID org	ID org	30	Y			2022-09-05 18:56:06.726323	0	2022-09-05 19:38:30.485346	0	\N	Y	\N
45f3366770f64e31bdc2a6f8f5318876	0	0	27913523c58341bcac2e4d73796c6d9b	8b2245b92dec456dae02f9157e9ffdbe	0d100c5d1a5846bfb4dcdac832159f3a	ad_client_id	ad_client_id	ad_client_id	10	Y			2022-09-07 16:40:44.297987	0	2022-09-07 16:40:44.297987	0	\N	Y	\N
08709d950b0c4150b36763b1eda533be	0	0	2eafdf470ed94f2488e1faf526442aec	8b2245b92dec456dae02f9157e9ffdbe	0d100c5d1a5846bfb4dcdac832159f3a	ad_org_id	ad_org_id	ad_org_id	20	Y			2022-09-07 16:40:44.297987	0	2022-09-07 16:40:44.297987	0	\N	Y	\N
edb9d08cfe8f467eae3ecf73d866eae5	0	0	eced5c8772ba4ef182e8dcb62fc30d95	8b2245b92dec456dae02f9157e9ffdbe	0d100c5d1a5846bfb4dcdac832159f3a	value	value	value	30	Y			2022-09-07 16:40:44.297987	0	2022-09-07 16:40:44.297987	0	\N	Y	\N
afdeda2d03cc46d5a6e3f1bd5c14ca23	0	0	bc3fb6fc46d240e4a7d0e23323130c2f	8b2245b92dec456dae02f9157e9ffdbe	0d100c5d1a5846bfb4dcdac832159f3a	name	name	name	40	Y			2022-09-07 16:40:44.297987	0	2022-09-07 16:40:44.297987	0	\N	Y	\N
e66d27aa5deb49fcbb2e04a127c04310	0	0	fd8f41a475b8437d9b90769f27e522b8	8b2245b92dec456dae02f9157e9ffdbe	0d100c5d1a5846bfb4dcdac832159f3a	isactive	isactive	isactive	50	Y			2022-09-07 16:40:44.297987	0	2022-09-07 16:40:44.297987	0	\N	Y	\N
fc991295d161458483f03556b577c262	0	0	76ac9088de7c4f0a9efe9b96e97c3375	8b2245b92dec456dae02f9157e9ffdbe	d94177d349444690be4047ec1f9d599d	ad_datatype_id	ad_datatype_id	ad_datatype_id	10	Y			2022-09-07 16:40:44.297987	0	2022-09-07 16:40:44.297987	0	\N	Y	\N
c12a814778744a689afb283eab6505a8	0	0	30f6da17e0d04fe29af1356384c9862c	8b2245b92dec456dae02f9157e9ffdbe	d94177d349444690be4047ec1f9d599d	ad_client_id	ad_client_id	ad_client_id	20	Y			2022-09-07 16:40:44.297987	0	2022-09-07 16:40:44.297987	0	\N	Y	\N
9d5a052e2def4da791740d335b15777c	0	0	0f206a411e3942069bb783191d921ee3	8b2245b92dec456dae02f9157e9ffdbe	d94177d349444690be4047ec1f9d599d	ad_org_id	ad_org_id	ad_org_id	30	Y			2022-09-07 16:40:44.297987	0	2022-09-07 16:40:44.297987	0	\N	Y	\N
12c818f60c7641319b48c6676d9710d9	0	0	240fba6197f74a8a84d9f759a9fb9c1d	8b2245b92dec456dae02f9157e9ffdbe	d94177d349444690be4047ec1f9d599d	value	value	value	40	Y			2022-09-07 16:40:44.297987	0	2022-09-07 16:40:44.297987	0	\N	Y	\N
19c7445c51c447d48417b985e1a2fad6	0	0	2a5232ad3b2b41da8b7e4bb84bbcbab1	8b2245b92dec456dae02f9157e9ffdbe	d94177d349444690be4047ec1f9d599d	name	name	name	50	Y			2022-09-07 16:40:44.297987	0	2022-09-07 16:40:44.297987	0	\N	Y	\N
20a94197faa34fb88f348df2516b6f82	0	0	ccae46942dcf4310b6e3614dedc5e3b5	8b2245b92dec456dae02f9157e9ffdbe	d94177d349444690be4047ec1f9d599d	description	description	description	60	Y			2022-09-07 16:40:44.297987	0	2022-09-07 16:40:44.297987	0	\N	Y	\N
370d09b103f84538aae73254a76976ba	0	0	a09f604fb01f4b8a9939815481c13cf3	8b2245b92dec456dae02f9157e9ffdbe	d94177d349444690be4047ec1f9d599d	isactive	isactive	isactive	70	Y			2022-09-07 16:40:44.297987	0	2022-09-07 16:40:44.297987	0	\N	Y	\N
af46d3374e52493c9becf624f3a0c8a2	0	0	d918646286794d5d9725345d28d05ba8	8b2245b92dec456dae02f9157e9ffdbe	9a2cc733af5746efaf6edb4a52bb1ebd	ad_field_group_id	ad_field_group_id	ad_field_group_id	10	Y			2022-09-07 16:40:44.297987	0	2022-09-07 16:40:44.297987	0	\N	Y	\N
0f751d7ba3f242879bd320a8be5eb296	0	0	00c0b386c0b240a9b7c07e1d238a59c4	8b2245b92dec456dae02f9157e9ffdbe	9a2cc733af5746efaf6edb4a52bb1ebd	ad_client_id	ad_client_id	ad_client_id	20	Y			2022-09-07 16:40:44.297987	0	2022-09-07 16:40:44.297987	0	\N	Y	\N
bf11230d64e94941b3c724c6940e10d3	0	0	539dabb40c944999ae96db7f2be1e1b6	8b2245b92dec456dae02f9157e9ffdbe	9a2cc733af5746efaf6edb4a52bb1ebd	ad_org_id	ad_org_id	ad_org_id	30	Y			2022-09-07 16:40:44.297987	0	2022-09-07 16:40:44.297987	0	\N	Y	\N
5f0ff4ee29d3469cbe99f8f4763ca416	0	0	e82667e7bf9843f490db1263717cb333	8b2245b92dec456dae02f9157e9ffdbe	9a2cc733af5746efaf6edb4a52bb1ebd	value	value	value	40	Y			2022-09-07 16:40:44.297987	0	2022-09-07 16:40:44.297987	0	\N	Y	\N
0154f599ea7543049ff9c03f133a7d3c	0	0	93aee46b71da4b68a3629fbcc85688ba	8b2245b92dec456dae02f9157e9ffdbe	9a2cc733af5746efaf6edb4a52bb1ebd	name	name	name	50	Y			2022-09-07 16:40:44.297987	0	2022-09-07 16:40:44.297987	0	\N	Y	\N
7792b224ed564f6c9b0cc3097fdb6c86	0	0	27b6bda244484529806dc80e1db62d9b	8b2245b92dec456dae02f9157e9ffdbe	9a2cc733af5746efaf6edb4a52bb1ebd	description	description	description	60	Y			2022-09-07 16:40:44.297987	0	2022-09-07 16:40:44.297987	0	\N	Y	\N
52b4728a83a144cbb7a43207befb1fc0	0	0	0a8f7107a1a54dfbbb11fafc1182d3ed	8b2245b92dec456dae02f9157e9ffdbe	9a2cc733af5746efaf6edb4a52bb1ebd	isactive	isactive	isactive	70	Y			2022-09-07 16:40:44.297987	0	2022-09-07 16:40:44.297987	0	\N	Y	\N
403ceba98db549cbaad594882b72e1f6	0	0	9fd9daa48b044e09b8c95259e972b92b	8b2245b92dec456dae02f9157e9ffdbe	f15fd7a773774639bc5f766c188f916c	ad_menu_id	ad_menu_id	ad_menu_id	10	Y			2022-09-07 16:40:44.297987	0	2022-09-07 16:40:44.297987	0	\N	Y	\N
dbbe4eb174154b9180eafdd145e49cda	0	0	068558ee53494791a8cd300708ccef01	8b2245b92dec456dae02f9157e9ffdbe	f15fd7a773774639bc5f766c188f916c	ad_client_id	ad_client_id	ad_client_id	20	Y			2022-09-07 16:40:44.297987	0	2022-09-07 16:40:44.297987	0	\N	Y	\N
9d4207187ac844cf9d6cf8c74dd8bde0	0	0	cbc8c6860ddd488cbb9b27e7136b97d3	8b2245b92dec456dae02f9157e9ffdbe	f15fd7a773774639bc5f766c188f916c	ad_org_id	ad_org_id	ad_org_id	30	Y			2022-09-07 16:40:44.297987	0	2022-09-07 16:40:44.297987	0	\N	Y	\N
f2edae1464874227833c18e910f86eee	0	0	2e04d81f87474438b1fce7c93b7a33c0	8b2245b92dec456dae02f9157e9ffdbe	f15fd7a773774639bc5f766c188f916c	parent	parent	parent	40	Y			2022-09-07 16:40:44.297987	0	2022-09-07 16:40:44.297987	0	\N	Y	\N
f62340e8446640f3807acdbb782c5c14	0	0	cfe0d47f6e444868b7987318aefae2a4	8b2245b92dec456dae02f9157e9ffdbe	f15fd7a773774639bc5f766c188f916c	ad_window_id	ad_window_id	ad_window_id	50	Y			2022-09-07 16:40:44.297987	0	2022-09-07 16:40:44.297987	0	\N	Y	\N
26553cf8722d45db9a177ae1531e5f20	0	0	5d4f7d6d1c1446ce920eb711184f0d4a	8b2245b92dec456dae02f9157e9ffdbe	f15fd7a773774639bc5f766c188f916c	value	value	value	60	Y			2022-09-07 16:40:44.297987	0	2022-09-07 16:40:44.297987	0	\N	Y	\N
b89511c6571a4152b938499640472af2	0	0	999ee4378ba642df9cc7a9e2f3db02dd	8b2245b92dec456dae02f9157e9ffdbe	f15fd7a773774639bc5f766c188f916c	name	name	name	70	Y			2022-09-07 16:40:44.297987	0	2022-09-07 16:40:44.297987	0	\N	Y	\N
ea8d84ce19a3455882f0797a69b3f9fe	0	0	ebca94014a304cc4a0df76a7c444ec64	8b2245b92dec456dae02f9157e9ffdbe	f15fd7a773774639bc5f766c188f916c	description	description	description	80	Y			2022-09-07 16:40:44.297987	0	2022-09-07 16:40:44.297987	0	\N	Y	\N
dd40d3e7c5f24575b3835e7b603f8cd5	0	0	52bfa774c5884f29871859bbc1504cb8	8b2245b92dec456dae02f9157e9ffdbe	4b8d286d90a64ed0a6849e56986184da	ad_module_id	ad_module_id	ad_module_id	10	Y			2022-09-07 16:40:44.297987	0	2022-09-07 16:40:44.297987	0	\N	Y	\N
bc0d5d37f94b4d19bb6d98025f1ea853	0	0	42bb24d11b8947f69f6136140bd5725b	8b2245b92dec456dae02f9157e9ffdbe	4b8d286d90a64ed0a6849e56986184da	ad_client_id	ad_client_id	ad_client_id	20	Y			2022-09-07 16:40:44.297987	0	2022-09-07 16:40:44.297987	0	\N	Y	\N
49e13a013e6d47da9cd4a9463caa7d54	0	0	fab140a25d4343fa8236a5bfc4404e10	8b2245b92dec456dae02f9157e9ffdbe	4b8d286d90a64ed0a6849e56986184da	ad_org_id	ad_org_id	ad_org_id	30	Y			2022-09-07 16:40:44.297987	0	2022-09-07 16:40:44.297987	0	\N	Y	\N
9bd544f7367a4c1299a172974ea47a7e	0	0	0940152d388e4efeacab3cc0586d4385	8b2245b92dec456dae02f9157e9ffdbe	4b8d286d90a64ed0a6849e56986184da	value	value	value	40	Y			2022-09-07 16:40:44.297987	0	2022-09-07 16:40:44.297987	0	\N	Y	\N
e3b7a535c3b143a2b9d11bd4a4f5de8d	0	0	75aa479e634e4d0cba5fc945564fae23	8b2245b92dec456dae02f9157e9ffdbe	4b8d286d90a64ed0a6849e56986184da	name	name	name	50	Y			2022-09-07 16:40:44.297987	0	2022-09-07 16:40:44.297987	0	\N	Y	\N
926a411218c34495ba0ee3ea6e794616	0	0	f3705ba8a11440338dbe2d91d8351c43	8b2245b92dec456dae02f9157e9ffdbe	4b8d286d90a64ed0a6849e56986184da	description	description	description	60	Y			2022-09-07 16:40:44.297987	0	2022-09-07 16:40:44.297987	0	\N	Y	\N
5d4c0eb55d164eca8bedeb48c40f0c3e	0	0	387a5d2081cb4b41ac11e0cb7f586576	8b2245b92dec456dae02f9157e9ffdbe	4b8d286d90a64ed0a6849e56986184da	isactive	isactive	isactive	70	Y			2022-09-07 16:40:44.297987	0	2022-09-07 16:40:44.297987	0	\N	Y	\N
538b81df498b4df6bce097e86e34b988	0	0	2b4b3d4889ef44dc8bb8f7d01c4caf3a	8b2245b92dec456dae02f9157e9ffdbe	562863b8906b40c6b35895be9fc8f433	ad_client_id	ad_client_id	ad_client_id	10	Y			2022-09-07 16:40:44.297987	0	2022-09-07 16:40:44.297987	0	\N	Y	\N
a3a8ccfd731f4671a0a280e3e76ad8f9	0	0	2ddc7e4714c14958afa54656740e74d2	8b2245b92dec456dae02f9157e9ffdbe	562863b8906b40c6b35895be9fc8f433	ad_org_id	ad_org_id	ad_org_id	20	Y			2022-09-07 16:40:44.297987	0	2022-09-07 16:40:44.297987	0	\N	Y	\N
3d35374090764e399a52ed8667b7daa5	0	0	4fd98bb9dd234caabf2a950b987103da	8b2245b92dec456dae02f9157e9ffdbe	562863b8906b40c6b35895be9fc8f433	isactive	isactive	isactive	30	Y			2022-09-07 16:40:44.297987	0	2022-09-07 16:40:44.297987	0	\N	Y	\N
cccbd58e93e84c4789356f577f367605	0	0	d2e33f2e498a444aa8bf021ff13863d4	8b2245b92dec456dae02f9157e9ffdbe	562863b8906b40c6b35895be9fc8f433	name	name	name	40	Y			2022-09-07 16:40:44.297987	0	2022-09-07 16:40:44.297987	0	\N	Y	\N
4af9d6c47bc34107bf9a2754d56b3a16	0	0	8d3e2bc638f44a1ba19e47dd4a70b70f	8b2245b92dec456dae02f9157e9ffdbe	562863b8906b40c6b35895be9fc8f433	value	value	value	50	Y			2022-09-07 16:40:44.297987	0	2022-09-07 16:40:44.297987	0	\N	Y	\N
45222485049949c19a76a9ae05035f1e	0	0	525fb091aa5f406c813305362dc05e65	8b2245b92dec456dae02f9157e9ffdbe	735a899279574c45a09fbc8b42e2a9d9	ad_client_id	ad_client_id	ad_client_id	10	Y			2022-09-07 16:40:44.297987	0	2022-09-07 16:40:44.297987	0	\N	Y	\N
5e15a3c4b0164a99a7641bdecb0e0f8e	0	0	362f5673362349618cd3df7e15e7f26b	8b2245b92dec456dae02f9157e9ffdbe	735a899279574c45a09fbc8b42e2a9d9	ad_module_id	ad_module_id	ad_module_id	20	Y			2022-09-07 16:40:44.297987	0	2022-09-07 16:40:44.297987	0	\N	Y	\N
b98b4c95f98f45e1959bf226068029e5	0	0	cca0f62660c24d2097ae05cfebb1a1a2	8b2245b92dec456dae02f9157e9ffdbe	735a899279574c45a09fbc8b42e2a9d9	ad_org_id	ad_org_id	ad_org_id	30	Y			2022-09-07 16:40:44.297987	0	2022-09-07 16:40:44.297987	0	\N	Y	\N
aba3592181384775ab9b50b21cef9598	0	0	2fbf0777224e4e95a537afee0ba89f12	8b2245b92dec456dae02f9157e9ffdbe	735a899279574c45a09fbc8b42e2a9d9	ad_package_id	ad_package_id	ad_package_id	40	Y			2022-09-07 16:40:44.297987	0	2022-09-07 16:40:44.297987	0	\N	Y	\N
7502fc533fe64c9d82bbf8acef710048	0	0	11c8156285f6495e8affd9f2772613c4	8b2245b92dec456dae02f9157e9ffdbe	735a899279574c45a09fbc8b42e2a9d9	description	description	description	50	Y			2022-09-07 16:40:44.297987	0	2022-09-07 16:40:44.297987	0	\N	Y	\N
16527ce63d8b4c118731ce24093782ae	0	0	70468fe3b88d4d69a099d9f4d73c72d0	8b2245b92dec456dae02f9157e9ffdbe	735a899279574c45a09fbc8b42e2a9d9	isactive	isactive	isactive	60	Y			2022-09-07 16:40:44.297987	0	2022-09-07 16:40:44.297987	0	\N	Y	\N
25aec7ba53ef40318dc2529ff789ffec	0	0	fdc07f04ad0a47ad98433804bad8f015	8b2245b92dec456dae02f9157e9ffdbe	735a899279574c45a09fbc8b42e2a9d9	name	name	name	70	Y			2022-09-07 16:40:44.297987	0	2022-09-07 16:40:44.297987	0	\N	Y	\N
bcf256b8c33646b5a99b5158e920865e	0	0	bd48dd54de1f42339fe509e2e0d8556f	8b2245b92dec456dae02f9157e9ffdbe	735a899279574c45a09fbc8b42e2a9d9	value	value	value	80	Y			2022-09-07 16:40:44.297987	0	2022-09-07 16:40:44.297987	0	\N	Y	\N
36d7d4cdb4d144b588262050e8b112f4	0	0	c2671a04a2a046cf852b82d2648e1642	8b2245b92dec456dae02f9157e9ffdbe	1109d64a66aa4dae8b84451405fe20b6	ad_client_id	ad_client_id	ad_client_id	10	Y			2022-10-18 15:28:44.608764	0	2022-10-18 15:28:44.608764	0	\N	Y	\N
fd811354ebcb41738cdcecbb29dc054b	0	0	38c9ff79f8724d5b9bca95d8a0ac105b	8b2245b92dec456dae02f9157e9ffdbe	1109d64a66aa4dae8b84451405fe20b6	ad_org_id	ad_org_id	ad_org_id	20	Y			2022-10-18 15:28:44.608764	0	2022-10-18 15:28:44.608764	0	\N	Y	\N
7824b8525adc419c94b70f68ffbbc53a	0	0	b55b6c75bf3446a390addd0437473f95	8b2245b92dec456dae02f9157e9ffdbe	1109d64a66aa4dae8b84451405fe20b6	isactive	isactive	isactive	30	Y			2022-10-18 15:28:44.608764	0	2022-10-18 15:28:44.608764	0	\N	Y	\N
12b7797b96f14a9aa48de442795adc1d	0	0	ae71f6987a794fcfab4e926a6fd723f7	8b2245b92dec456dae02f9157e9ffdbe	1109d64a66aa4dae8b84451405fe20b6	m_product_category_id	m_product_category_id	m_product_category_id	40	Y			2022-10-18 15:28:44.608764	0	2022-10-18 15:28:44.608764	0	\N	Y	\N
03d99859120143928c45831ccec2c3c3	0	0	4e385e869e1249b28c4b9f5b6e24f61a	8b2245b92dec456dae02f9157e9ffdbe	1109d64a66aa4dae8b84451405fe20b6	m_product_id	m_product_id	m_product_id	50	Y			2022-10-18 15:28:44.608764	0	2022-10-18 15:28:44.608764	0	\N	Y	\N
7600faca00e84bdfb388d3207788462b	0	0	9302fd09f25546dc903c55f524a85633	8b2245b92dec456dae02f9157e9ffdbe	1109d64a66aa4dae8b84451405fe20b6	name	name	name	60	Y			2022-10-18 15:28:44.608764	0	2022-10-18 15:28:44.608764	0	\N	Y	\N
e09c4366ce5b424eb16d54ae8d9e6b72	0	0	585075b96488456fa1e24ae12e95f1fd	8b2245b92dec456dae02f9157e9ffdbe	1109d64a66aa4dae8b84451405fe20b6	value	value	value	70	Y			2022-10-18 15:28:44.608764	0	2022-10-18 15:28:44.608764	0	\N	Y	\N
da295206487f44e58ac570d4d4a5875a	0	0	af8b894253c1461bac39c5aef3f24c4a	8b2245b92dec456dae02f9157e9ffdbe	05c71d0d70f54ec79ededde043b727a9	ad_client_id	ad_client_id	ad_client_id	10	Y			2022-10-18 15:28:44.608764	0	2022-10-18 15:28:44.608764	0	\N	Y	\N
33283b24a45940b0bf84a61a69b7d45e	0	0	3a01d15c6ac449a3bcae286c355813f5	8b2245b92dec456dae02f9157e9ffdbe	05c71d0d70f54ec79ededde043b727a9	ad_org_id	ad_org_id	ad_org_id	20	Y			2022-10-18 15:28:44.608764	0	2022-10-18 15:28:44.608764	0	\N	Y	\N
6c25d6af572f412db6c06050a718e43f	0	0	0f5266ee2b1241d7b9e58c35ada53551	8b2245b92dec456dae02f9157e9ffdbe	05c71d0d70f54ec79ededde043b727a9	isactive	isactive	isactive	30	Y			2022-10-18 15:28:44.608764	0	2022-10-18 15:28:44.608764	0	\N	Y	\N
ad9880ca56334fef8c138a81b2278d02	0	0	0fafe24a747549c4854b4ab5374eede0	8b2245b92dec456dae02f9157e9ffdbe	05c71d0d70f54ec79ededde043b727a9	m_product_category_id	m_product_category_id	m_product_category_id	40	Y			2022-10-18 15:28:44.608764	0	2022-10-18 15:28:44.608764	0	\N	Y	\N
3a2c419cce4c4d719e167e36467401b3	0	0	2927c5e422c64ef39e1d64266000546f	8b2245b92dec456dae02f9157e9ffdbe	05c71d0d70f54ec79ededde043b727a9	name	name	name	50	Y			2022-10-18 15:28:44.608764	0	2022-10-18 15:28:44.608764	0	\N	Y	\N
cd54e93cd44d4f7b903af2e15948b1d7	0	0	2488f9c5cd3249978d5d15463d02287e	8b2245b92dec456dae02f9157e9ffdbe	05c71d0d70f54ec79ededde043b727a9	value	value	value	60	Y			2022-10-18 15:28:44.608764	0	2022-10-18 15:28:44.608764	0	\N	Y	\N
3980d378b1834e61b9ad3c1bb92a523c	0	0	56e21c379428481ea85afa1c7aed23f9	8b2245b92dec456dae02f9157e9ffdbe	1109d64a66aa4dae8b84451405fe20b6	price	Price	Price	80	Y			2022-10-18 18:34:01.013149	0	2022-10-18 18:35:02.602311	0	\N	Y	\N
20de4240b8aa4704970925c530e9bfc3	0	0	44961cec5db0465187a2a1cbb2ffd05e	8b2245b92dec456dae02f9157e9ffdbe	1109d64a66aa4dae8b84451405fe20b6	c_uom_id	Measure	Measure	90	Y			2022-10-18 18:40:21.748835	0	2022-10-18 18:40:21.748835	0	\N	Y	\N
513a205389d94f4cafe8d5a097b9e9e6	0	0	3639ae7aac804b209123cf1a7e97aefc	8b2245b92dec456dae02f9157e9ffdbe	564352f513f746d293b52435b2f01bf7	ad_client_id	ad_client_id	ad_client_id	10	Y			2022-10-18 18:55:46.064524	0	2022-10-18 18:55:46.064524	0	\N	Y	\N
9dd97c674b334556815c6ff7e7ccd8c9	0	0	f7b87bb9c7fa4493b04c1d2cb6bb5bac	8b2245b92dec456dae02f9157e9ffdbe	564352f513f746d293b52435b2f01bf7	ad_org_id	ad_org_id	ad_org_id	20	Y			2022-10-18 18:55:46.064524	0	2022-10-18 18:55:46.064524	0	\N	Y	\N
0390d85a784c4195ba38be026c8db856	0	0	f4d110e749e1471b9aa3657b6d51bc1a	8b2245b92dec456dae02f9157e9ffdbe	564352f513f746d293b52435b2f01bf7	c_uom_id	c_uom_id	c_uom_id	30	Y			2022-10-18 18:55:46.064524	0	2022-10-18 18:55:46.064524	0	\N	Y	\N
725b3a4e81e9465eb67bed39b82a7f95	0	0	34e7df78ab514c95b247c48e7ca89ec7	8b2245b92dec456dae02f9157e9ffdbe	564352f513f746d293b52435b2f01bf7	isactive	isactive	isactive	40	Y			2022-10-18 18:55:46.064524	0	2022-10-18 18:55:46.064524	0	\N	Y	\N
eafef2cdce1f4e7b939e2b0f220bc669	0	0	192f0e8ee5684f0cb54cc5b5871082e6	8b2245b92dec456dae02f9157e9ffdbe	564352f513f746d293b52435b2f01bf7	name	name	name	50	Y			2022-10-18 18:55:46.064524	0	2022-10-18 18:55:46.064524	0	\N	Y	\N
e37b6b7a80514fa0baf79b19eabc231b	0	0	c0a526fa06e745efb3dc47b4c331c1ea	8b2245b92dec456dae02f9157e9ffdbe	564352f513f746d293b52435b2f01bf7	value	value	value	60	Y			2022-10-18 18:55:46.064524	0	2022-10-18 18:55:46.064524	0	\N	Y	\N
c2e0e3ed82634d6ea562b438a4c7c839	0	0	e043a5fb63784ccbad794278c508d340	8b2245b92dec456dae02f9157e9ffdbe	1109d64a66aa4dae8b84451405fe20b6	cost	Cost	Cost	100	Y			2022-10-18 19:02:33.110636	0	2022-10-18 19:02:33.110636	0	\N	Y	\N
496002a6f9274f2d8f3bcd6c6c6a63db	0	0	9981356ff1294d898d67961c3405250f	8b2245b92dec456dae02f9157e9ffdbe	1109d64a66aa4dae8b84451405fe20b6	qty	Qty	Qty	110	Y			2022-10-18 19:03:13.375495	0	2022-10-18 19:03:13.375495	0	\N	Y	\N
20962cd46c424f46844f26a0240e77e5	0	0	ec68838f73dc453db0e8f08948086927	8b2245b92dec456dae02f9157e9ffdbe	1109d64a66aa4dae8b84451405fe20b6	image	Image	Image	120	Y			2022-10-18 19:24:41.318782	0	2022-10-18 19:24:41.318782	0	\N	Y	\N
ce04de276110404ebd617593a3f9f89b	0	0	e105c014c67941b9ab639bd9709ecaa5	8b2245b92dec456dae02f9157e9ffdbe	da0820212b254ad2b2e9b92b5195ee39	ad_client_id	ad_client_id	ad_client_id	10	Y			2022-10-19 18:18:19.372273	0	2022-10-19 18:18:19.372273	0	\N	Y	\N
da1a16630d864653b09ca5852d9a8498	0	0	c2beb75d4ba847e29f7dd2404f2203d2	8b2245b92dec456dae02f9157e9ffdbe	da0820212b254ad2b2e9b92b5195ee39	ad_org_id	ad_org_id	ad_org_id	20	Y			2022-10-19 18:18:19.372273	0	2022-10-19 18:18:19.372273	0	\N	Y	\N
46740cf14bba41bcb8a0193e8aa47caa	0	0	c9fe08e4805c4395b852c62c01d63fef	8b2245b92dec456dae02f9157e9ffdbe	da0820212b254ad2b2e9b92b5195ee39	fin_paymentmethod_id	fin_paymentmethod_id	fin_paymentmethod_id	30	Y			2022-10-19 18:18:19.372273	0	2022-10-19 18:18:19.372273	0	\N	Y	\N
99a9fe40627b44eeb3845aa4f7799515	0	0	5286f9383a214b6dab84ee17cfc724f4	8b2245b92dec456dae02f9157e9ffdbe	da0820212b254ad2b2e9b92b5195ee39	isactive	isactive	isactive	40	Y			2022-10-19 18:18:19.372273	0	2022-10-19 18:18:19.372273	0	\N	Y	\N
09119f2dc6eb412ea5608593806f78d3	0	0	71bfdb97cf3f4b05828cb45b06d690fe	8b2245b92dec456dae02f9157e9ffdbe	da0820212b254ad2b2e9b92b5195ee39	name	name	name	50	Y			2022-10-19 18:18:19.372273	0	2022-10-19 18:18:19.372273	0	\N	Y	\N
0673766ee200435d9bfcedd4653e644a	0	0	3d914a98199e44888f6b4d287919ec27	8b2245b92dec456dae02f9157e9ffdbe	da0820212b254ad2b2e9b92b5195ee39	value	value	value	60	Y			2022-10-19 18:18:19.372273	0	2022-10-19 18:18:19.372273	0	\N	Y	\N
566fa4c58cc54e84ba78457354ec6868	0	0	385edd45412e4e5aad35bc39f84df96a	8b2245b92dec456dae02f9157e9ffdbe	409c022e6ccb4c0eb103ddd3e7dfc335	ad_client_id	ad_client_id	ad_client_id	10	Y			2022-10-19 23:17:16.406347	0	2022-10-19 23:17:16.406347	0	\N	Y	\N
33085783af0c4afa8379a26fd5316b11	0	0	b89bd0ad68544a288633820fcbe35235	8b2245b92dec456dae02f9157e9ffdbe	409c022e6ccb4c0eb103ddd3e7dfc335	ad_org_id	ad_org_id	ad_org_id	20	Y			2022-10-19 23:17:16.406347	0	2022-10-19 23:17:16.406347	0	\N	Y	\N
92ece0566d3e4f27869c0c6c6effd063	0	0	8c43e0d65fc746bb9788fac658303347	8b2245b92dec456dae02f9157e9ffdbe	2889003154bb4b888892bfbd133288cf	ad_client_id	ad_client_id	ad_client_id	10	Y			2022-10-19 23:17:16.406347	0	2022-10-19 23:17:16.406347	0	\N	Y	\N
994c079ca60e41cc879027cf33652d77	0	0	ed314f1f8591406599919dacbabeed9a	8b2245b92dec456dae02f9157e9ffdbe	2889003154bb4b888892bfbd133288cf	ad_org_id	ad_org_id	ad_org_id	20	Y			2022-10-19 23:17:16.406347	0	2022-10-19 23:17:16.406347	0	\N	Y	\N
8c4b9db37abe4f9da613185c16e49810	0	0	2e5ad23dc2404140adf8984eda68d9fe	8b2245b92dec456dae02f9157e9ffdbe	2889003154bb4b888892bfbd133288cf	c_order_id	c_order_id	c_order_id	30	Y			2022-10-19 23:17:16.406347	0	2022-10-19 23:17:16.406347	0	\N	Y	\N
251fa8d4a8b94a3889b780bb35882671	0	0	fb76d524de7e43fb84f3024f38270441	8b2245b92dec456dae02f9157e9ffdbe	2889003154bb4b888892bfbd133288cf	c_orderline_id	c_orderline_id	c_orderline_id	40	Y			2022-10-19 23:17:16.406347	0	2022-10-19 23:17:16.406347	0	\N	Y	\N
5791c1f6b71c42a48fb8631d665c1c08	0	0	5d4eb18182074c27bc68c915f417c533	8b2245b92dec456dae02f9157e9ffdbe	409c022e6ccb4c0eb103ddd3e7dfc335	isactive	isactive	isactive	250	Y			2022-10-19 23:17:16.406347	0	2022-10-19 23:17:16.406347	0	\N	Y	\N
b200036832cd4a2c89631ca43a66af34	0	0	be1ee5354cd547608b60088100887e13	8b2245b92dec456dae02f9157e9ffdbe	409c022e6ccb4c0eb103ddd3e7dfc335	comment	comment	comment	90	Y			2022-10-19 23:17:16.406347	0	2022-10-19 23:17:16.406347	0	\N	Y	\N
99859121f0e440f7aa2794995a1b31cb	0	0	3631fba0919c419b949991787d827696	8b2245b92dec456dae02f9157e9ffdbe	409c022e6ccb4c0eb103ddd3e7dfc335	c_order_id	c_order_id	c_order_id	30	Y			2022-10-19 23:17:16.406347	0	2022-10-19 23:17:16.406347	0	\N	Y	\N
66c512c4cbac4399872bc758398ddb06	0	0	05d28d7882584a2e9423eba65b11da1d	8b2245b92dec456dae02f9157e9ffdbe	409c022e6ccb4c0eb103ddd3e7dfc335	c_bpartner_id	c_bpartner_id	c_bpartner_id	80	Y			2022-10-19 23:17:16.406347	0	2022-10-19 23:17:16.406347	0	\N	Y	\N
8fda7d666a1c47e9a7f1f4ee641aeada	0	0	b2d028c6239549f88345f64338306ae0	8b2245b92dec456dae02f9157e9ffdbe	2889003154bb4b888892bfbd133288cf	c_uom_id	c_uom_id	c_uom_id	50	Y			2022-10-19 23:17:16.406347	0	2022-10-19 23:17:16.406347	0	\N	Y	\N
2b371c96f74143fba1b4c719dcb63388	0	0	b8d587b14ee24988addb622bf5603714	8b2245b92dec456dae02f9157e9ffdbe	2889003154bb4b888892bfbd133288cf	isactive	isactive	isactive	255	Y			2022-10-19 23:17:16.406347	0	2022-10-19 23:17:16.406347	0	\N	Y	\N
62409e1d2ee3428ba98110fa3a0ce5b2	0	0	e20fba3360474ec49fb65575f8dc2bef	8b2245b92dec456dae02f9157e9ffdbe	2889003154bb4b888892bfbd133288cf	m_product_id	m_product_id	m_product_id	60	Y			2022-10-19 23:17:16.406347	0	2022-10-19 23:17:16.406347	0	\N	Y	\N
c211d55d40a744c8bb952ab84e25792c	0	0	0a8e573ac6de40449be197b35822e8ce	8b2245b92dec456dae02f9157e9ffdbe	8a20521b686846c68630b1514393c3fc	ad_client_id	ad_client_id	ad_client_id	10	Y			2022-10-19 23:19:49.232195	0	2022-10-19 23:19:49.232195	0	\N	Y	\N
c989211fd7b847f0b5f97d3c1038d1ae	0	0	86d601b484884c17896602ffce769829	8b2245b92dec456dae02f9157e9ffdbe	8a20521b686846c68630b1514393c3fc	ad_org_id	ad_org_id	ad_org_id	20	Y			2022-10-19 23:19:49.232195	0	2022-10-19 23:19:49.232195	0	\N	Y	\N
5a03fa47008b4cc6af5c1f5869e4a7b1	0	0	aba410aa85a44aabb545a7f11b8ee459	8b2245b92dec456dae02f9157e9ffdbe	8a20521b686846c68630b1514393c3fc	c_bpartner_id	c_bpartner_id	c_bpartner_id	30	Y			2022-10-19 23:19:49.232195	0	2022-10-19 23:19:49.232195	0	\N	Y	\N
a2ee2bcd86bc4fb18fa0ee9cc8fb29aa	0	0	594d3542c5064341afa0c00251e928e4	8b2245b92dec456dae02f9157e9ffdbe	8a20521b686846c68630b1514393c3fc	email	email	email	40	Y			2022-10-19 23:19:49.232195	0	2022-10-19 23:19:49.232195	0	\N	Y	\N
59e480828f5f43e896d983004503d39e	0	0	2fba1704f9364fa9be125ae569c5a565	8b2245b92dec456dae02f9157e9ffdbe	8a20521b686846c68630b1514393c3fc	isactive	isactive	isactive	50	Y			2022-10-19 23:19:49.232195	0	2022-10-19 23:19:49.232195	0	\N	Y	\N
faf4b4ac80504507986e4ec275fac490	0	0	1f0c104e2f8b4b6596a47377951af355	8b2245b92dec456dae02f9157e9ffdbe	8a20521b686846c68630b1514393c3fc	iscustomer	iscustomer	iscustomer	60	Y			2022-10-19 23:19:49.232195	0	2022-10-19 23:19:49.232195	0	\N	Y	\N
4f69d90e47b6414780d4ddb6273b62a1	0	0	f502a16d116042dbbfe9d344f8c0d4d7	8b2245b92dec456dae02f9157e9ffdbe	8a20521b686846c68630b1514393c3fc	isvendor	isvendor	isvendor	70	Y			2022-10-19 23:19:49.232195	0	2022-10-19 23:19:49.232195	0	\N	Y	\N
fbf463294a9242c89484786a8e11a450	0	0	24b29a4edfce41d7bdd5d7361c09e2a9	8b2245b92dec456dae02f9157e9ffdbe	8a20521b686846c68630b1514393c3fc	last	last	last	80	Y			2022-10-19 23:19:49.232195	0	2022-10-19 23:19:49.232195	0	\N	Y	\N
e976e457619d4fc7b30d444604becc28	0	0	b59b16f566454bea891417463d0b1ab5	8b2245b92dec456dae02f9157e9ffdbe	8a20521b686846c68630b1514393c3fc	name	name	name	90	Y			2022-10-19 23:19:49.232195	0	2022-10-19 23:19:49.232195	0	\N	Y	\N
6569637f920f4c3ebae6519a630fab9c	0	0	34c04db10182422b93943bbeb68fe2a4	8b2245b92dec456dae02f9157e9ffdbe	8a20521b686846c68630b1514393c3fc	taxid	taxid	taxid	100	Y			2022-10-19 23:19:49.232195	0	2022-10-19 23:19:49.232195	0	\N	Y	\N
aeefe1191300422b9d7f15ef55bfeeda	0	0	0c6ce7ab72b94d82b8dd264dba373629	8b2245b92dec456dae02f9157e9ffdbe	8a20521b686846c68630b1514393c3fc	uid	uid	uid	110	Y			2022-10-19 23:19:49.232195	0	2022-10-19 23:19:49.232195	0	\N	Y	\N
26a587e254954adcae3e031ec8c07c5d	0	0	e5bdd01af2ad4e12bef7b2efc9f047c2	8b2245b92dec456dae02f9157e9ffdbe	8a20521b686846c68630b1514393c3fc	value	value	value	120	Y			2022-10-19 23:19:49.232195	0	2022-10-19 23:19:49.232195	0	\N	Y	\N
c3e0b974e3ec4170882535ba3d37fd43	0	0	09fb12860abc4f4c83946db2f43cc559	8b2245b92dec456dae02f9157e9ffdbe	265fb66e98d04da69fa8281a175f47a2	ad_client_id	ad_client_id	ad_client_id	10	Y			2022-10-19 23:56:36.789198	0	2022-10-19 23:56:36.789198	0	\N	Y	\N
af1c3d9f8dbc4002a3df40bd7293aad3	0	0	f5e10fa4e25948fcb4e180fe8cbaed85	8b2245b92dec456dae02f9157e9ffdbe	265fb66e98d04da69fa8281a175f47a2	ad_org_id	ad_org_id	ad_org_id	20	Y			2022-10-19 23:56:36.789198	0	2022-10-19 23:56:36.789198	0	\N	Y	\N
95c1bc6c12194bdaaad4e2885fe5fdda	0	0	529e25e346384e0a8eeea2881bd0f6bb	8b2245b92dec456dae02f9157e9ffdbe	265fb66e98d04da69fa8281a175f47a2	fin_cashupmtype_id	fin_cashupmtype_id	fin_cashupmtype_id	30	Y			2022-10-19 23:56:36.789198	0	2022-10-19 23:56:36.789198	0	\N	Y	\N
4a7c214259584d62af6d4587723f2c02	0	0	74664b2e8a8d42e491c4029fc5fad288	8b2245b92dec456dae02f9157e9ffdbe	265fb66e98d04da69fa8281a175f47a2	isactive	isactive	isactive	40	Y			2022-10-19 23:56:36.789198	0	2022-10-19 23:56:36.789198	0	\N	Y	\N
effb7c4561c045f0a2d036b5ee7a3c8f	0	0	c285a2a5c78b4b47833e1e6afaad3ffd	8b2245b92dec456dae02f9157e9ffdbe	265fb66e98d04da69fa8281a175f47a2	name	name	name	50	Y			2022-10-19 23:56:36.789198	0	2022-10-19 23:56:36.789198	0	\N	Y	\N
2580dd2bb23e4a4fb5b0b0d6ff3ec722	0	0	b3438745240e44e0814a881f174ebcc8	8b2245b92dec456dae02f9157e9ffdbe	265fb66e98d04da69fa8281a175f47a2	value	value	value	60	Y			2022-10-19 23:56:36.789198	0	2022-10-19 23:56:36.789198	0	\N	Y	\N
43bb752bb1ba4165b02eac7b74627b6f	0	0	e11c34e2b18548ce9fd7e56446a815f3	8b2245b92dec456dae02f9157e9ffdbe	21d47f05df8c4776b6bfecc55a39594b	ad_client_id	ad_client_id	ad_client_id	10	Y			2022-10-19 23:57:11.759266	0	2022-10-19 23:57:11.759266	0	\N	Y	\N
6dbf514ace2c4e50a28d66698ab787c2	0	0	451ba128849341b2bfb5697449a73fe4	8b2245b92dec456dae02f9157e9ffdbe	21d47f05df8c4776b6bfecc55a39594b	ad_org_id	ad_org_id	ad_org_id	20	Y			2022-10-19 23:57:11.759266	0	2022-10-19 23:57:11.759266	0	\N	Y	\N
4197543636cd4a97b00e15c02b727ed1	0	0	9f8166d979c74e3c9b34b053968986d7	8b2245b92dec456dae02f9157e9ffdbe	21d47f05df8c4776b6bfecc55a39594b	name	name	name	50	Y			2022-10-19 23:57:11.759266	0	2022-10-19 23:57:11.759266	0	\N	Y	\N
d001b60176c64cedafb1998f44acc6f3	0	0	a239ccc523cf44a1a9cf5c1c9ba73ea0	8b2245b92dec456dae02f9157e9ffdbe	21d47f05df8c4776b6bfecc55a39594b	isactive	isactive	isactive	250	Y			2022-10-19 23:57:11.759266	0	2022-10-19 23:57:11.759266	0	\N	Y	\N
ff47b3b87f624deaba8d8c95c6cf311b	0	0	c4c472ae7d384d2e910be71a0f714afb	8b2245b92dec456dae02f9157e9ffdbe	21d47f05df8c4776b6bfecc55a39594b	m_movementtype_id	m_movementtype_id	m_movementtype_id	30	Y			2022-10-19 23:57:11.759266	0	2022-10-19 23:57:11.759266	0	\N	Y	\N
ad31a42386e94519b4acb50b60c8fb6b	0	0	4f5786b8ef2a4f37bd83712e1415e6ac	8b2245b92dec456dae02f9157e9ffdbe	21d47f05df8c4776b6bfecc55a39594b	value	value	value	40	Y			2022-10-19 23:57:11.759266	0	2022-10-19 23:57:11.759266	0	\N	Y	\N
6770cd2c9dba4076abd787b481049782	0	0	3521f121a15a4190a65b84f2fc40d823	8b2245b92dec456dae02f9157e9ffdbe	3473f31dea96413f85854180ed6b0ea4	ad_client_id	ad_client_id	ad_client_id	10	Y			2022-10-19 23:57:56.889155	0	2022-10-19 23:57:56.889155	0	\N	Y	\N
8212452f8c8c44f39e2951482710c04b	0	0	430593ea9a314f978174b501041db08f	8b2245b92dec456dae02f9157e9ffdbe	3473f31dea96413f85854180ed6b0ea4	ad_org_id	ad_org_id	ad_org_id	20	Y			2022-10-19 23:57:56.889155	0	2022-10-19 23:57:56.889155	0	\N	Y	\N
ab0fdc21b2854d08a7da1831ab154b80	0	0	39aa3ed8d48e4623bb3f3f742a40e310	8b2245b92dec456dae02f9157e9ffdbe	3473f31dea96413f85854180ed6b0ea4	documentno	documentno	documentno	50	Y			2022-10-19 23:57:56.889155	0	2022-10-19 23:57:56.889155	0	\N	Y	\N
c92644e9f42646dea0a825d4c89a7062	0	0	17254b813a8d40608cd4ee9c3b216c1d	8b2245b92dec456dae02f9157e9ffdbe	203bcbdbd73b4fec865b9874473ef5bc	ad_client_id	ad_client_id	ad_client_id	10	Y			2022-10-19 23:57:56.889155	0	2022-10-19 23:57:56.889155	0	\N	Y	\N
5e5236988ac34117874b4a5fd34a740f	0	0	0698b2c9c1964a5bb29cda277c1c5ae2	8b2245b92dec456dae02f9157e9ffdbe	203bcbdbd73b4fec865b9874473ef5bc	ad_org_id	ad_org_id	ad_org_id	20	Y			2022-10-19 23:57:56.889155	0	2022-10-19 23:57:56.889155	0	\N	Y	\N
17a6f0a8887a4bd8ae0722b5d0e63410	0	0	d7353534b4054e2da11b750e05525604	8b2245b92dec456dae02f9157e9ffdbe	203bcbdbd73b4fec865b9874473ef5bc	amount	amount	amount	70	Y			2022-10-19 23:57:56.889155	0	2022-10-19 23:57:56.889155	0	\N	Y	\N
ddbe54ad34af41ccaef243f09490bea1	0	0	05488ecead534c489ed78459e0fda0d3	8b2245b92dec456dae02f9157e9ffdbe	203bcbdbd73b4fec865b9874473ef5bc	comment	comment	comment	80	Y			2022-10-19 23:57:56.889155	0	2022-10-19 23:57:56.889155	0	\N	Y	\N
2644bbb8a40d40eaaf33763ef35fe9fe	0	0	1f7c3ca28eda422db1afe860dfc3b10b	8b2245b92dec456dae02f9157e9ffdbe	203bcbdbd73b4fec865b9874473ef5bc	fin_cashup_id	fin_cashup_id	fin_cashup_id	30	Y			2022-10-19 23:57:56.889155	0	2022-10-19 23:57:56.889155	0	\N	Y	\N
c9c47f19fc76414ab7077d67a7fba13e	0	0	9a100023f1dc45af8e81e0ab3c2cb655	8b2245b92dec456dae02f9157e9ffdbe	203bcbdbd73b4fec865b9874473ef5bc	fin_cashupline_id	fin_cashupline_id	fin_cashupline_id	40	Y			2022-10-19 23:57:56.889155	0	2022-10-19 23:57:56.889155	0	\N	Y	\N
a20105ee98914efdac830f0b86916847	0	0	967f4db2c2074b769ad014cf0b3ef68d	8b2245b92dec456dae02f9157e9ffdbe	2889003154bb4b888892bfbd133288cf	price	price	price	70	Y			2022-10-19 23:17:16.406347	0	2022-10-20 18:02:25.698098	0	\N	Y	\N
5f2ace9fbca344e4b6b036c23c8dccee	0	0	ca4bd54f036a45b0aac30ecd0b10ecae	8b2245b92dec456dae02f9157e9ffdbe	409c022e6ccb4c0eb103ddd3e7dfc335	iscomplete	iscomplete	iscomplete	170	Y			2022-10-20 18:33:53.498626	0	2022-10-20 18:33:53.498626	0	\N	Y	\N
a6f51a7eb3d446d286a94e3ae0f2a356	0	0	8139a7af85dd479f8d9bc06315b9c5c4	8b2245b92dec456dae02f9157e9ffdbe	fe9b0705e9fc47b29cb0e6c5e740025e	default_value	Default Value	Default Values	150	Y			2022-10-21 17:48:57.820315	0	2022-10-21 17:48:57.820315	0	\N	Y	\N
9917dac8d86c47859ba4bd5e1eb3228a	0	0	e99589cd25d7493885ff66ab119bf003	8b2245b92dec456dae02f9157e9ffdbe	7f6f41364f02461eab90bd09a13a5fca	sql_where	Sql Where	Sql Where	160	Y			2022-10-22 20:39:09.483489	0	2022-10-22 20:40:27.29628	0		Y	\N
8f8e59653dc948deba4a966fb225c228	0	0	555709af3be84c88914e87fa0189cc18	8b2245b92dec456dae02f9157e9ffdbe	7f6f41364f02461eab90bd09a13a5fca	sql_orderby	Sql OrderBy	Sql OrderBy	170	Y			2022-10-22 20:40:14.310713	0	2022-10-22 20:40:37.211676	0		Y	\N
4e19eca2c2154f68ae15080e72b6c13a	0	0	9a98fb4bfe044cc589133dd78198308d	8b2245b92dec456dae02f9157e9ffdbe	f6b09fc472364d318c2e0bc909653b0b	ad_client_id	ad_client_id	ad_client_id	10	Y			2022-10-23 20:00:43.256544	0	2022-10-23 20:00:43.256544	0	\N	Y	\N
f48f116f52084a85a47f4e4775dbf227	0	0	d6464dddcaa24199a4a325b2c36e2f62	8b2245b92dec456dae02f9157e9ffdbe	f6b09fc472364d318c2e0bc909653b0b	ad_org_id	ad_org_id	ad_org_id	20	Y			2022-10-23 20:00:43.256544	0	2022-10-23 20:00:43.256544	0	\N	Y	\N
1e7afd70df3f476a96704ebb4119c4ae	0	0	0654c1240c54450bae9906dd2875ba46	8b2245b92dec456dae02f9157e9ffdbe	f6b09fc472364d318c2e0bc909653b0b	fin_paymentmethod_id	fin_paymentmethod_id	fin_paymentmethod_id	50	Y			2022-10-23 20:00:43.256544	0	2022-10-23 20:00:43.256544	0	\N	Y	\N
5392599bea65482684df3686d49b213b	0	0	ee9c4fbffaa7452aa83b5858eb43eb9e	8b2245b92dec456dae02f9157e9ffdbe	409c022e6ccb4c0eb103ddd3e7dfc335	total	total	total	130	Y			2022-10-20 18:33:53.498626	0	2022-10-20 18:33:53.498626	0	\N	Y	\N
71d6f84ef59b4856b8805155da4b85cf	0	0	0770c15f2c1f4353abd8e512d35fdd2d	8b2245b92dec456dae02f9157e9ffdbe	409c022e6ccb4c0eb103ddd3e7dfc335	documentno	documentno	documentno	50	Y			2022-10-19 23:17:16.406347	0	2022-10-19 23:17:16.406347	0	\N	Y	\N
ca1325175a2448b79d3adbba0e609ee7	0	0	04c1aab7955f4d93beebf40a5ea2f700	8b2245b92dec456dae02f9157e9ffdbe	409c022e6ccb4c0eb103ddd3e7dfc335	discount	discount	discount	110	Y			2022-10-20 18:33:53.498626	0	2022-10-20 18:33:53.498626	0	\N	Y	\N
b798aa1e2c4746e0b8521c6041c605b4	0	0	0ba8ed96c5ff44f38c57a3907a6b5be9	8b2245b92dec456dae02f9157e9ffdbe	409c022e6ccb4c0eb103ddd3e7dfc335	subtotal	subtotal	subtotal	100	Y			2022-10-20 18:33:53.498626	0	2022-10-20 18:33:53.498626	0	\N	Y	\N
f978f3a9a919493094b43737d2ad2aff	0	0	aac86bc9ec354fa9881ebda9dcf3a2cc	8b2245b92dec456dae02f9157e9ffdbe	409c022e6ccb4c0eb103ddd3e7dfc335	tax	tax	tax	120	Y			2022-10-20 18:33:53.498626	0	2022-10-20 18:33:53.498626	0	\N	Y	\N
3cd04a773bfa427089dec0aa086a7390	0	0	96c2059225c14c55b0d02ae2f038d179	8b2245b92dec456dae02f9157e9ffdbe	409c022e6ccb4c0eb103ddd3e7dfc335	xml	xml	xml	150	Y			2022-10-21 17:37:29.569194	0	2022-10-21 17:37:29.569194	0	\N	Y	\N
e5574879c64a4feb94f29b8703eda7e0	0	0	71b3cd88c8c841e786fee2e342a6a89d	8b2245b92dec456dae02f9157e9ffdbe	409c022e6ccb4c0eb103ddd3e7dfc335	uuid	uuid	uuid	140	Y			2022-10-21 17:37:29.569194	0	2022-10-21 17:37:29.569194	0	\N	Y	\N
e842f017ab2a4d068605151a8b4d469f	0	0	f15ee8efa9ec4ff1925b209e4c20813e	8b2245b92dec456dae02f9157e9ffdbe	409c022e6ccb4c0eb103ddd3e7dfc335	issotrx	issotrx	issotrx	160	Y			2022-10-19 23:17:16.406347	0	2022-10-21 17:50:15.869391	0	Y	Y	\N
4ae6a1ecf8fa48ef9aea6750be131347	0	0	24fd07c5a6db46299ba64f61e3f1559f	8b2245b92dec456dae02f9157e9ffdbe	409c022e6ccb4c0eb103ddd3e7dfc335	btn_complete	Complete	Complete	180	Y	@iscomplete@ != 'Y'		2022-10-22 17:32:39.146815	0	2022-10-27 14:49:12.457496	0		Y	\N
e56de257714c4229831ca0f55b648b47	0	0	fbf713a6008846539ee6ec6a17e3debd	8b2245b92dec456dae02f9157e9ffdbe	409c022e6ccb4c0eb103ddd3e7dfc335	series	series	series	60	Y			2022-10-19 23:17:16.406347	0	2022-10-19 23:17:16.406347	0	\N	Y	\N
391a535157ba47ad943c28e5b7300fc5	0	0	0f0df9a313604618912d7e4223714a9b	8b2245b92dec456dae02f9157e9ffdbe	409c022e6ccb4c0eb103ddd3e7dfc335	number	number	number	70	Y			2022-10-21 17:37:29.569194	0	2022-10-21 17:37:29.569194	0	\N	Y	\N
2586fa9bc10341279ce42a1cade1aa00	0	0	f1d997efdd334bb2a1bb3323b39b4220	8b2245b92dec456dae02f9157e9ffdbe	409c022e6ccb4c0eb103ddd3e7dfc335	dateordered	dateordered	dateordered	40	Y			2022-10-19 23:17:16.406347	0	2022-10-22 22:06:36.632719	0	now()	Y	\N
d662a00366e04b2f8a595adbf158eb3d	0	0	589a7108c30646589183b75af397283e	8b2245b92dec456dae02f9157e9ffdbe	2889003154bb4b888892bfbd133288cf	cost	cost	cost	90	Y			2022-10-19 23:17:16.406347	0	2022-10-20 18:02:20.031849	0	\N	Y	\N
fedc03d8f6e9416c8a19d5ddfeae7284	0	0	2f1419de359b4bcc8c70f07eb6a10f0d	8b2245b92dec456dae02f9157e9ffdbe	2889003154bb4b888892bfbd133288cf	linetax	linetax	linetax	110	Y			2022-10-20 18:34:37.198364	0	2022-10-20 18:34:37.198364	0	\N	Y	\N
a5aafd6e8c6047549d928e48fd5aa399	0	0	ede61455ed4b408c9e9ba31edf1f9166	8b2245b92dec456dae02f9157e9ffdbe	2889003154bb4b888892bfbd133288cf	discount	discount	discount	100	Y			2022-10-20 18:34:37.198364	0	2022-10-20 18:34:37.198364	0	\N	Y	\N
201dfbe2643b43ec9cac28ac5389a619	0	0	49c6346218294a739f8ec4718ed931c4	8b2245b92dec456dae02f9157e9ffdbe	3473f31dea96413f85854180ed6b0ea4	cashupdate	cashupdate	cashupdate	40	Y			2022-10-19 23:57:56.889155	0	2022-10-25 21:44:28.583148	0	now()	Y	\N
a5408ffb4882441699e61c5c15c24696	0	0	552fd40d31f84668a357423d4db2d737	8b2245b92dec456dae02f9157e9ffdbe	f6b09fc472364d318c2e0bc909653b0b	amount	amount	amount	60	Y			2022-10-23 20:00:43.256544	0	2022-11-05 14:57:47.476503	0	0.0	Y	\N
971837adf8044cb3a02f83bcbfb35b96	0	0	b026c5ddf8164e1180b897a0edab6126	8b2245b92dec456dae02f9157e9ffdbe	203bcbdbd73b4fec865b9874473ef5bc	fin_cashupmtype_id	fin_cashupmtype_id	fin_cashupmtype_id	50	Y			2022-10-19 23:57:56.889155	0	2022-10-19 23:57:56.889155	0	\N	Y	\N
ef6ad5a5662f4e2193ecb818d0b58f7c	0	0	748765298a094f3eb849a0d530456d8e	8b2245b92dec456dae02f9157e9ffdbe	203bcbdbd73b4fec865b9874473ef5bc	fin_paymentmethod_id	fin_paymentmethod_id	fin_paymentmethod_id	60	Y			2022-10-19 23:57:56.889155	0	2022-10-19 23:57:56.889155	0	\N	Y	\N
aa00960eae5f497d8d54731113691154	0	0	33bf0923c14e4c098658192898e0482f	8b2245b92dec456dae02f9157e9ffdbe	203bcbdbd73b4fec865b9874473ef5bc	isactive	isactive	isactive	250	Y			2022-10-19 23:57:56.889155	0	2022-10-19 23:57:56.889155	0	\N	Y	\N
96945ff51ba14601b9c351faac16f3b3	0	0	9b9dc636eb654e62a931cd71d716c32b	8b2245b92dec456dae02f9157e9ffdbe	203bcbdbd73b4fec865b9874473ef5bc	reference	reference	reference	90	Y			2022-10-19 23:57:56.889155	0	2022-10-19 23:57:56.889155	0	\N	Y	\N
b5a0bd74b4124cdab0225b096df57511	0	0	cbfed90a29f54acfab64cdd31fc5a75c	8b2245b92dec456dae02f9157e9ffdbe	2889003154bb4b888892bfbd133288cf	subtotal	subtotal	subtotal	120	Y			2022-10-20 18:34:37.198364	0	2022-10-20 18:34:37.198364	0	\N	Y	\N
f71e5c99f1ec4819aaba94dc196856dc	0	0	a6ae1429f9ac4303bf58e4d6664c7099	8b2245b92dec456dae02f9157e9ffdbe	2889003154bb4b888892bfbd133288cf	qty	qty	qty	80	Y			2022-10-19 23:17:16.406347	0	2022-10-19 23:17:16.406347	0	\N	Y	\N
034f82f8ff0b4a20aeb31406c06ea9ff	0	0	eec65035f0ce4f2db41985b3cd7c77cf	8b2245b92dec456dae02f9157e9ffdbe	2889003154bb4b888892bfbd133288cf	linetotal	linetotal	linetotal	130	Y			2022-10-20 18:34:37.198364	0	2022-10-20 18:34:37.198364	0	\N	Y	\N
e8000627c2304b76bb57d8d362cc2ee6	0	0	e8000627c2304b76bb57d8d362cc2ee6	8b2245b92dec456dae02f9157e9ffdbe	4b9dcfdf4e06409fbf9fa4fe508cb102	birth_date	Birth Date	Birth Date	120	Y			2022-09-05 18:56:06.726323	0	2022-11-01 16:12:38.524214	0	now()	Y	\N
452ba9c22c3f4e149bfbf5977c0fd193	0	0	67bffc779f544486941e86bda3016ac0	8b2245b92dec456dae02f9157e9ffdbe	3752af510b6d435d994c4695b659eda1	ad_client_id	ad_client_id	ad_client_id	10	Y			2022-11-01 16:45:07.668518	0	2022-11-01 16:45:07.668518	0	\N	Y	\N
f38902c9dcfc472684753b9ba2bf4cf8	0	0	91be193016f84eed857448b484b7be52	8b2245b92dec456dae02f9157e9ffdbe	3752af510b6d435d994c4695b659eda1	ad_org_id	ad_org_id	ad_org_id	20	Y			2022-11-01 16:45:07.668518	0	2022-11-01 16:45:07.668518	0	\N	Y	\N
83c8cb155c424793b47631d944cc2fb3	0	0	6ea77d5622fc458e9614399467eb8aac	8b2245b92dec456dae02f9157e9ffdbe	3752af510b6d435d994c4695b659eda1	c_location_id	c_location_id	c_location_id	30	Y			2022-11-01 16:45:07.668518	0	2022-11-01 16:45:07.668518	0	\N	Y	\N
20471aa6dc204fb4bfd1c8667a4ed36b	0	0	09d75e22b10f4a079222ce7d13b22170	8b2245b92dec456dae02f9157e9ffdbe	3752af510b6d435d994c4695b659eda1	isactive	isactive	isactive	40	Y			2022-11-01 16:45:07.668518	0	2022-11-01 16:45:07.668518	0	\N	Y	\N
3ed28c539ea3454faf954d4e71820984	0	0	70d79b79a6484dd4bb36d7d9395fa7a9	8b2245b92dec456dae02f9157e9ffdbe	3752af510b6d435d994c4695b659eda1	m_warehouse_id	m_warehouse_id	m_warehouse_id	50	Y			2022-11-01 16:45:07.668518	0	2022-11-01 16:45:07.668518	0	\N	Y	\N
bab51d8cfac84bf992d71eb1d4b85e17	0	0	1b9390861944479aa3b508bcf1624cca	8b2245b92dec456dae02f9157e9ffdbe	3752af510b6d435d994c4695b659eda1	name	name	name	60	Y			2022-11-01 16:45:07.668518	0	2022-11-01 16:45:07.668518	0	\N	Y	\N
4f296989c70249719e10a1c3be4c3a26	0	0	7d7f4cb48b244b338d0561ed908b1415	8b2245b92dec456dae02f9157e9ffdbe	3752af510b6d435d994c4695b659eda1	value	value	value	70	Y			2022-11-01 16:45:07.668518	0	2022-11-01 16:45:07.668518	0	\N	Y	\N
af015b969e894f35b8c9bc3f61e223d1	0	0	df6373aec189402eb2782df53db9805d	8b2245b92dec456dae02f9157e9ffdbe	5a3ce2dfb2e34c6e9505c6fa84faee73	ad_client_id	ad_client_id	ad_client_id	10	Y			2022-11-01 16:49:23.682897	0	2022-11-01 16:49:23.682897	0	\N	Y	\N
4a29b073299f4370858ca4f3f3cbb164	0	0	f4dabecfad174ba4ac8d821cb21970a1	8b2245b92dec456dae02f9157e9ffdbe	5a3ce2dfb2e34c6e9505c6fa84faee73	ad_org_id	ad_org_id	ad_org_id	20	Y			2022-11-01 16:49:23.682897	0	2022-11-01 16:49:23.682897	0	\N	Y	\N
e22366e1c17e494798b2bcd6ca6b5505	0	0	e0a618210ec74e99aa11ce8b623d5fde	8b2245b92dec456dae02f9157e9ffdbe	5a3ce2dfb2e34c6e9505c6fa84faee73	c_location_id	c_location_id	c_location_id	30	Y			2022-11-01 16:49:23.682897	0	2022-11-01 16:49:23.682897	0	\N	Y	\N
9e3cd661c1764e57a6835a483ca868b8	0	0	fe774090166c4ed0be68f023c65b450a	8b2245b92dec456dae02f9157e9ffdbe	5a3ce2dfb2e34c6e9505c6fa84faee73	isactive	isactive	isactive	40	Y			2022-11-01 16:49:23.682897	0	2022-11-01 16:49:23.682897	0	\N	Y	\N
d36b5572aaba4461b5576730be7d1144	0	0	4056680e2a784eada9b71f45ea603df7	8b2245b92dec456dae02f9157e9ffdbe	5a3ce2dfb2e34c6e9505c6fa84faee73	name	name	name	50	Y			2022-11-01 16:49:23.682897	0	2022-11-01 16:49:23.682897	0	\N	Y	\N
77624adfaa2a4ec3a45399f23c04e55d	0	0	34ee19ae1d364dd69f5e92aeeaf9c5d1	8b2245b92dec456dae02f9157e9ffdbe	5a3ce2dfb2e34c6e9505c6fa84faee73	value	value	value	60	Y			2022-11-01 16:49:23.682897	0	2022-11-01 16:49:23.682897	0	\N	Y	\N
cf27b1d1942c4f2ba6528e64700db7df	0	0	fbb6d18366c543d3b1b84785633b0e4b	8b2245b92dec456dae02f9157e9ffdbe	b3fcf46dca134536864cc49bb99f3fef	ad_client_id	ad_client_id	ad_client_id	10	Y			2022-11-01 16:58:48.76279	0	2022-11-01 16:58:48.76279	0	\N	Y	\N
2ef096a388434fd7aba2669910036276	0	0	47dbadd579a5421cb48903121a055ce5	8b2245b92dec456dae02f9157e9ffdbe	b3fcf46dca134536864cc49bb99f3fef	ad_org_id	ad_org_id	ad_org_id	20	Y			2022-11-01 16:58:48.76279	0	2022-11-01 16:58:48.76279	0	\N	Y	\N
4b4e1b4dde2942f58691825ed140231c	0	0	1374f968d2de4c6989c1c4c8785c098f	8b2245b92dec456dae02f9157e9ffdbe	b3fcf46dca134536864cc49bb99f3fef	isactive	isactive	isactive	30	Y			2022-11-01 16:58:48.76279	0	2022-11-01 16:58:48.76279	0	\N	Y	\N
ae46fd3be0894b738f9a1e8fbef6766f	0	0	5ed7ad5aa99140d8982d953a30088336	8b2245b92dec456dae02f9157e9ffdbe	b3fcf46dca134536864cc49bb99f3fef	m_inventorytype_id	m_inventorytype_id	m_inventorytype_id	40	Y			2022-11-01 16:58:48.76279	0	2022-11-01 16:58:48.76279	0	\N	Y	\N
95c0415c23104279a67cd0db6e4b0399	0	0	a72f1b71ee6447ce873e2b8d6eefb28d	8b2245b92dec456dae02f9157e9ffdbe	b3fcf46dca134536864cc49bb99f3fef	name	name	name	50	Y			2022-11-01 16:58:48.76279	0	2022-11-01 16:58:48.76279	0	\N	Y	\N
ac3daf2348904125b13c8b8dd5eefd2c	0	0	5ee6227ca45c473c9a916aed0a0ac8d5	8b2245b92dec456dae02f9157e9ffdbe	b3fcf46dca134536864cc49bb99f3fef	value	value	value	60	Y			2022-11-01 16:58:48.76279	0	2022-11-01 16:58:48.76279	0	\N	Y	\N
ee4e0075304d4471847805075281d769	0	0	58a9fc26794249be879ba8489bd4642d	8b2245b92dec456dae02f9157e9ffdbe	37f63e5436c24fc6a4d0eda64aa9eac7	ad_client_id	ad_client_id	ad_client_id	10	Y			2022-11-03 15:31:28.282541	0	2022-11-03 15:31:28.282541	0	\N	Y	\N
8858eece17964ae0bd9773e3e2f23c29	0	0	ee613754fb8a46d5bf773008095c641b	8b2245b92dec456dae02f9157e9ffdbe	37f63e5436c24fc6a4d0eda64aa9eac7	ad_org_id	ad_org_id	ad_org_id	20	Y			2022-11-03 15:31:28.282541	0	2022-11-03 15:31:28.282541	0	\N	Y	\N
6b0b612f413f4f2695f915c2feea8311	0	0	8ccf65c806c347bd8d6bab984e3b6ee2	8b2245b92dec456dae02f9157e9ffdbe	a022eefa9a1b48f4b6577ceb88f94126	ad_client_id	ad_client_id	ad_client_id	10	Y			2022-11-03 15:32:21.417618	0	2022-11-03 15:32:21.417618	0	\N	Y	\N
39f06e8ef45f46fb86fff2aa60815fd4	0	0	0cd748f03f9343b9aac3fb8a485c6eb6	8b2245b92dec456dae02f9157e9ffdbe	a022eefa9a1b48f4b6577ceb88f94126	ad_org_id	ad_org_id	ad_org_id	20	Y			2022-11-03 15:32:21.417618	0	2022-11-03 15:32:21.417618	0	\N	Y	\N
dba18c3487c94b90a5e8fe33cf0ab06b	0	0	6fe922ed8029476da1c14a07c57a5300	8b2245b92dec456dae02f9157e9ffdbe	a022eefa9a1b48f4b6577ceb88f94126	c_location_id	c_location_id	c_location_id	50	Y			2022-11-03 15:32:21.417618	0	2022-11-03 15:32:21.417618	0	\N	Y	\N
268671dc36ac45808670a527e88a1c0a	0	0	94355877a2d84eecb37ace424df3c7e7	8b2245b92dec456dae02f9157e9ffdbe	a022eefa9a1b48f4b6577ceb88f94126	c_locationto	c_locationto	c_locationto	60	Y			2022-11-03 15:32:21.417618	0	2022-11-03 15:32:21.417618	0	\N	Y	\N
12394b1414534ffeb330b7f7dedf6b1d	0	0	bf13c302fecd4ca096942ba93c401a4c	8b2245b92dec456dae02f9157e9ffdbe	a022eefa9a1b48f4b6577ceb88f94126	cost	cost	cost	90	Y			2022-11-03 15:32:21.417618	0	2022-11-03 15:32:21.417618	0	\N	Y	\N
01adf6e733394f7892bb48fc69dbdd05	0	0	cda7030e1a33418fa5a34ce99787924d	8b2245b92dec456dae02f9157e9ffdbe	a022eefa9a1b48f4b6577ceb88f94126	c_uom_id	c_uom_id	c_uom_id	70	Y			2022-11-03 15:32:21.417618	0	2022-11-03 15:32:21.417618	0	\N	Y	\N
03739b9914c74b5db8aaac6544ba0e86	0	0	07063e35db384160a568a2f80128c111	8b2245b92dec456dae02f9157e9ffdbe	a022eefa9a1b48f4b6577ceb88f94126	isactive	isactive	isactive	250	Y			2022-11-03 15:32:21.417618	0	2022-11-03 15:32:21.417618	0	\N	Y	\N
0140060ac59148b1bb3cfb8e0c81b4f4	0	0	3cf331ac562144b59d71bb04e51391bd	8b2245b92dec456dae02f9157e9ffdbe	a022eefa9a1b48f4b6577ceb88f94126	m_movement_id	m_movement_id	m_movement_id	30	Y			2022-11-03 15:32:21.417618	0	2022-11-03 15:32:21.417618	0	\N	Y	\N
5676e17e44b7444fac02111b85dc3f68	0	0	ebeeee24ae7a4900afdc3bea4289ec36	8b2245b92dec456dae02f9157e9ffdbe	37f63e5436c24fc6a4d0eda64aa9eac7	c_location_id	c_location_id	c_location_id	50	Y			2022-11-03 15:31:28.282541	0	2022-11-03 15:31:28.282541	0	\N	Y	\N
6f22792f57674294824a0a8a460632e6	0	0	81dbb35891014d9ab3e077d150d5f45d	8b2245b92dec456dae02f9157e9ffdbe	37f63e5436c24fc6a4d0eda64aa9eac7	comment	comment	comment	90	Y			2022-11-03 15:31:28.282541	0	2022-11-03 15:31:28.282541	0	\N	Y	\N
9002bd9f1c364c49bb2216a2760b1118	0	0	a61431ba54764241b7ae50e5047100a7	8b2245b92dec456dae02f9157e9ffdbe	37f63e5436c24fc6a4d0eda64aa9eac7	documentno	documentno	documentno	70	Y			2022-11-03 15:31:28.282541	0	2022-11-03 15:31:28.282541	0	\N	Y	\N
285d72cf6f9a4e959a83491f8ef863fb	0	0	9d137349dcdc47fc978ec52d6121e555	8b2245b92dec456dae02f9157e9ffdbe	37f63e5436c24fc6a4d0eda64aa9eac7	isactive	isactive	isactive	250	Y			2022-11-03 15:31:28.282541	0	2022-11-03 15:31:28.282541	0	\N	Y	\N
6c829b926529498895b595fa1bdce9a0	0	0	619d82d46d244f6eac2a0eef5412c7a8	8b2245b92dec456dae02f9157e9ffdbe	37f63e5436c24fc6a4d0eda64aa9eac7	iscomplete	iscomplete	iscomplete	100	Y			2022-11-03 15:31:28.282541	0	2022-11-03 15:31:28.282541	0	\N	Y	\N
b62e033a9fda4951b6b468fef4c857ae	0	0	f695e1ffa3e745e0ac3c2103a9f0f03e	8b2245b92dec456dae02f9157e9ffdbe	37f63e5436c24fc6a4d0eda64aa9eac7	m_movement_id	m_movement_id	m_movement_id	30	Y			2022-11-03 15:31:28.282541	0	2022-11-03 15:31:28.282541	0	\N	Y	\N
34b3979b316e4a3990a1db7ecc5e4b7a	0	0	1c1adb126a0c4d9dafc2036c21383279	8b2245b92dec456dae02f9157e9ffdbe	37f63e5436c24fc6a4d0eda64aa9eac7	m_movementtype_id	m_movementtype_id	m_movementtype_id	40	Y			2022-11-03 15:31:28.282541	0	2022-11-03 15:31:28.282541	0	\N	Y	\N
6d8e15813d3b44608d562c2783c7844b	0	0	8bbeab8f1707490a90c5d5fb8c6bae88	8b2245b92dec456dae02f9157e9ffdbe	37f63e5436c24fc6a4d0eda64aa9eac7	movementdate	movementdate	movementdate	60	Y			2022-11-03 15:31:28.282541	0	2022-11-03 15:31:28.282541	0	\N	Y	\N
d12dfa417dc54f8eb2b2481c66330792	0	0	95b44c387e7c4b7bb0c0e01fe9e78479	8b2245b92dec456dae02f9157e9ffdbe	37f63e5436c24fc6a4d0eda64aa9eac7	series	series	series	80	Y			2022-11-03 15:31:28.282541	0	2022-11-03 15:31:28.282541	0	\N	Y	\N
095fcec7c9e443fda8f080ea99e0b99d	0	0	e6ed1ced02a84506a018c2ee1b492785	8b2245b92dec456dae02f9157e9ffdbe	a022eefa9a1b48f4b6577ceb88f94126	m_movementline_id	m_movementline_id	m_movementline_id	40	Y			2022-11-03 15:32:21.417618	0	2022-11-03 15:32:21.417618	0	\N	Y	\N
1d3391e020ef46b2a770d115224507b8	0	0	acac4a77b4614e739e902c73f62b80de	8b2245b92dec456dae02f9157e9ffdbe	a022eefa9a1b48f4b6577ceb88f94126	m_product_id	m_product_id	m_product_id	80	Y			2022-11-03 15:32:21.417618	0	2022-11-03 15:32:21.417618	0	\N	Y	\N
8eefc367196e4481ac650fa60b0cf0af	0	0	3524fc193cb940cda92a53a796488e3c	8b2245b92dec456dae02f9157e9ffdbe	a022eefa9a1b48f4b6577ceb88f94126	price	price	price	100	Y			2022-11-03 15:32:21.417618	0	2022-11-03 15:32:21.417618	0	\N	Y	\N
af5c6bf8d26748b296c77f6ed564371b	0	0	d42d0488cd654698901310d85df12996	8b2245b92dec456dae02f9157e9ffdbe	a022eefa9a1b48f4b6577ceb88f94126	qty	qty	qty	110	Y			2022-11-03 15:32:21.417618	0	2022-11-03 15:32:21.417618	0	\N	Y	\N
716e5ae0b4ca4a0b92e6ea16358c5c2c	0	0	75256767be9648bc94153659d3549469	8b2245b92dec456dae02f9157e9ffdbe	07befbfe9a1e45d6bbe1cddeceb8a4c7	ad_client_id	ad_client_id	ad_client_id	10	Y			2022-11-03 17:37:30.099394	0	2022-11-03 17:37:30.099394	0	\N	Y	\N
3de76249fb204641bf909ab126698607	0	0	2a0df33aeeb7493d8d72ba2f1725b413	8b2245b92dec456dae02f9157e9ffdbe	07befbfe9a1e45d6bbe1cddeceb8a4c7	ad_org_id	ad_org_id	ad_org_id	20	Y			2022-11-03 17:37:30.099394	0	2022-11-03 17:37:30.099394	0	\N	Y	\N
4b01f8f56245401fac1c609fd414b58d	0	0	a1f5e81bdc0644a6b91bd9351b627967	8b2245b92dec456dae02f9157e9ffdbe	07befbfe9a1e45d6bbe1cddeceb8a4c7	reference	reference	reference	130	Y			2022-11-03 17:37:30.099394	0	2022-11-03 17:37:30.099394	0	\N	Y	\N
3b401a1846dc4e0ca3ea336dafe02e36	0	0	55483e349891445ba8d81b23e6cb28d9	8b2245b92dec456dae02f9157e9ffdbe	c179371ec78f4130a0950fd6ce10ccdf	ad_client_id	ad_client_id	ad_client_id	10	Y			2022-11-03 17:37:38.753384	0	2022-11-03 17:37:38.753384	0	\N	Y	\N
70fa2faf18fe47638a39fcbb25b0ce3a	0	0	1c9a4f37084c4675aa54501b3ea126ef	8b2245b92dec456dae02f9157e9ffdbe	c179371ec78f4130a0950fd6ce10ccdf	ad_org_id	ad_org_id	ad_org_id	20	Y			2022-11-03 17:37:38.753384	0	2022-11-03 17:37:38.753384	0	\N	Y	\N
284e0816ff654de583278d4c6ae93348	0	0	d378e543dcdc42018c2bcad1dd586650	8b2245b92dec456dae02f9157e9ffdbe	07befbfe9a1e45d6bbe1cddeceb8a4c7	iscomplete	iscomplete	iscomplete	140	Y			2022-11-03 17:37:30.099394	0	2022-11-03 17:37:30.099394	0	\N	Y	\N
e0568714bbb84ba3b79a9fbc9fc80408	0	0	5d4d37feedc449dfa2b3a826ce7b00d1	8b2245b92dec456dae02f9157e9ffdbe	c179371ec78f4130a0950fd6ce10ccdf	c_locationfrom	c_locationfrom	c_locationfrom	50	Y			2022-11-03 17:37:38.753384	0	2022-11-03 17:37:38.753384	0	\N	Y	\N
290498233e2c44d38adcf23e45201b7d	0	0	9800b3946535443398bda3e1c37a9ab8	8b2245b92dec456dae02f9157e9ffdbe	c179371ec78f4130a0950fd6ce10ccdf	c_location_id	c_location_id	c_location_id	60	Y			2022-11-03 17:37:38.753384	0	2022-11-03 17:37:38.753384	0	\N	Y	\N
6925efbc38f44b629b92b050d59b926d	0	0	895f720232654b4e85c45d325d002e44	8b2245b92dec456dae02f9157e9ffdbe	c179371ec78f4130a0950fd6ce10ccdf	cost	cost	cost	100	Y			2022-11-03 17:37:38.753384	0	2022-11-03 17:37:38.753384	0	\N	Y	\N
4fb469beb0314439bc7a37f65fe68261	0	0	8052ad9ce4cd497ea008edbdc93e2c22	8b2245b92dec456dae02f9157e9ffdbe	c179371ec78f4130a0950fd6ce10ccdf	price	price	price	110	Y			2022-11-03 17:37:38.753384	0	2022-11-03 17:37:38.753384	0	\N	Y	\N
a79d0b45cad044b9b7e39f53be88ed8c	0	0	7a1268d67f8d4981a4b889aa2362d943	8b2245b92dec456dae02f9157e9ffdbe	c179371ec78f4130a0950fd6ce10ccdf	qty	qty	qty	120	Y			2022-11-03 17:37:38.753384	0	2022-11-03 17:37:38.753384	0	\N	Y	\N
01147bf6656246138145cf2ebc04725d	0	0	e609a41df1fe41fc87fba08cc2bb5ba2	8b2245b92dec456dae02f9157e9ffdbe	c179371ec78f4130a0950fd6ce10ccdf	reference	reference	reference	130	Y			2022-11-03 17:37:38.753384	0	2022-11-03 17:37:38.753384	0	\N	Y	\N
7749e40a92d94c6490c05345149bbae9	0	0	15c840bea9994ec8a792c10d5f4817fe	8b2245b92dec456dae02f9157e9ffdbe	07befbfe9a1e45d6bbe1cddeceb8a4c7	comment	comment	comment	100	Y			2022-11-03 17:37:30.099394	0	2022-11-03 17:37:30.099394	0	\N	Y	\N
081ba46eaf1f4852a031c0d245b14c9f	0	0	a01ac4eaa3254a59a70718200c436c04	8b2245b92dec456dae02f9157e9ffdbe	07befbfe9a1e45d6bbe1cddeceb8a4c7	documentno	documentno	documentno	70	Y			2022-11-03 17:37:30.099394	0	2022-11-03 17:37:30.099394	0	\N	Y	\N
322b263e7dcf44148040bd17d99bb583	0	0	749039748198495aa3683d4215e84fd8	8b2245b92dec456dae02f9157e9ffdbe	07befbfe9a1e45d6bbe1cddeceb8a4c7	isactive	isactive	isactive	250	Y			2022-11-03 17:37:30.099394	0	2022-11-03 17:37:30.099394	0	\N	Y	\N
6a81503faa4d4486a80d722063994e68	0	0	07de1f2862eb4d848574ef326a3af1a7	8b2245b92dec456dae02f9157e9ffdbe	07befbfe9a1e45d6bbe1cddeceb8a4c7	m_inventory_id	m_inventory_id	m_inventory_id	30	Y			2022-11-03 17:37:30.099394	0	2022-11-03 17:37:30.099394	0	\N	Y	\N
cc79c596d5094788bc14292f9f18dd66	0	0	c72ddc0e7f0e4a64a8a10a99ee68580c	8b2245b92dec456dae02f9157e9ffdbe	07befbfe9a1e45d6bbe1cddeceb8a4c7	m_warehouse_id	m_warehouse_id	m_warehouse_id	50	Y			2022-11-03 17:37:30.099394	0	2022-11-03 17:37:30.099394	0	\N	Y	\N
25b9e4e5474c41448a52c8bdb78264cf	0	0	b43902898f8a4bb383bb9880f0483e4f	8b2245b92dec456dae02f9157e9ffdbe	07befbfe9a1e45d6bbe1cddeceb8a4c7	number	number	number	90	Y			2022-11-03 17:37:30.099394	0	2022-11-03 17:37:30.099394	0	\N	Y	\N
b7b47e397a2e4a58b4a4763ba1670094	0	0	73ef34f19ad347bab32104fd8f8104aa	8b2245b92dec456dae02f9157e9ffdbe	07befbfe9a1e45d6bbe1cddeceb8a4c7	series	series	series	80	Y			2022-11-03 17:37:30.099394	0	2022-11-03 17:37:30.099394	0	\N	Y	\N
406c2a1a6b894d97b59f8e62a661e256	0	0	3c67376c272743fc9e2509a512ded0bd	8b2245b92dec456dae02f9157e9ffdbe	c179371ec78f4130a0950fd6ce10ccdf	c_uom_id	c_uom_id	c_uom_id	70	Y			2022-11-03 17:37:38.753384	0	2022-11-03 17:37:38.753384	0	\N	Y	\N
7e4d02aae3594797844944685488df62	0	0	333e017448504fe69a28aed7136d5416	8b2245b92dec456dae02f9157e9ffdbe	c179371ec78f4130a0950fd6ce10ccdf	isactive	isactive	isactive	90	Y			2022-11-03 17:37:38.753384	0	2022-11-03 17:37:38.753384	0	\N	Y	\N
b278b34857f54695a9c203e19db7da85	0	0	e24a57c4ec324a10a99f0f30963ca677	8b2245b92dec456dae02f9157e9ffdbe	c179371ec78f4130a0950fd6ce10ccdf	m_inventory_id	m_inventory_id	m_inventory_id	30	Y			2022-11-03 17:37:38.753384	0	2022-11-03 17:37:38.753384	0	\N	Y	\N
e422e916fb694016bb875f0f090475ad	0	0	6293937202344b7f9e50644adc2634c6	8b2245b92dec456dae02f9157e9ffdbe	c179371ec78f4130a0950fd6ce10ccdf	m_inventoryline_id	m_inventoryline_id	m_inventoryline_id	40	Y			2022-11-03 17:37:38.753384	0	2022-11-03 17:37:38.753384	0	\N	Y	\N
6f80659218c44154b3f33c8e7b165a09	0	0	7cb02cced9e44e6c84a0102194b89fa3	8b2245b92dec456dae02f9157e9ffdbe	c179371ec78f4130a0950fd6ce10ccdf	m_product_id	m_product_id	m_product_id	80	Y			2022-11-03 17:37:38.753384	0	2022-11-03 17:37:38.753384	0	\N	Y	\N
cfa0c1c818214a68a26c045ba78b53f6	0	0	54418cd3e4f44d87972a210322d89cc8	8b2245b92dec456dae02f9157e9ffdbe	07befbfe9a1e45d6bbe1cddeceb8a4c7	movementdate	movementdate	movementdate	60	Y			2022-11-03 17:37:30.099394	0	2022-11-03 18:22:37.669676	0	now()	Y	\N
2c3cf0d2816945c0816365fe517674a5	0	0	f5434d47b93a47f3a9931c74a81d7357	8b2245b92dec456dae02f9157e9ffdbe	07befbfe9a1e45d6bbe1cddeceb8a4c7	btn_complete	btn_complete	btn_complete	150	Y	@iscomplete@ != 'Y'		2022-11-03 17:37:30.099394	0	2022-11-03 22:31:46.06658	0	\N	Y	\N
72f61e61943649a0b57d118425043c45	0	0	397b10354722404196a39afc4e42499f	8b2245b92dec456dae02f9157e9ffdbe	f15fd7a773774639bc5f766c188f916c	position	position	position	90	Y			2022-11-03 22:55:34.65598	0	2022-11-03 22:55:58.487841	0	\N	Y	\N
6a4cad5a39a544fb8f3ee18795cac72f	0	0	da5c8814a9c044d0af59d8cc5f9ae1a6	8b2245b92dec456dae02f9157e9ffdbe	f15fd7a773774639bc5f766c188f916c	isactive	isactive	isactive	250	Y			2022-09-07 16:40:44.297987	0	2022-11-03 22:56:10.092278	0	\N	Y	\N
a1698f3c50a0413c8567a646d49438ba	0	0	59dd220dd87d4f92a27e2d31a404789e	8b2245b92dec456dae02f9157e9ffdbe	35f23a69d9234e8fbf6a7019bd4fc880	ad_client_id	ad_client_id	ad_client_id	10	Y			2022-11-04 23:51:56.837858	0	2022-11-04 23:51:56.837858	0	\N	Y	\N
162e36c34a1a4179892fb26625bd03f1	0	0	5224d7da9ceb4fc5a355ba04188b3733	8b2245b92dec456dae02f9157e9ffdbe	35f23a69d9234e8fbf6a7019bd4fc880	ad_org_id	ad_org_id	ad_org_id	20	Y			2022-11-04 23:51:56.837858	0	2022-11-04 23:51:56.837858	0	\N	Y	\N
692fb5f8b84f4f16a5eeac7b0f064982	0	0	cd98006b66644d74af86f2b94b6c8945	8b2245b92dec456dae02f9157e9ffdbe	35f23a69d9234e8fbf6a7019bd4fc880	isactive	isactive	isactive	250	Y			2022-11-04 23:51:56.837858	0	2022-11-04 23:51:56.837858	0	\N	Y	\N
f599f799f5a5487492001f4e82d0aac1	0	0	fae90f8c19494368af31b9337a1f243b	8b2245b92dec456dae02f9157e9ffdbe	35f23a69d9234e8fbf6a7019bd4fc880	m_product_id	m_product_id	m_product_id	50	Y			2022-11-04 23:51:56.837858	0	2022-11-04 23:51:56.837858	0	\N	Y	\N
763ec25032524de6854bbebea0971493	0	0	c1c78ebb121b42d59e0d21a9533f2b95	8b2245b92dec456dae02f9157e9ffdbe	35f23a69d9234e8fbf6a7019bd4fc880	m_warehouse_id	m_warehouse_id	m_warehouse_id	40	Y			2022-11-04 23:51:56.837858	0	2022-11-04 23:51:56.837858	0	\N	Y	\N
016143ca351246dca099a1723a617efe	0	0	be7052b5d80947e6b1e9b587b25f14c7	8b2245b92dec456dae02f9157e9ffdbe	35f23a69d9234e8fbf6a7019bd4fc880	m_warehouse_stock_id	m_warehouse_stock_id	m_warehouse_stock_id	30	Y			2022-11-04 23:51:56.837858	0	2022-11-04 23:51:56.837858	0	\N	Y	\N
699500a21b0a48f2856b8f5df53975b7	0	0	841e0aecfb3b42108946449b3cdadfc4	8b2245b92dec456dae02f9157e9ffdbe	35f23a69d9234e8fbf6a7019bd4fc880	qty	qty	qty	60	Y			2022-11-04 23:51:56.837858	0	2022-11-04 23:51:56.837858	0	\N	Y	\N
40d8040de37e4f85b045122172559317	0	0	385edd45412e4e5aad35bc39f84df96a	8b2245b92dec456dae02f9157e9ffdbe	6d1f076e7cc446c0aad12097ca6eea86	ad_client_id	ad_client_id	ad_client_id	10	Y			2022-11-05 13:38:09.013375	0	2022-11-05 13:38:09.013375	0	\N	Y	\N
23cd4649f8274fa9898310a42256e9e1	0	0	b89bd0ad68544a288633820fcbe35235	8b2245b92dec456dae02f9157e9ffdbe	6d1f076e7cc446c0aad12097ca6eea86	ad_org_id	ad_org_id	ad_org_id	20	Y			2022-11-05 13:38:09.013375	0	2022-11-05 13:38:09.013375	0	\N	Y	\N
0b65252504ea40fcb1e2f82244142636	0	0	be1ee5354cd547608b60088100887e13	8b2245b92dec456dae02f9157e9ffdbe	6d1f076e7cc446c0aad12097ca6eea86	comment	comment	comment	90	Y			2022-11-05 13:38:09.013375	0	2022-11-05 13:38:09.013375	0	\N	Y	\N
124a73f39d4e4af0ac8e6b845228c522	0	0	0770c15f2c1f4353abd8e512d35fdd2d	8b2245b92dec456dae02f9157e9ffdbe	6d1f076e7cc446c0aad12097ca6eea86	documentno	documentno	documentno	50	Y			2022-11-05 13:38:09.013375	0	2022-11-05 13:38:09.013375	0	\N	Y	\N
e6cbd7e10e5d47958c84c45e1909249b	0	0	3631fba0919c419b949991787d827696	8b2245b92dec456dae02f9157e9ffdbe	6d1f076e7cc446c0aad12097ca6eea86	c_order_id	c_order_id	c_order_id	30	Y			2022-11-05 13:38:09.013375	0	2022-11-05 13:38:09.013375	0	\N	Y	\N
0b0cc6edbb4c4fcebf54ba8f12de30e4	0	0	04c1aab7955f4d93beebf40a5ea2f700	8b2245b92dec456dae02f9157e9ffdbe	6d1f076e7cc446c0aad12097ca6eea86	discount	discount	discount	110	Y			2022-11-05 13:38:09.013375	0	2022-11-05 13:38:09.013375	0	\N	Y	\N
29ae2dc39ceb4e9b80e26b974641a829	0	0	24fd07c5a6db46299ba64f61e3f1559f	8b2245b92dec456dae02f9157e9ffdbe	6d1f076e7cc446c0aad12097ca6eea86	btn_complete	Complete	Desea completar el documento?	200	Y	@iscomplete@ != 'Y'		2022-11-05 13:38:09.013375	0	2022-11-05 13:42:29.195524	0	\N	Y	\N
a39c68970ee24311a0819ba2fb65b658	0	0	05d28d7882584a2e9423eba65b11da1d	8b2245b92dec456dae02f9157e9ffdbe	6d1f076e7cc446c0aad12097ca6eea86	c_bpartner_id	c_bpartner_id	c_bpartner_id	80	Y			2022-11-05 13:38:09.013375	0	2022-11-05 13:38:09.013375	0	\N	Y	\N
050ed09260134668bbf2599c210ba638	0	0	71b3cd88c8c841e786fee2e342a6a89d	8b2245b92dec456dae02f9157e9ffdbe	6d1f076e7cc446c0aad12097ca6eea86	uuid	uuid	uuid	180	Y			2022-11-05 13:38:09.013375	0	2022-11-05 13:38:09.013375	0	\N	Y	\N
ee016ab8c8444ea19270dd59a9195c05	0	0	96c2059225c14c55b0d02ae2f038d179	8b2245b92dec456dae02f9157e9ffdbe	6d1f076e7cc446c0aad12097ca6eea86	xml	xml	xml	190	Y			2022-11-05 13:38:09.013375	0	2022-11-05 13:38:09.013375	0	\N	Y	\N
e160fee7d4604342bcaf41a9dd05284e	0	0	8c43e0d65fc746bb9788fac658303347	8b2245b92dec456dae02f9157e9ffdbe	bbd2fa10816f4b2b8c5eb5949c8424e0	ad_client_id	ad_client_id	ad_client_id	10	Y			2022-11-05 13:38:30.210556	0	2022-11-05 13:38:30.210556	0	\N	Y	\N
9d22ccf0162c4ff2b87c18fc5337b753	0	0	ed314f1f8591406599919dacbabeed9a	8b2245b92dec456dae02f9157e9ffdbe	bbd2fa10816f4b2b8c5eb5949c8424e0	ad_org_id	ad_org_id	ad_org_id	20	Y			2022-11-05 13:38:30.210556	0	2022-11-05 13:38:30.210556	0	\N	Y	\N
8927f2822b74406c97e56638658ded12	0	0	2e5ad23dc2404140adf8984eda68d9fe	8b2245b92dec456dae02f9157e9ffdbe	bbd2fa10816f4b2b8c5eb5949c8424e0	c_order_id	c_order_id	c_order_id	30	Y			2022-11-05 13:38:30.210556	0	2022-11-05 13:38:30.210556	0	\N	Y	\N
002ea0be2b9c49d789d1d6085a6c17e6	0	0	fb76d524de7e43fb84f3024f38270441	8b2245b92dec456dae02f9157e9ffdbe	bbd2fa10816f4b2b8c5eb5949c8424e0	c_orderline_id	c_orderline_id	c_orderline_id	40	Y			2022-11-05 13:38:30.210556	0	2022-11-05 13:38:30.210556	0	\N	Y	\N
db8139782c1a4dc9b3a299dd9cce7d28	0	0	0ba8ed96c5ff44f38c57a3907a6b5be9	8b2245b92dec456dae02f9157e9ffdbe	6d1f076e7cc446c0aad12097ca6eea86	subtotal	subtotal	subtotal	100	Y			2022-11-05 13:38:09.013375	0	2022-11-05 13:38:09.013375	0	\N	Y	\N
c0aec7d64bed40d294740e80d7d817b5	0	0	aac86bc9ec354fa9881ebda9dcf3a2cc	8b2245b92dec456dae02f9157e9ffdbe	6d1f076e7cc446c0aad12097ca6eea86	tax	tax	tax	120	Y			2022-11-05 13:38:09.013375	0	2022-11-05 13:38:09.013375	0	\N	Y	\N
2804f8ef8fb1484597c8e0de58267b61	0	0	ee9c4fbffaa7452aa83b5858eb43eb9e	8b2245b92dec456dae02f9157e9ffdbe	6d1f076e7cc446c0aad12097ca6eea86	total	total	total	130	Y			2022-11-05 13:38:09.013375	0	2022-11-05 13:38:09.013375	0	\N	Y	\N
4bcd9f528ae34d4ba54dd86e965862a9	0	0	b2d028c6239549f88345f64338306ae0	8b2245b92dec456dae02f9157e9ffdbe	bbd2fa10816f4b2b8c5eb5949c8424e0	c_uom_id	c_uom_id	c_uom_id	50	Y			2022-11-05 13:38:30.210556	0	2022-11-05 13:38:30.210556	0	\N	Y	\N
af11a79b0d9647c28e58b7b44039b723	0	0	552fd40d31f84668a357423d4db2d737	8b2245b92dec456dae02f9157e9ffdbe	55957e6ceb5b459a83965e1b1ee18619	amount	amount	amount	60	Y			2022-11-05 14:23:04.706261	0	2022-11-05 14:57:02.248776	0	0.0	Y	\N
bcf3ed12cf3b45298771dd66ff7f61c8	0	0	967f4db2c2074b769ad014cf0b3ef68d	8b2245b92dec456dae02f9157e9ffdbe	bbd2fa10816f4b2b8c5eb5949c8424e0	price	price	price	80	Y			2022-11-05 13:38:30.210556	0	2022-11-05 13:38:30.210556	0	\N	Y	\N
de230cfc3b354499939c38ddaba98ffe	0	0	5d4eb18182074c27bc68c915f417c533	8b2245b92dec456dae02f9157e9ffdbe	6d1f076e7cc446c0aad12097ca6eea86	isactive	isactive	isactive	250	Y			2022-11-05 13:38:09.013375	0	2022-11-05 13:38:09.013375	0	\N	Y	\N
21d485a6ae9a4b658e4f734241260a29	0	0	ca4bd54f036a45b0aac30ecd0b10ecae	8b2245b92dec456dae02f9157e9ffdbe	6d1f076e7cc446c0aad12097ca6eea86	iscomplete	iscomplete	iscomplete	160	Y			2022-11-05 13:38:09.013375	0	2022-11-05 13:38:09.013375	0	\N	Y	\N
9ce9ecdba89848488738751ed5cfb0a5	0	0	f15ee8efa9ec4ff1925b209e4c20813e	8b2245b92dec456dae02f9157e9ffdbe	6d1f076e7cc446c0aad12097ca6eea86	issotrx	issotrx	issotrx	170	Y			2022-11-05 13:38:09.013375	0	2022-11-05 13:43:43.2308	0	N	Y	\N
098e72a611a743ab80bc60588a5560ff	0	0	f1d997efdd334bb2a1bb3323b39b4220	8b2245b92dec456dae02f9157e9ffdbe	6d1f076e7cc446c0aad12097ca6eea86	dateordered	dateordered	dateordered	40	Y			2022-11-05 13:38:09.013375	0	2022-11-05 13:44:30.099106	0	now()	Y	\N
8208782e399a4041b3be6921c1ea6e9b	0	0	0f0df9a313604618912d7e4223714a9b	8b2245b92dec456dae02f9157e9ffdbe	6d1f076e7cc446c0aad12097ca6eea86	number	number	number	60	Y			2022-11-05 13:38:09.013375	0	2022-11-05 13:38:09.013375	0	\N	Y	\N
edf75889013843339ac880f64ad63366	0	0	fbf713a6008846539ee6ec6a17e3debd	8b2245b92dec456dae02f9157e9ffdbe	6d1f076e7cc446c0aad12097ca6eea86	series	series	series	70	Y			2022-11-05 13:38:09.013375	0	2022-11-05 13:38:09.013375	0	\N	Y	\N
13d497726bc94483a53003d09a42b20d	0	0	9a98fb4bfe044cc589133dd78198308d	8b2245b92dec456dae02f9157e9ffdbe	55957e6ceb5b459a83965e1b1ee18619	ad_client_id	ad_client_id	ad_client_id	10	Y			2022-11-05 14:23:04.706261	0	2022-11-05 14:23:04.706261	0	\N	Y	\N
de430a7d65b145b095482b06552b7ca0	0	0	d6464dddcaa24199a4a325b2c36e2f62	8b2245b92dec456dae02f9157e9ffdbe	55957e6ceb5b459a83965e1b1ee18619	ad_org_id	ad_org_id	ad_org_id	20	Y			2022-11-05 14:23:04.706261	0	2022-11-05 14:23:04.706261	0	\N	Y	\N
9741b7bf93124ea3a3d8191f38e4575d	0	0	a6ae1429f9ac4303bf58e4d6664c7099	8b2245b92dec456dae02f9157e9ffdbe	bbd2fa10816f4b2b8c5eb5949c8424e0	qty	qty	qty	70	Y			2022-11-05 13:38:30.210556	0	2022-11-05 13:38:30.210556	0	\N	Y	\N
a1edf8163d17452bb1be835766a36d3c	0	0	589a7108c30646589183b75af397283e	8b2245b92dec456dae02f9157e9ffdbe	bbd2fa10816f4b2b8c5eb5949c8424e0	cost	cost	cost	90	Y			2022-11-05 13:38:30.210556	0	2022-11-05 13:38:30.210556	0	\N	Y	\N
e2e305a406cb4544945f18dd93df3005	0	0	ede61455ed4b408c9e9ba31edf1f9166	8b2245b92dec456dae02f9157e9ffdbe	bbd2fa10816f4b2b8c5eb5949c8424e0	discount	discount	discount	110	Y			2022-11-05 13:38:30.210556	0	2022-11-05 13:38:30.210556	0	\N	Y	\N
36fa78d382d7420da55b3d99c026a056	0	0	2f1419de359b4bcc8c70f07eb6a10f0d	8b2245b92dec456dae02f9157e9ffdbe	bbd2fa10816f4b2b8c5eb5949c8424e0	linetax	linetax	linetax	120	Y			2022-11-05 13:38:30.210556	0	2022-11-05 13:38:30.210556	0	\N	Y	\N
a2ce90332cc54d749cf5326b9b7c723e	0	0	b8d587b14ee24988addb622bf5603714	8b2245b92dec456dae02f9157e9ffdbe	bbd2fa10816f4b2b8c5eb5949c8424e0	isactive	isactive	isactive	250	Y			2022-11-05 13:38:30.210556	0	2022-11-05 13:38:30.210556	0	\N	Y	\N
f0bc543bb7ed4b54bdc53db22202c739	0	0	eec65035f0ce4f2db41985b3cd7c77cf	8b2245b92dec456dae02f9157e9ffdbe	bbd2fa10816f4b2b8c5eb5949c8424e0	linetotal	linetotal	linetotal	130	Y			2022-11-05 13:38:30.210556	0	2022-11-05 13:38:30.210556	0	\N	Y	\N
a2a70c4fe6ec47efaad361d790870405	0	0	0654c1240c54450bae9906dd2875ba46	8b2245b92dec456dae02f9157e9ffdbe	55957e6ceb5b459a83965e1b1ee18619	fin_paymentmethod_id	fin_paymentmethod_id	fin_paymentmethod_id	50	Y			2022-11-05 14:23:04.706261	0	2022-11-05 14:23:04.706261	0	\N	Y	\N
49c4176f85614b488d790e4679a91686	0	0	e20fba3360474ec49fb65575f8dc2bef	8b2245b92dec456dae02f9157e9ffdbe	bbd2fa10816f4b2b8c5eb5949c8424e0	m_product_id	m_product_id	m_product_id	60	Y			2022-11-05 13:38:30.210556	0	2022-11-05 13:38:30.210556	0	\N	Y	\N
b963b57dd9ce43bdac5c64ca4273f10e	0	0	cbfed90a29f54acfab64cdd31fc5a75c	8b2245b92dec456dae02f9157e9ffdbe	bbd2fa10816f4b2b8c5eb5949c8424e0	subtotal	subtotal	subtotal	100	Y			2022-11-05 13:38:30.210556	0	2022-11-05 13:38:30.210556	0	\N	Y	\N
5138bf07141f44ea889f4216b623714a	0	0	5dfa6af5316540efbc23f8c7a3830cd9	8b2245b92dec456dae02f9157e9ffdbe	55957e6ceb5b459a83965e1b1ee18619	c_order_id	c_order_id	c_order_id	30	Y			2022-11-05 14:23:04.706261	0	2022-11-05 14:23:04.706261	0	\N	Y	\N
107c5bdf025842f7a1407e7db8c93eeb	0	0	a55eeb87816b4e16adf421778bd984dc	8b2245b92dec456dae02f9157e9ffdbe	55957e6ceb5b459a83965e1b1ee18619	fin_payment_schedule_id	fin_payment_schedule_id	fin_payment_schedule_id	40	Y			2022-11-05 14:23:04.706261	0	2022-11-05 14:23:04.706261	0	\N	Y	\N
843bfbf3514d48c880650a4b194a2b7c	0	0	a47fa6eed02e4ff395fda7a33a7e7291	8b2245b92dec456dae02f9157e9ffdbe	55957e6ceb5b459a83965e1b1ee18619	isactive	isactive	isactive	250	Y			2022-11-05 14:23:04.706261	0	2022-11-05 14:23:04.706261	0	\N	Y	\N
8f3e4923941e45b0a86cf150efd82859	0	0	5dfa6af5316540efbc23f8c7a3830cd9	8b2245b92dec456dae02f9157e9ffdbe	f6b09fc472364d318c2e0bc909653b0b	c_order_id	c_order_id	c_order_id	30	Y			2022-10-23 20:00:43.256544	0	2022-10-23 20:00:43.256544	0	\N	Y	\N
0cced364e05747a2a26883bd9ce600fe	0	0	a55eeb87816b4e16adf421778bd984dc	8b2245b92dec456dae02f9157e9ffdbe	f6b09fc472364d318c2e0bc909653b0b	fin_payment_schedule_id	fin_payment_schedule_id	fin_payment_schedule_id	40	Y			2022-10-23 20:00:43.256544	0	2022-10-23 20:00:43.256544	0	\N	Y	\N
65b24c7a40914fc3bb349af9ea462428	0	0	a47fa6eed02e4ff395fda7a33a7e7291	8b2245b92dec456dae02f9157e9ffdbe	f6b09fc472364d318c2e0bc909653b0b	isactive	isactive	isactive	250	Y			2022-10-23 20:00:43.256544	0	2022-10-23 20:00:43.256544	0	\N	Y	\N
bceeac07013a430296d6d102cf958e3b	0	0	5461406379f24a7c95ed2ede699de771	8b2245b92dec456dae02f9157e9ffdbe	55957e6ceb5b459a83965e1b1ee18619	outstanding	outstanding	outstanding	70	Y			2022-11-05 14:23:04.706261	0	2022-11-05 14:57:16.614028	0	0.0	Y	\N
95ff2b59523e47dc830b48d7d87e701d	0	0	5461406379f24a7c95ed2ede699de771	8b2245b92dec456dae02f9157e9ffdbe	f6b09fc472364d318c2e0bc909653b0b	outstanding	outstanding	outstanding	70	Y			2022-10-23 20:00:43.256544	0	2022-11-05 14:57:33.525174	0	0.0	Y	\N
4b65992fccbd4617969b9adaa7873787	0	0	7689ee2c11244214ba95988f01696015	8b2245b92dec456dae02f9157e9ffdbe	3473f31dea96413f85854180ed6b0ea4	comment	comment	comment	70	Y			2022-10-19 23:57:56.889155	0	2022-10-19 23:57:56.889155	0	\N	Y	\N
2e53ab4a7ba1415199d754c12353ccf5	0	0	ef4f3b4db61a4db4a1b09eba2f0e780a	8b2245b92dec456dae02f9157e9ffdbe	3473f31dea96413f85854180ed6b0ea4	fin_cashup_id	fin_cashup_id	fin_cashup_id	30	Y			2022-10-19 23:57:56.889155	0	2022-10-19 23:57:56.889155	0	\N	Y	\N
681776d04d3b403d8fa45d127dc167f3	0	0	ec876423fe654adeb8cd85322eeae7b6	8b2245b92dec456dae02f9157e9ffdbe	3473f31dea96413f85854180ed6b0ea4	isactive	isactive	isactive	250	Y			2022-10-19 23:57:56.889155	0	2022-10-19 23:57:56.889155	0	\N	Y	\N
3a65e5374d1e42a6996103e99944a5c0	0	0	5cef2ee2f0384613a5e2a21aae2df6b9	8b2245b92dec456dae02f9157e9ffdbe	3473f31dea96413f85854180ed6b0ea4	series	series	series	60	Y			2022-10-19 23:57:56.889155	0	2022-10-19 23:57:56.889155	0	\N	Y	\N
40fc581442074daa93b1dfabfe1c78ae	0	0	029aec55e36c4edca8bd6e6be329bd32	8b2245b92dec456dae02f9157e9ffdbe	b3327be6a3a24ee196482469a71df291	ad_windowtype_id	Window Type	Window Type	150	Y			2022-11-07 18:25:47.593562	0	2022-11-07 18:50:06.603589	0	\N	Y	\N
63d852291f534db48f857e0da939a21e	0	0	82eb9a6e835c4f11bb5bbfd7352bdcd4	8b2245b92dec456dae02f9157e9ffdbe	06b282c4454b4fbcb969b3bb093b50c9	ad_client_id	ad_client_id	ad_client_id	10	Y			2022-11-07 18:28:56.821476	0	2022-11-07 18:28:56.821476	0	\N	Y	\N
473152614ae4401bb962614ff2d23f44	0	0	ec6690d3ad5e4797af98ccbdb45a51f8	8b2245b92dec456dae02f9157e9ffdbe	06b282c4454b4fbcb969b3bb093b50c9	ad_org_id	ad_org_id	ad_org_id	20	Y			2022-11-07 18:28:56.821476	0	2022-11-07 18:28:56.821476	0	\N	Y	\N
35c19647f600436e91406d189a290ee0	0	0	234805641bb74e73a29d37d94679b730	8b2245b92dec456dae02f9157e9ffdbe	06b282c4454b4fbcb969b3bb093b50c9	ad_windowtype_id	ad_windowtype_id	ad_windowtype_id	30	Y			2022-11-07 18:28:56.821476	0	2022-11-07 18:28:56.821476	0	\N	Y	\N
1e1451e467994e4fb975942daed5ee1a	0	0	18f3ea253c2d4a1bb3e48786fbfb4125	8b2245b92dec456dae02f9157e9ffdbe	06b282c4454b4fbcb969b3bb093b50c9	isactive	isactive	isactive	250	Y			2022-11-07 18:28:56.821476	0	2022-11-07 18:29:17.500105	0	\N	Y	\N
8526953ddfe64d939a55e77072d64f4b	0	0	d9ffca7d27cc4d96bd44b9edb873bf6e	8b2245b92dec456dae02f9157e9ffdbe	06b282c4454b4fbcb969b3bb093b50c9	name	name	name	60	Y			2022-11-07 18:28:56.821476	0	2022-11-07 18:29:31.78599	0	\N	Y	\N
976b570436744406b3ac150321a18115	0	0	a10d6e8d949d409ca8da403c5a4cf8b8	8b2245b92dec456dae02f9157e9ffdbe	06b282c4454b4fbcb969b3bb093b50c9	value	value	value	50	Y			2022-11-07 18:28:56.821476	0	2022-11-07 18:29:47.674107	0	\N	Y	\N
249ef681dc9949a79549e961d3448ccb	0	0	14062508757c4f24b258fc7c70c0a74d	8b2245b92dec456dae02f9157e9ffdbe	fe9b0705e9fc47b29cb0e6c5e740025e	visible_in_grid	Visible In Grid	Visible In Grid	160	Y			2022-10-27 23:19:32.093426	0	2022-11-08 19:25:55.868378	0	\N	Y	\N
3c90d9517a244dc5a3dc0e7495e7f73e	0	0	053d508ff9084967b5705dc0e4d36052	8b2245b92dec456dae02f9157e9ffdbe	fe9b0705e9fc47b29cb0e6c5e740025e	ad_datatype_id	Data Type	Data Type	170	Y			2022-11-08 19:25:26.217478	0	2022-11-08 19:26:09.649398	0	\N	Y	\N
0d01da846c5f4a99a4ea93b53df73322	0	0	e2ec0e16128d4e379be1475e608aa174	8b2245b92dec456dae02f9157e9ffdbe	07befbfe9a1e45d6bbe1cddeceb8a4c7	m_inventorytype_id	m_inventorytype_id	m_inventorytype_id	40	Y			2022-11-03 17:37:30.099394	0	2022-11-09 14:47:39.370984	0	\N	Y	\N
be3c8b995c3343e0837007b874eaf237	0	0	e2ec0e16128d4e379be1475e608aa174	8b2245b92dec456dae02f9157e9ffdbe	88aef48ea7f3457ebf226ee42cc1f37a	m_inventorytype_id	Inventory Type	Inventory Type	10	Y			2022-11-08 18:50:36.356865	0	2022-11-09 15:25:49.668638	0	\N	Y	\N
\.


--
-- Data for Name: ad_field_group; Type: TABLE DATA; Schema: public; Owner: admin
--

COPY public.ad_field_group (ad_field_group_id, ad_client_id, ad_org_id, value, name, description, isactive, created, createdby, updated, updatedby) FROM stdin;
8b2245b92dec456dae02f9157e9ffdbe	0	0	General	General	Datos Generales	Y	2022-09-05 18:56:06.726323	0	2022-09-05 18:56:06.726323	0
\.


--
-- Data for Name: ad_menu; Type: TABLE DATA; Schema: public; Owner: admin
--

COPY public.ad_menu (ad_menu_id, ad_client_id, ad_org_id, parent, ad_window_id, value, name, description, isactive, created, createdby, updated, updatedby, "position") FROM stdin;
4b96118f6bff4f81bff5a1f3cad0e608	0	0	0ea0b1cf1e9949cfa05fc7eb00b7d2b4	eed0adf5f3d54945850bad4510a97090	ad_field_group	ad_field_group	Field Group	Y	2022-09-07 16:40:44.297987	0	2022-11-03 22:47:51.822968	0	90
8a2f975af15c4e46a89693feea68ccf7	0	0	0ea0b1cf1e9949cfa05fc7eb00b7d2b4	00dd80c7bf9c48e89c3db3098cc8fe09	ad_datatype	ad_datatype	Data Type	Y	2022-09-07 16:40:44.297987	0	2022-11-03 22:47:00.451447	0	100
5265dc4a583840d4bb10beb3bdd4b11d	0	0	7a011d4071a345b6aa3d6b0165fbae50	67d83c4b52e14bb2886eef8ea4e96b1b	m_product	m_product	Product	Y	2022-10-18 15:28:44.608764	0	2022-11-03 22:49:29.524237	0	20
9c640e84f1d640ed9b6acd041320dfdd	0	0	eae171419e6d4857931729a36408989e	c49cfa622dcf43eeb80a477a0cb2e95c	c_bpartner	Menuc_bpartner	Business Partner	Y	2022-10-19 23:19:49.232195	0	2022-11-03 22:49:15.501367	0	10
eae9beb96d3847c5902c2360c79aa87d	0	0	7a011d4071a345b6aa3d6b0165fbae50	24aaa8d95f194613bc55e9c126be7576	m_warehouse	Warehouse	Warehouse	Y	2022-11-01 16:46:18.142905	02f99c48873e430b8b968d96ab9c4a9d	2022-11-03 22:40:32.383914	02f99c48873e430b8b968d96ab9c4a9d	30
d03c1a114a0e4ad8b753033afc464e8a	0	0	7a011d4071a345b6aa3d6b0165fbae50	4afe4092bd3344428beebc2557048af2	m_movement	Menum_movement	Movement	Y	2022-10-19 23:57:35.123844	0	2022-11-03 22:50:05.465719	0	60
423e8029c3ce4586bd95c695c07a8062	0	0	eae171419e6d4857931729a36408989e	0e7ad99a2ac4435eb1ef80053d2179d0	c_uom	c_uom	Unit Of Meassure	Y	2022-10-18 18:55:46.064524	0	2022-11-03 22:48:24.864667	0	20
62416c50d9b34029b5cd225b2700472c	0	0	\N	\N	finance	Finanzas	Finance	Y	2022-11-03 22:42:49.155423	0	2022-11-03 22:50:17.467506	0	40
98a42de72ba6463eaa2ccf930a1cb01b	0	0	62416c50d9b34029b5cd225b2700472c	ef5301eeabc44496b03f2a6cae4eba38	fin_cashupmtype	Menufin_cashupmtype	Cashup Movement Type	Y	2022-10-19 23:56:36.789198	0	2022-11-03 22:50:32.710513	0	20
68e4c7b492cd4ebeb2bc3a83d3ad6193	0	0	62416c50d9b34029b5cd225b2700472c	91577ebe6ccd4e87a7d1e87acfd1c0f5	fin_cashup	Menufin_cashup	Cashup	Y	2022-10-19 23:57:56.889155	0	2022-11-03 22:50:43.05707	0	30
19367260bc9e4cd68d9417f39ea71eba	0	0	0ea0b1cf1e9949cfa05fc7eb00b7d2b4	a08da98be132496f84ad22a576083027	ad_module	ad_module	Module	Y	2022-09-07 16:40:44.297987	0	2022-11-03 22:47:36.135222	0	30
7a011d4071a345b6aa3d6b0165fbae50	0	0	\N	\N	movement	Movimiento	Movement	Y	2022-11-03 22:38:28.323598	0	2022-11-03 22:48:33.482841	0	30
49f663d91d3c4a4d96673d5208ed5236	0	0	0ea0b1cf1e9949cfa05fc7eb00b7d2b4	b6d1874fa2c8464e8b6f2a059c0f94f7	ad_package	ad_package	Package	Y	2022-09-07 16:40:44.297987	0	2022-11-03 22:47:42.734676	0	20
0ea0b1cf1e9949cfa05fc7eb00b7d2b4	0	0	\N	\N	configuracion	Configuracion	Configuration	Y	2022-11-03 22:33:58.46335	0	2022-11-03 22:47:08.720781	0	10
2b7fc84b1a694486933e6ecad117f2d4	0	0	0ea0b1cf1e9949cfa05fc7eb00b7d2b4	1acb589887bd4412a5b0d165c21a2978	ad_user	Usuario	User	Y	2022-09-05 18:56:06.726323	0	2022-11-03 22:51:15.487596	0	10
6a04c4948cb3472f901db507e3398afb	0	0	0ea0b1cf1e9949cfa05fc7eb00b7d2b4	ad4987daf8304c4683f84dd809062b7c	ad_client	ad_client	Client	Y	2022-09-07 16:40:44.297987	0	2022-11-03 22:46:33.384244	0	40
b44ee344ced64b9ebe99d6286ae71fcf	0	0	0ea0b1cf1e9949cfa05fc7eb00b7d2b4	32d0926d2fbc4ba695460d23c3ca5fdc	ad_menu	ad_menu	Menu	Y	2022-09-07 16:40:44.297987	0	2022-11-03 22:47:20.723549	0	80
8722052096fc4aeda407863f2ef43c09	0	0	0ea0b1cf1e9949cfa05fc7eb00b7d2b4	bbd40e22c67548f5801ba65ffd7dfdd5	ad_org	ad_org	Organization	Y	2022-09-07 16:40:44.297987	0	2022-11-03 22:47:29.974843	0	50
ddf12ffeedd7489f8ff8e55e5465be70	0	0	62416c50d9b34029b5cd225b2700472c	8dd926626a3a46e287cb973ca2d0cdc4	fin_paymentmethod	fin_paymentmethod	Payment Method	Y	2022-10-19 18:18:19.372273	0	2022-11-03 22:50:54.936476	0	10
f54527edeb604395a595bf863f2f5802	0	0	7a011d4071a345b6aa3d6b0165fbae50	834824664cca4a19a15d414ad1069e57	m_inventory	Inventory	Inventory	Y	2022-11-03 18:21:44.611853	0	2022-11-03 22:40:47.439322	0	70
546163dd674942c9b5e2ae3da11fd3b1	0	0	eae171419e6d4857931729a36408989e	df4f7b3dc18b45cea526b72157f428ea	c_location	Location	Location	Y	2022-11-01 16:50:04.626875	0	2022-11-03 22:39:17.553553	0	30
49b0ccbc2dad46dd8f9fbd7cd05c0917	0	0	7a011d4071a345b6aa3d6b0165fbae50	bf19c9dfb51448b4b06141eb4ed53ba7	m_movementtype	Menum_movementtype	Movement Type	Y	2022-10-19 23:57:11.759266	0	2022-11-03 22:49:52.123708	0	40
276e2d01b32e4b4e966c4fb404b8fa36	0	0	7a011d4071a345b6aa3d6b0165fbae50	16114b503e784203ae23aedeb341ba04	m_inventorytype	Inventory Type	Inventory Type	Y	2022-11-01 16:59:30.220324	0	2022-11-03 22:51:04.01755	0	50
eae171419e6d4857931729a36408989e	0	0	\N	\N	comertial	Comercial	Comertial	Y	2022-11-03 22:38:07.994721	0	2022-11-03 22:48:03.672474	0	20
7a8333f0c62c4d1392f52a98d6bba55c	0	0	7a011d4071a345b6aa3d6b0165fbae50	2319e752982d4cf59efd8b36115ae3ef	m_product_category	m_product_category	Product Category	Y	2022-10-18 15:28:44.608764	0	2022-11-03 22:49:39.508734	0	10
f82ee29baab049d3891a78d8ab48c654	0	0	0ea0b1cf1e9949cfa05fc7eb00b7d2b4	588b343e92504703815b34ea76bc67c0	ad_table	Tabla	Table	Y	2022-09-05 18:56:06.726323	0	2022-11-03 22:51:23.296683	0	60
18f0d88ed1b148c29a22efd95562cf5f	0	0	eae171419e6d4857931729a36408989e	b1ad1dcc17e643f5a33b84275baa4d18	c_order	Sales Order	Sales Order	Y	2022-10-19 23:17:16.406347	0	2022-11-05 13:33:19.070905	0	40
3b59834adce94f85bd38be2a980fd0a5	0	0	eae171419e6d4857931729a36408989e	7e84e79a4e9c443e89b7af1637e92ede	c_order	Purchase Order	Purchase Order	Y	2022-11-05 13:39:29.354612	0	2022-11-05 13:39:29.354612	0	90
e5c39544eed04058901d7f478c473c3c	0	0	0ea0b1cf1e9949cfa05fc7eb00b7d2b4	35e8c0f91d314ed9965afaa3a9129a64	ad_window	Window	Window	Y	2022-09-05 18:56:06.726323	0	2022-11-07 18:30:52.757273	0	70
a9ef7e368ff64298a9f28cde3c8cd7d1	0	0	0ea0b1cf1e9949cfa05fc7eb00b7d2b4	dec4f499094841c89f5cb90c35c7154c	ad_windowtype	Window Type	Window Type	Y	2022-11-07 18:30:35.711766	0	2022-11-07 18:30:59.974197	0	71
3435c5dd246a4dda92be337f344d7c34	0	0	0b683badfd9a4f9a87f49ba2105a897c	32ef150b12e9401ebaafda778583d4d6	reporttest1	Report Test 1	Report Test 1	Y	2022-11-07 19:10:52.40919	0	2022-11-09 15:35:27.712148	0	10
a9b11f60b195446da83c282550e39cb5	0	0	\N	\N	mnu_report_level_0	Reports	Reports	Y	2022-11-07 19:09:25.445092	0	2022-11-09 15:28:25.393109	0	50
0b683badfd9a4f9a87f49ba2105a897c	0	0	a9b11f60b195446da83c282550e39cb5	\N	mnu_report_level_1	Reports Test	Reports Test	Y	2022-11-09 15:28:02.912715	0	2022-11-09 15:28:40.910942	0	10
\.


--
-- Data for Name: ad_module; Type: TABLE DATA; Schema: public; Owner: admin
--

COPY public.ad_module (ad_module_id, ad_client_id, ad_org_id, value, name, description, isactive, created, createdby, updated, updatedby) FROM stdin;
0	0	0	M00001	Core	Core Module	Y	2022-09-05 18:56:06.726323	0	2022-09-05 18:56:06.726323	0
\.


--
-- Data for Name: ad_org; Type: TABLE DATA; Schema: public; Owner: admin
--

COPY public.ad_org (ad_org_id, ad_client_id, value, name, isactive, created, createdby, updated, updatedby) FROM stdin;
0	0	0	*	Y	2022-09-05 18:56:06.726323	0	2022-09-05 18:56:06.726323	0
\.


--
-- Data for Name: ad_package; Type: TABLE DATA; Schema: public; Owner: admin
--

COPY public.ad_package (ad_package_id, ad_client_id, ad_org_id, ad_module_id, value, name, description, isactive, created, createdby, updated, updatedby) FROM stdin;
0	0	0	0	PKG001	Core Pkg	Core Pkg	Y	2022-09-05 18:56:06.726323	0	2022-09-05 18:56:06.726323	0
\.


--
-- Data for Name: ad_tab; Type: TABLE DATA; Schema: public; Owner: admin
--

COPY public.ad_tab (ad_tab_id, ad_client_id, ad_org_id, ad_window_id, ad_tab_parent_id, value, name, description, "position", isactive, btn_getfield, created, createdby, updated, updatedby, sql_where, sql_orderby) FROM stdin;
1e89db4bbf774b0b99b12637e5e84950	0	0	588b343e92504703815b34ea76bc67c0	\N	ad_table	Tabla	Datos Tabla	10	Y	Y	2022-09-05 18:56:06.726323	0	2022-09-05 18:56:06.726323	0	\N	\N
cd5ae83892a74b018d0803984887c322	0	0	588b343e92504703815b34ea76bc67c0	1e89db4bbf774b0b99b12637e5e84950	ad_column	Columna	Datos Columna	20	Y	Y	2022-09-05 18:56:06.726323	0	2022-09-05 18:56:06.726323	0	\N	\N
b3327be6a3a24ee196482469a71df291	0	0	35e8c0f91d314ed9965afaa3a9129a64	\N	ad_window	Ventana	Datos Ventana	10	Y	Y	2022-09-05 18:56:06.726323	0	2022-09-05 18:56:06.726323	0	\N	\N
7f6f41364f02461eab90bd09a13a5fca	0	0	35e8c0f91d314ed9965afaa3a9129a64	b3327be6a3a24ee196482469a71df291	ad_tab	Pestana	Datos Pestana	20	Y	Y	2022-09-05 18:56:06.726323	0	2022-09-05 18:56:06.726323	0	\N	\N
fe9b0705e9fc47b29cb0e6c5e740025e	0	0	35e8c0f91d314ed9965afaa3a9129a64	7f6f41364f02461eab90bd09a13a5fca	ad_field	Campo	Datos Campo	30	Y	Y	2022-09-05 18:56:06.726323	0	2022-09-05 18:56:06.726323	0	\N	\N
0d100c5d1a5846bfb4dcdac832159f3a	0	0	ad4987daf8304c4683f84dd809062b7c	\N	ad_client	Tab: ad_client	Tab Description: ad_client	10	Y	Y	2022-09-07 16:40:44.297987	0	2022-09-07 16:40:44.297987	0	\N	\N
d94177d349444690be4047ec1f9d599d	0	0	00dd80c7bf9c48e89c3db3098cc8fe09	\N	ad_datatype	Tab: ad_datatype	Tab Description: ad_datatype	10	Y	Y	2022-09-07 16:40:44.297987	0	2022-09-07 16:40:44.297987	0	\N	\N
9a2cc733af5746efaf6edb4a52bb1ebd	0	0	eed0adf5f3d54945850bad4510a97090	\N	ad_field_group	Tab: ad_field_group	Tab Description: ad_field_group	10	Y	Y	2022-09-07 16:40:44.297987	0	2022-09-07 16:40:44.297987	0	\N	\N
f15fd7a773774639bc5f766c188f916c	0	0	32d0926d2fbc4ba695460d23c3ca5fdc	\N	ad_menu	Tab: ad_menu	Tab Description: ad_menu	10	Y	Y	2022-09-07 16:40:44.297987	0	2022-09-07 16:40:44.297987	0	\N	\N
4b8d286d90a64ed0a6849e56986184da	0	0	a08da98be132496f84ad22a576083027	\N	ad_module	Tab: ad_module	Tab Description: ad_module	10	Y	Y	2022-09-07 16:40:44.297987	0	2022-09-07 16:40:44.297987	0	\N	\N
562863b8906b40c6b35895be9fc8f433	0	0	bbd40e22c67548f5801ba65ffd7dfdd5	\N	ad_org	Tab: ad_org	Tab Description: ad_org	10	Y	Y	2022-09-07 16:40:44.297987	0	2022-09-07 16:40:44.297987	0	\N	\N
735a899279574c45a09fbc8b42e2a9d9	0	0	b6d1874fa2c8464e8b6f2a059c0f94f7	\N	ad_package	Tab: ad_package	Tab Description: ad_package	10	Y	Y	2022-09-07 16:40:44.297987	0	2022-09-07 16:40:44.297987	0	\N	\N
1109d64a66aa4dae8b84451405fe20b6	0	0	67d83c4b52e14bb2886eef8ea4e96b1b	\N	m_product	Tab: m_product	Tab Description: m_product	10	Y	Y	2022-10-18 15:28:44.608764	0	2022-10-18 15:28:44.608764	0	\N	\N
05c71d0d70f54ec79ededde043b727a9	0	0	2319e752982d4cf59efd8b36115ae3ef	\N	m_product_category	Tab: m_product_category	Tab Description: m_product_category	10	Y	Y	2022-10-18 15:28:44.608764	0	2022-10-18 15:28:44.608764	0	\N	\N
564352f513f746d293b52435b2f01bf7	0	0	0e7ad99a2ac4435eb1ef80053d2179d0	\N	c_uom	Tab: c_uom	Tab Description: c_uom	10	Y	Y	2022-10-18 18:55:46.064524	0	2022-10-18 18:55:46.064524	0	\N	\N
da0820212b254ad2b2e9b92b5195ee39	0	0	8dd926626a3a46e287cb973ca2d0cdc4	\N	fin_paymentmethod	Tab: fin_paymentmethod	Tab Description: fin_paymentmethod	10	Y	Y	2022-10-19 18:18:19.372273	0	2022-10-19 18:18:19.372273	0	\N	\N
8a20521b686846c68630b1514393c3fc	0	0	c49cfa622dcf43eeb80a477a0cb2e95c	\N	c_bpartner	Tab: c_bpartner	Tab Description: c_bpartner	10	Y	Y	2022-10-19 23:19:49.232195	0	2022-10-19 23:19:49.232195	0	\N	\N
265fb66e98d04da69fa8281a175f47a2	0	0	ef5301eeabc44496b03f2a6cae4eba38	\N	fin_cashupmtype	Tab: fin_cashupmtype	Tab Description: fin_cashupmtype	10	Y	Y	2022-10-19 23:56:36.789198	0	2022-10-19 23:56:36.789198	0	\N	\N
21d47f05df8c4776b6bfecc55a39594b	0	0	bf19c9dfb51448b4b06141eb4ed53ba7	\N	m_movementtype	Tab: m_movementtype	Tab Description: m_movementtype	10	Y	Y	2022-10-19 23:57:11.759266	0	2022-10-19 23:57:11.759266	0	\N	\N
3473f31dea96413f85854180ed6b0ea4	0	0	91577ebe6ccd4e87a7d1e87acfd1c0f5	\N	fin_cashup	Tab: fin_cashup	Tab Description: fin_cashup	10	Y	Y	2022-10-19 23:57:56.889155	0	2022-10-19 23:57:56.889155	0	\N	\N
203bcbdbd73b4fec865b9874473ef5bc	0	0	91577ebe6ccd4e87a7d1e87acfd1c0f5	3473f31dea96413f85854180ed6b0ea4	fin_cashupline	Tab: fin_cashupline	Tab D: fin_cashupline	10	Y	Y	2022-10-19 23:57:56.889155	0	2022-10-19 23:57:56.889155	0	\N	\N
4b9dcfdf4e06409fbf9fa4fe508cb102	0	0	1acb589887bd4412a5b0d165c21a2978	\N	ad_user	Usuario	Datos Generales	10	Y	Y	2022-09-05 18:56:06.726323	0	2022-11-01 15:52:18.766148	0	\N	\N
3752af510b6d435d994c4695b659eda1	0	0	24aaa8d95f194613bc55e9c126be7576	\N	m_warehouse	Warehouse	Warehouse	10	Y	\N	2022-11-01 16:45:00.247577	02f99c48873e430b8b968d96ab9c4a9d	2022-11-01 16:45:00.247577	02f99c48873e430b8b968d96ab9c4a9d	\N	\N
5a3ce2dfb2e34c6e9505c6fa84faee73	0	0	df4f7b3dc18b45cea526b72157f428ea	\N	c_location	Location	Location	10	Y	\N	2022-11-01 16:49:16.127807	0	2022-11-01 16:49:16.127807	0	\N	\N
b3fcf46dca134536864cc49bb99f3fef	0	0	16114b503e784203ae23aedeb341ba04	\N	m_inventorytype	Inventory Type	Inventory Type	10	Y	\N	2022-11-01 16:58:40.374759	0	2022-11-01 16:58:40.374759	0	\N	\N
37f63e5436c24fc6a4d0eda64aa9eac7	0	0	4afe4092bd3344428beebc2557048af2	\N	m_movement	Movement	Movement	10	Y	\N	2022-11-03 15:24:18.647481	0	2022-11-03 15:24:18.647481	0	\N	\N
a022eefa9a1b48f4b6577ceb88f94126	0	0	4afe4092bd3344428beebc2557048af2	37f63e5436c24fc6a4d0eda64aa9eac7	m_movementline	Movement Line	Movement Line	20	Y	\N	2022-11-03 15:32:08.262662	0	2022-11-03 15:32:08.262662	0	\N	\N
07befbfe9a1e45d6bbe1cddeceb8a4c7	0	0	834824664cca4a19a15d414ad1069e57	\N	m_inventory	Inventory	Inventory	10	Y	\N	2022-11-03 17:36:38.358652	0	2022-11-03 17:36:38.358652	0	\N	\N
c179371ec78f4130a0950fd6ce10ccdf	0	0	834824664cca4a19a15d414ad1069e57	07befbfe9a1e45d6bbe1cddeceb8a4c7	m_inventoryline	Inventory Line	Inventory Line	20	Y	\N	2022-11-03 17:37:09.396844	0	2022-11-03 17:37:09.396844	0	\N	\N
35f23a69d9234e8fbf6a7019bd4fc880	0	0	24aaa8d95f194613bc55e9c126be7576	3752af510b6d435d994c4695b659eda1	m_warehouse_stock	Warehouse Stock	Warehouse Stock	20	Y	\N	2022-11-04 23:51:46.193852	0	2022-11-04 23:51:46.193852	0	\N	\N
409c022e6ccb4c0eb103ddd3e7dfc335	0	0	b1ad1dcc17e643f5a33b84275baa4d18	\N	c_order	Tab Order	Tab Order	10	Y	Y	2022-10-19 23:17:16.406347	0	2022-11-05 01:44:44.929605	0	issotrx=Y	updated:DESC
2889003154bb4b888892bfbd133288cf	0	0	b1ad1dcc17e643f5a33b84275baa4d18	409c022e6ccb4c0eb103ddd3e7dfc335	c_orderline	Tab Order Line	Tab Order Line	20	Y	Y	2022-10-19 23:17:16.406347	0	2022-11-05 01:45:06.619045	0		\N
bbd2fa10816f4b2b8c5eb5949c8424e0	0	0	7e84e79a4e9c443e89b7af1637e92ede	6d1f076e7cc446c0aad12097ca6eea86	c_orderline	Purchase Order Line	Purchase Order Line	20	Y	\N	2022-11-05 13:37:20.554228	0	2022-11-05 13:37:20.554228	0	\N	\N
6d1f076e7cc446c0aad12097ca6eea86	0	0	7e84e79a4e9c443e89b7af1637e92ede	\N	c_order	Purchase Order	Purchase Order	10	Y	\N	2022-11-05 13:36:44.204906	0	2022-11-05 14:01:32.327394	0	issotrx=N	updated:DESC
f6b09fc472364d318c2e0bc909653b0b	0	0	b1ad1dcc17e643f5a33b84275baa4d18	409c022e6ccb4c0eb103ddd3e7dfc335	fin_payment_schedule	Order Payment Schedule	Order Payment Schedule	30	Y	\N	2022-10-23 20:00:19.409401	0	2022-11-05 01:45:15.381581	0	\N	\N
55957e6ceb5b459a83965e1b1ee18619	0	0	7e84e79a4e9c443e89b7af1637e92ede	6d1f076e7cc446c0aad12097ca6eea86	fin_payment_schedule	Purchace Payment Schedule	Purchace Payment Schedule	30	Y	\N	2022-11-05 14:21:57.61773	0	2022-11-05 14:22:54.747015	0	\N	\N
06b282c4454b4fbcb969b3bb093b50c9	0	0	dec4f499094841c89f5cb90c35c7154c	\N	ad_windowtype	Window Type	Window Type	10	Y	\N	2022-11-07 18:27:44.472697	0	2022-11-07 18:27:44.472697	0	\N	\N
88aef48ea7f3457ebf226ee42cc1f37a	0	0	32ef150b12e9401ebaafda778583d4d6	\N	rpttest	Report Test	Report Test	10	Y	\N	2022-11-08 18:49:48.077409	0	2022-11-08 18:49:48.077409	0	\N	\N
\.


--
-- Data for Name: ad_table; Type: TABLE DATA; Schema: public; Owner: admin
--

COPY public.ad_table (ad_table_id, ad_client_id, ad_org_id, ad_package_id, value, name, description, isactive, btn_getcol, created, createdby, updated, updatedby) FROM stdin;
26ac0fbbd22e49c9b63c56235c02ee68	0	0	0	m_warehouse	Warehouse	Warehouse	Y	\N	2022-11-01 16:42:20.568891	02f99c48873e430b8b968d96ab9c4a9d	2022-11-01 16:42:20.568891	02f99c48873e430b8b968d96ab9c4a9d
00425a74a9c1459dbdff7aafe138bf30	0	0	0	c_location	Location	Location	Y	\N	2022-11-01 16:43:24.941216	02f99c48873e430b8b968d96ab9c4a9d	2022-11-01 16:43:24.941216	02f99c48873e430b8b968d96ab9c4a9d
93aa31ae53c74d4fbcef5bd7cb96d6e0	0	0	0	m_inventorytype	Inventory Type	Inventory Type	Y	\N	2022-11-01 16:57:20.735509	0	2022-11-01 16:57:20.735509	0
c0e904b2f879413cabcf57261df03fc3	0	0	0	m_movement	Movement	Movement	Y	\N	2022-11-03 14:26:56.434594	0	2022-11-03 14:26:56.434594	0
08e507a8ede54143bfbce401de402009	0	0	0	m_movementline	Movement Line	Movement Line	Y	\N	2022-11-03 15:22:24.820388	0	2022-11-03 15:22:24.820388	0
c13b62230a46470f945d3e0b43035515	0	0	0	m_inventory	Inventory	Inventory	Y	\N	2022-11-03 16:36:08.554467	0	2022-11-03 16:36:08.554467	0
d74c1180285b489282a4f235b54d825c	0	0	0	m_inventoryline	Inventory Line	Inventory Line	Y	\N	2022-11-03 16:37:19.292734	0	2022-11-03 16:37:19.292734	0
1f92bae89e204302aaa4d1ab922f5201	0	0	0	ad_client	Client	Client	Y	Y	2022-09-07 16:40:44.297987	0	2022-11-04 13:45:43.299635	0
0407249055a94757af9f8ec2ab262a47	0	0	0	ad_datatype	Data Type	Data Type	Y	Y	2022-09-07 16:40:44.297987	0	2022-11-04 13:46:03.12141	0
f19ed3aad9e848cbb4b065fd07caf31f	0	0	0	ad_field_group	Field Group	Field Group	Y	Y	2022-09-07 16:40:44.297987	0	2022-11-04 13:46:32.151291	0
63d0410f65a6426eb069285bc47eecea	0	0	0	ad_menu	Menu	Menu	Y	Y	2022-09-07 16:40:44.297987	0	2022-11-04 13:46:43.674679	0
c91eda025de94ef39b4706d92af057b2	0	0	0	ad_module	Module	Module	Y	Y	2022-09-07 16:40:44.297987	0	2022-11-04 13:46:59.841658	0
9c608ba5fd1649b1b552e4bd6b3dede9	0	0	0	ad_org	Organization	Organization	Y	Y	2022-09-07 16:40:44.297987	0	2022-11-04 13:47:11.279264	0
0831f8d09bfa4f0f80636b402b2c5d96	0	0	0	ad_package	Package	Package	Y	Y	2022-09-07 16:40:44.297987	0	2022-11-04 13:47:21.091838	0
1b072496ae9d4f6489ecb008c707ed43	0	0	0	m_product	Product	Product	Y	Y	2022-10-18 15:28:44.608764	0	2022-11-04 13:47:30.451649	0
f49921ad8d4a4d99bdad0e50a0675f56	0	0	0	m_product_category	Product Category	Product Category	Y	Y	2022-10-18 15:28:44.608764	0	2022-11-04 13:47:42.394989	0
bd56ea4a9f4241739437f294a5cfc9a8	0	0	0	c_uom	Unit Of Meassure	Unit Of Meassure	Y	Y	2022-10-18 18:55:46.064524	0	2022-11-04 13:48:02.306182	0
23ab1f87459340a5b0cde5b9c349c16f	0	0	0	fin_paymentmethod	Payment Method	Payment Method	Y	Y	2022-10-19 18:18:19.372273	0	2022-11-04 13:48:21.111316	0
10bfe2376a8d4efe8e87eaf0f6b60a83	0	0	0	c_order	Order	Order	Y	Y	2022-10-19 23:17:16.406347	0	2022-11-04 13:48:32.379782	0
0432c6269a404cbfb30a66324bd32999	0	0	0	c_orderline	Order Line	Order Line	Y	Y	2022-10-19 23:17:16.406347	0	2022-11-04 13:48:44.293647	0
e7173fe6ec5a4609988b0139340e2d8b	0	0	0	c_bpartner	Business Partner	Business Partner	Y	Y	2022-10-19 23:19:49.232195	0	2022-11-04 13:49:04.321676	0
00ef8514d6d74c6b8bc34f1cba4d0dff	0	0	0	fin_cashupmtype	Cashup Movement Type	Cashup Movement Type	Y	Y	2022-10-19 23:56:36.789198	0	2022-11-04 13:49:17.567183	0
5c72ddb7f8f64eaeb8d3c1d27c374142	0	0	0	m_movementtype	Movement Type	Movement Type	Y	Y	2022-10-19 23:57:11.759266	0	2022-11-04 13:49:28.995092	0
547da50a21fa4513abf75476e818ce68	0	0	0	fin_cashup	Cashup	Cashup	Y	Y	2022-10-19 23:57:56.889155	0	2022-11-04 13:49:39.114816	0
3e57d42df0014eed8a5c234883b20192	0	0	0	fin_cashupline	Cashup Line	Cashup Line	Y	Y	2022-10-19 23:57:56.889155	0	2022-11-04 13:50:12.680084	0
3627a5a46dcc47808210bd5eee963472	0	0	0	fin_payment_schedule	Payment Schedule	Payment Schedule	Y	\N	2022-10-23 19:57:06.583938	0	2022-11-04 13:50:26.038752	0
cb7de80db72344b8a7f293193cf86f02	0	0	0	ad_field	`	Field	Y	Y	2022-09-05 18:56:06.726323	0	2022-11-04 13:50:37.776892	0
e73ff25199104a259d5b57eeab2772f3	0	0	0	ad_tab	Tab	Tab	Y	Y	2022-09-05 18:56:06.726323	0	2022-11-04 13:50:46.583423	0
9ce79f7c82af48f28a2acf93154a4ee6	0	0	0	ad_window	Window	Window	Y	Y	2022-09-05 18:56:06.726323	0	2022-11-04 13:50:54.40299	0
61c0e80277a445058cb4d1f23247fa7d	0	0	0	ad_column	Column	Column	Y	Y	2022-09-05 18:56:06.726323	0	2022-11-04 13:51:04.800306	0
5db578ac25324d488e6247121df02992	0	0	0	ad_table	Table	Table	Y	Y	2022-09-05 18:56:06.726323	0	2022-11-04 13:51:15.40294	0
ad6432cb140349a1ab8de7975d0dabe5	0	0	0	ad_user	User	User	Y	Y	2022-09-05 18:56:06.726323	0	2022-11-04 13:51:23.775067	0
6961951e740542b2a70c82bfc36ead5a	0	0	0	m_warehouse_stock	Warehouse Stock	Warehouse Stock	Y	\N	2022-11-04 23:46:07.799649	0	2022-11-04 23:46:07.799649	0
72f13477164e4aaba54fe0d1f79f1fca	0	0	0	ad_windowtype	Window Type	Window Type	Y	\N	2022-11-07 18:20:01.239845	0	2022-11-07 18:20:01.239845	0
\.


--
-- Data for Name: ad_user; Type: TABLE DATA; Schema: public; Owner: admin
--

COPY public.ad_user (ad_user_id, ad_client_id, ad_org_id, value, name, password, email, first_name, last_name, phone_number, birth_date, image, device, device_model, so, so_version, isactive, created, createdby, updated, updatedby) FROM stdin;
0	0	0	U00001	admin	$2a$10$ailMVjeYYsDs9YZ3t6ujG.KqbvVDXzaJNZR4Q.KXo8SWyCiSJsqN2	ejcarranzap@gmail.com	Administrador	jon	\N	1985-08-28 00:00:00	1662687732304-317710-7e7da6b1a3930bc3.png	\N	\N	\N	\N	Y	2022-09-05 18:56:06.726323	0	2022-09-09 14:19:12.005422	0
02f99c48873e430b8b968d96ab9c4a9d	0	0	U000002	jon	$2a$10$zYeJSaUa6iGQMn65dWXk1uSZaeyDDfJok2IEBx7ccvLIWs4wlTgH6	jon@test.com	Jon	Car	00001111	1985-08-28 00:00:00	\N	\N	\N	\N	\N	Y	2022-11-01 16:16:51.293805	0	2022-11-01 16:17:00.38454	0
\.


--
-- Data for Name: ad_window; Type: TABLE DATA; Schema: public; Owner: admin
--

COPY public.ad_window (ad_window_id, ad_client_id, ad_org_id, value, name, description, isactive, created, createdby, updated, updatedby, ad_windowtype_id) FROM stdin;
4afe4092bd3344428beebc2557048af2	0	0	m_movement	Movement	Movement	Y	2022-10-19 23:57:35.123844	0	2022-11-03 15:31:17.352783	0	85036933bf2e4c53be89b99159a99ab5
834824664cca4a19a15d414ad1069e57	0	0	m_inventory	Inventory	Inventory	Y	2022-11-03 17:36:14.512005	0	2022-11-03 17:36:14.512005	0	85036933bf2e4c53be89b99159a99ab5
1acb589887bd4412a5b0d165c21a2978	0	0	ad_user	User	User	Y	2022-09-05 18:56:06.726323	0	2022-11-03 23:14:30.532527	0	85036933bf2e4c53be89b99159a99ab5
588b343e92504703815b34ea76bc67c0	0	0	ad_table	Table	Table	Y	2022-09-05 18:56:06.726323	0	2022-11-03 23:14:40.951843	0	85036933bf2e4c53be89b99159a99ab5
35e8c0f91d314ed9965afaa3a9129a64	0	0	ad_window	Window	Window	Y	2022-09-05 18:56:06.726323	0	2022-11-03 23:14:54.471734	0	85036933bf2e4c53be89b99159a99ab5
ad4987daf8304c4683f84dd809062b7c	0	0	ad_client	Client	Client	Y	2022-09-07 16:40:44.297987	0	2022-11-03 23:15:10.730316	0	85036933bf2e4c53be89b99159a99ab5
00dd80c7bf9c48e89c3db3098cc8fe09	0	0	ad_datatype	Data Type	Data Type	Y	2022-09-07 16:40:44.297987	0	2022-11-03 23:15:22.874882	0	85036933bf2e4c53be89b99159a99ab5
eed0adf5f3d54945850bad4510a97090	0	0	ad_field_group	Field Group	Field Group	Y	2022-09-07 16:40:44.297987	0	2022-11-03 23:15:34.629829	0	85036933bf2e4c53be89b99159a99ab5
32d0926d2fbc4ba695460d23c3ca5fdc	0	0	ad_menu	Menu	Menu	Y	2022-09-07 16:40:44.297987	0	2022-11-03 23:15:44.982291	0	85036933bf2e4c53be89b99159a99ab5
a08da98be132496f84ad22a576083027	0	0	ad_module	Module	Module	Y	2022-09-07 16:40:44.297987	0	2022-11-03 23:15:54.189349	0	85036933bf2e4c53be89b99159a99ab5
bbd40e22c67548f5801ba65ffd7dfdd5	0	0	ad_org	Organization	Organization	Y	2022-09-07 16:40:44.297987	0	2022-11-03 23:16:07.116149	0	85036933bf2e4c53be89b99159a99ab5
b6d1874fa2c8464e8b6f2a059c0f94f7	0	0	ad_package	Package	Package	Y	2022-09-07 16:40:44.297987	0	2022-11-03 23:16:18.771033	0	85036933bf2e4c53be89b99159a99ab5
67d83c4b52e14bb2886eef8ea4e96b1b	0	0	m_product	Product	Product	Y	2022-10-18 15:28:44.608764	0	2022-11-03 23:16:27.863888	0	85036933bf2e4c53be89b99159a99ab5
2319e752982d4cf59efd8b36115ae3ef	0	0	m_product_category	Product Category	Product Category	Y	2022-10-18 15:28:44.608764	0	2022-11-03 23:16:38.974195	0	85036933bf2e4c53be89b99159a99ab5
0e7ad99a2ac4435eb1ef80053d2179d0	0	0	c_uom	Unit Of Meassure	Unit Of Meassure	Y	2022-10-18 18:55:46.064524	0	2022-11-03 23:16:55.021391	0	85036933bf2e4c53be89b99159a99ab5
8dd926626a3a46e287cb973ca2d0cdc4	0	0	fin_paymentmethod	Payment Method	Payment Method	Y	2022-10-19 18:18:19.372273	0	2022-11-03 23:17:08.33912	0	85036933bf2e4c53be89b99159a99ab5
c49cfa622dcf43eeb80a477a0cb2e95c	0	0	c_bpartner	Business Partner	Business Partner	Y	2022-10-19 23:19:49.232195	0	2022-11-03 23:17:28.268251	0	85036933bf2e4c53be89b99159a99ab5
ef5301eeabc44496b03f2a6cae4eba38	0	0	fin_cashupmtype	Cashup Movement Type	Cashup Movement Type	Y	2022-10-19 23:56:36.789198	0	2022-11-03 23:17:41.810599	0	85036933bf2e4c53be89b99159a99ab5
bf19c9dfb51448b4b06141eb4ed53ba7	0	0	m_movementtype	Movement Type	Movement Type	Y	2022-10-19 23:57:11.759266	0	2022-11-03 23:18:02.322137	0	85036933bf2e4c53be89b99159a99ab5
91577ebe6ccd4e87a7d1e87acfd1c0f5	0	0	fin_cashup	Cashup	Cashup	Y	2022-10-19 23:57:56.889155	0	2022-11-03 23:18:12.36748	0	85036933bf2e4c53be89b99159a99ab5
24aaa8d95f194613bc55e9c126be7576	0	0	m_warehouse	Warehouse	Warehouse	Y	2022-11-01 16:44:18.105292	02f99c48873e430b8b968d96ab9c4a9d	2022-11-03 23:18:16.051001	02f99c48873e430b8b968d96ab9c4a9d	85036933bf2e4c53be89b99159a99ab5
df4f7b3dc18b45cea526b72157f428ea	0	0	c_location	Location	Location	Y	2022-11-01 16:48:36.1265	0	2022-11-03 23:18:19.743536	0	85036933bf2e4c53be89b99159a99ab5
16114b503e784203ae23aedeb341ba04	0	0	m_inventorytype	Inventory Type	Inventory Type	Y	2022-11-01 16:58:06.366502	0	2022-11-03 23:18:26.430833	0	85036933bf2e4c53be89b99159a99ab5
b1ad1dcc17e643f5a33b84275baa4d18	0	0	c_order	Sales Order	Sales Order	Y	2022-10-19 23:17:16.406347	0	2022-11-05 01:43:28.701295	0	85036933bf2e4c53be89b99159a99ab5
7e84e79a4e9c443e89b7af1637e92ede	0	0	c_order	Purchase Order	Purchase Order	Y	2022-11-05 13:35:50.90375	0	2022-11-05 13:35:50.90375	0	85036933bf2e4c53be89b99159a99ab5
dec4f499094841c89f5cb90c35c7154c	0	0	ad_windowtype	Window Type	Window Type	N	2022-11-07 18:27:18.882544	0	2022-11-07 18:27:18.882544	0	85036933bf2e4c53be89b99159a99ab5
32ef150b12e9401ebaafda778583d4d6	0	0	rpt_test	Report Test 1	Report Test 1	Y	2022-11-07 19:08:34.584466	0	2022-11-09 15:35:55.505298	0	d077507381e942f2847ad77f4e4a2151
\.


--
-- Data for Name: ad_windowtype; Type: TABLE DATA; Schema: public; Owner: admin
--

COPY public.ad_windowtype (ad_windowtype_id, ad_org_id, ad_client_id, isactive, created, createdby, updated, updatedby, value, name) FROM stdin;
85036933bf2e4c53be89b99159a99ab5	0	0	Y	2022-11-07 18:31:45.705152	0	2022-11-07 18:31:45.705152	0	W000001	Window Form
d077507381e942f2847ad77f4e4a2151	0	0	Y	2022-11-07 18:32:02.817226	0	2022-11-07 18:32:02.817226	0	W000002	Window Report
\.


--
-- Data for Name: c_bank; Type: TABLE DATA; Schema: public; Owner: admin
--

COPY public.c_bank (c_bank_id, ad_org_id, ad_client_id, isactive, created, createdby, updated, updatedby, value, name, balance) FROM stdin;
\.


--
-- Data for Name: c_bankaccount; Type: TABLE DATA; Schema: public; Owner: admin
--

COPY public.c_bankaccount (c_bankaccount_id, c_bank_id, ad_org_id, ad_client_id, c_currency_id, isactive, created, createdby, updated, updatedby, value, name) FROM stdin;
\.


--
-- Data for Name: c_bankmovement; Type: TABLE DATA; Schema: public; Owner: admin
--

COPY public.c_bankmovement (c_bankmovement_id, ad_org_id, ad_client_id, c_bankaccount_id, c_bankmtype_id, c_bankstatement_id, isactive, created, createdby, updated, updatedby, movementdate, comment, amount) FROM stdin;
\.


--
-- Data for Name: c_bankmtype; Type: TABLE DATA; Schema: public; Owner: admin
--

COPY public.c_bankmtype (c_bankmtype_id, ad_org_id, ad_client_id, isactive, created, createdby, updated, updatedby, value, name) FROM stdin;
\.


--
-- Data for Name: c_bankstatement; Type: TABLE DATA; Schema: public; Owner: admin
--

COPY public.c_bankstatement (c_bankstatement_id, ad_org_id, ad_client_id, c_bankaccount_id, isactive, created, createdby, updated, updatedby, value, name, balance, prevbalance) FROM stdin;
\.


--
-- Data for Name: c_bpartner; Type: TABLE DATA; Schema: public; Owner: admin
--

COPY public.c_bpartner (c_bpartner_id, ad_org_id, ad_client_id, isactive, created, createdby, updated, updatedby, value, name, last, taxid, uid, email, iscustomer, isvendor) FROM stdin;
b62b21f0a1664dae8f5027189212684a	0	0	Y	2022-10-21 18:51:13.743714	0	2022-10-21 18:51:13.743714	0	C000001	CAR	JON	0K	0	jon@test.com	Y	\N
\.


--
-- Data for Name: c_currency; Type: TABLE DATA; Schema: public; Owner: admin
--

COPY public.c_currency (c_currency_id, ad_org_id, ad_client_id, isactive, created, createdby, updated, updatedby, value, name) FROM stdin;
\.


--
-- Data for Name: c_location; Type: TABLE DATA; Schema: public; Owner: admin
--

COPY public.c_location (c_location_id, ad_org_id, ad_client_id, isactive, created, createdby, updated, updatedby, value, name) FROM stdin;
d813a807cd0a44ab939bb30c6c22fbb2	0	0	Y	2022-11-01 16:50:31.744388	0	2022-11-01 16:51:11.48689	0	L000001	DEFAULT LOCATION
\.


--
-- Data for Name: c_order; Type: TABLE DATA; Schema: public; Owner: admin
--

COPY public.c_order (c_order_id, ad_org_id, ad_client_id, c_bpartner_id, isactive, issotrx, created, createdby, updated, updatedby, dateordered, documentno, number, series, uuid, xml, subtotal, discount, tax, total, comment, iscomplete, btn_complete) FROM stdin;
b3bbc581eb794d1a9d7e032e54084423	0	0	b62b21f0a1664dae8f5027189212684a	Y	Y	2022-11-04 16:32:31.907739	0	2022-11-04 19:02:06.445443	0	2022-11-04 00:00:00	SALE-000001	\N	\N	\N	\N	528.0000000000	0.0000000000	72.0000000000	600.0000000000	ORDER TEST	Y	Y
2654477983284b6ba599f3023ca9e883	0	0	b62b21f0a1664dae8f5027189212684a	Y	N	2022-11-05 13:59:49.508348	0	2022-11-05 14:41:52.031697	0	2022-11-05 00:00:00	PRCH-000001	\N	\N	\N	\N	704.0000000000	0.0000000000	96.0000000000	800.0000000000	PURCHASE TEST	Y	\N
52b0d8d0be2844c1b973f9f215b3689d	0	0	b62b21f0a1664dae8f5027189212684a	Y	Y	2022-11-11 19:03:38.968623	0	2022-11-15 19:49:24.117883	0	2022-11-11 00:00:00	PRCH-000002	\N	\N	\N	\N	176.0000000000	0.0000000000	24.0000000000	200.0000000000	TEST 2	\N	\N
\.


--
-- Data for Name: c_orderline; Type: TABLE DATA; Schema: public; Owner: admin
--

COPY public.c_orderline (c_orderline_id, c_order_id, ad_org_id, ad_client_id, m_product_id, c_uom_id, isactive, created, createdby, updated, updatedby, qty, cost, price, subtotal, discount, linetax, linetotal) FROM stdin;
af4ebf42021a4c29a2c0bdd570d80b2e	b3bbc581eb794d1a9d7e032e54084423	0	0	4e2ef61e3d9b404cbfdfe8274bef05a2	f3287119b97548d3adbbaf3fce58f20b	Y	2022-11-04 16:32:44.173985	0	2022-11-04 19:00:37.607007	0	10.0000000000	30.0000000000	50.0000000000	440.0000000000	0.0000000000	60.0000000000	500.0000000000
69225b1d6f4141828ce3c66b44f8a14f	b3bbc581eb794d1a9d7e032e54084423	0	0	159df8f597e743119d175060c5494f7b	f3287119b97548d3adbbaf3fce58f20b	Y	2022-11-04 16:33:00.184685	0	2022-11-04 19:02:06.379636	0	5.0000000000	18.0000000000	20.0000000000	88.0000000000	0.0000000000	12.0000000000	100.0000000000
07fdfe45de6248fd90f5fadf1d7a94f8	2654477983284b6ba599f3023ca9e883	0	0	4e2ef61e3d9b404cbfdfe8274bef05a2	f3287119b97548d3adbbaf3fce58f20b	Y	2022-11-05 14:41:27.89848	0	2022-11-05 14:41:27.89848	0	10.0000000000	30.0000000000	50.0000000000	440.0000000000	0.0000000000	60.0000000000	500.0000000000
0756368e0be2478583927bb1fdf4be21	2654477983284b6ba599f3023ca9e883	0	0	159df8f597e743119d175060c5494f7b	f3287119b97548d3adbbaf3fce58f20b	Y	2022-11-05 14:41:52.015858	0	2022-11-05 14:41:52.015858	0	15.0000000000	18.0000000000	20.0000000000	264.0000000000	0.0000000000	36.0000000000	300.0000000000
8f400553ad714af78094b51f35dad30f	52b0d8d0be2844c1b973f9f215b3689d	0	0	4e2ef61e3d9b404cbfdfe8274bef05a2	f3287119b97548d3adbbaf3fce58f20b	Y	2022-11-15 19:47:31.129269	0	2022-11-15 19:47:31.129269	0	4.0000000000	30.0000000000	50.0000000000	176.0000000000	0.0000000000	24.0000000000	200.0000000000
88547b469efc43eabee938be523ca0fa	52b0d8d0be2844c1b973f9f215b3689d	0	0	159df8f597e743119d175060c5494f7b	f3287119b97548d3adbbaf3fce58f20b	Y	2022-11-15 19:47:53.677574	0	2022-11-15 19:49:24.067596	0	3.0000000000	18.0000000000	20.0000000000	52.8000000000	0.0000000000	7.2000000000	60.0000000000
\.


--
-- Data for Name: c_uom; Type: TABLE DATA; Schema: public; Owner: admin
--

COPY public.c_uom (c_uom_id, ad_org_id, ad_client_id, isactive, created, createdby, updated, updatedby, value, name) FROM stdin;
f3287119b97548d3adbbaf3fce58f20b	0	0	Y	2022-10-21 18:50:13.661792	0	2022-10-21 18:50:13.661792	0	U000001	UNIT
\.


--
-- Data for Name: fin_cashup; Type: TABLE DATA; Schema: public; Owner: admin
--

COPY public.fin_cashup (fin_cashup_id, ad_org_id, ad_client_id, isactive, created, createdby, updated, updatedby, cashupdate, documentno, series, comment) FROM stdin;
cf3f1ebef6964f288eb017c63e983e65	0	0	Y	2022-11-05 01:40:03.00242	0	2022-11-05 01:40:03.00242	0	2022-11-05 00:00:00	CASH-000001	CASH	CASHUP TEST
\.


--
-- Data for Name: fin_cashupline; Type: TABLE DATA; Schema: public; Owner: admin
--

COPY public.fin_cashupline (fin_cashupline_id, fin_cashup_id, fin_cashupmtype_id, fin_paymentmethod_id, ad_org_id, ad_client_id, reference, isactive, created, createdby, updated, updatedby, amount, comment) FROM stdin;
27f29432cda949a0b34c6fa39a3969a4	cf3f1ebef6964f288eb017c63e983e65	e2fa2c3be53c464692e233e49a548689	c63d42f8484548daace2858e5d54cbd9	0	0	b3bbc581eb794d1a9d7e032e54084423	Y	2022-11-05 01:40:13.617051	0	2022-11-05 01:40:13.617051	0	600.0000000000	Payment from order
974414d5805943a78f6d43c868d9a2f2	cf3f1ebef6964f288eb017c63e983e65	a87e76e5d0b4476480a8efafec42fb3e	c63d42f8484548daace2858e5d54cbd9	0	0	2654477983284b6ba599f3023ca9e883	Y	2022-11-05 15:04:17.845129	0	2022-11-05 15:04:17.845129	0	800.0000000000	Payment from purchase order
\.


--
-- Data for Name: fin_cashupmtype; Type: TABLE DATA; Schema: public; Owner: admin
--

COPY public.fin_cashupmtype (fin_cashupmtype_id, ad_org_id, ad_client_id, isactive, created, createdby, updated, updatedby, value, name) FROM stdin;
0e95f8813d99448b90a969ba6955ea76	0	0	Y	2022-10-25 21:49:10.558777	0	2022-10-25 21:49:10.558777	0	CT000001	INGRESO
3711e6585f19474fa545aa89b9d43d17	0	0	Y	2022-10-25 21:49:28.527956	0	2022-10-25 21:49:28.527956	0	CT000002	GASTO
e2fa2c3be53c464692e233e49a548689	0	0	Y	2022-10-25 21:49:34.39734	0	2022-10-25 21:49:34.39734	0	CT000003	VENTA
a87e76e5d0b4476480a8efafec42fb3e	0	0	Y	2022-10-25 21:49:39.269478	0	2022-10-25 21:49:39.269478	0	CT000004	COMPRA
\.


--
-- Data for Name: fin_expense; Type: TABLE DATA; Schema: public; Owner: admin
--

COPY public.fin_expense (fin_expense_id, ad_org_id, ad_client_id, fin_expensetype_id, isactive, created, createdby, updated, updatedby, value, name, comment, amount) FROM stdin;
\.


--
-- Data for Name: fin_expensetype; Type: TABLE DATA; Schema: public; Owner: admin
--

COPY public.fin_expensetype (fin_expensetype_id, ad_org_id, ad_client_id, isactive, created, createdby, updated, updatedby, value, name) FROM stdin;
\.


--
-- Data for Name: fin_payment_schedule; Type: TABLE DATA; Schema: public; Owner: admin
--

COPY public.fin_payment_schedule (fin_payment_schedule_id, ad_org_id, ad_client_id, fin_paymentmethod_id, c_order_id, isactive, created, createdby, updated, updatedby, amount, outstanding) FROM stdin;
825d23eedee1434cb37b9e04bc624665	0	0	c63d42f8484548daace2858e5d54cbd9	b3bbc581eb794d1a9d7e032e54084423	Y	2022-11-04 16:48:16.492006	0	2022-11-04 16:48:16.492006	0	600.0000000000	0.0000000000
f95f37a4ac134885991b68449ed9c4d7	0	0	c63d42f8484548daace2858e5d54cbd9	2654477983284b6ba599f3023ca9e883	Y	2022-11-05 14:42:41.739946	0	2022-11-05 14:58:15.255574	0	800.0000000000	0.0000000000
51e4a3378ac142a7bbca438da7873836	0	0	c63d42f8484548daace2858e5d54cbd9	52b0d8d0be2844c1b973f9f215b3689d	Y	2022-11-11 19:16:28.453416	0	2022-11-11 19:16:28.453416	0	400.0000000000	0.0000000000
\.


--
-- Data for Name: fin_paymentmethod; Type: TABLE DATA; Schema: public; Owner: admin
--

COPY public.fin_paymentmethod (fin_paymentmethod_id, ad_org_id, ad_client_id, isactive, created, createdby, updated, updatedby, value, name) FROM stdin;
c63d42f8484548daace2858e5d54cbd9	0	0	Y	2022-10-23 19:48:10.91046	0	2022-10-23 19:48:10.91046	0	CASH	CASH
18637dbfe5c14855bcd4c571f05359b0	0	0	Y	2022-10-23 19:48:20.39272	0	2022-10-23 19:48:20.39272	0	DEPOSIT	DEPOSIT
4667ddcaaf2a4e808727d5e672109407	0	0	Y	2022-10-23 19:48:32.004109	0	2022-10-23 19:48:32.004109	0	CREDITCARD	CREDIT CARD
\.


--
-- Data for Name: m_inventory; Type: TABLE DATA; Schema: public; Owner: admin
--

COPY public.m_inventory (m_inventory_id, ad_org_id, ad_client_id, m_warehouse_id, m_inventorytype_id, isactive, created, createdby, updated, updatedby, movementdate, documentno, number, series, comment, iscomplete, btn_complete, reference) FROM stdin;
d5febb5d530249028b747cf427eef309	0	0	9e5e72ee023c412d9187adcec855c5e9	f313c115dae247f1b1fb01a1d7e2fd26	Y	2022-11-05 01:40:13.617051	0	2022-11-05 01:40:13.617051	0	2022-11-05 01:40:13.617051	INV-000001			Inventory from order	Y	Y	b3bbc581eb794d1a9d7e032e54084423
fefef19deb8041cc8ded637cac09c820	0	0	9e5e72ee023c412d9187adcec855c5e9	bda8804b044f4cdfb4506ee5a5a1bd85	Y	2022-11-05 15:04:17.845129	0	2022-11-05 15:04:17.845129	0	2022-11-05 15:04:17.845129	INV-000002			Inventory from purchase order	Y	Y	2654477983284b6ba599f3023ca9e883
\.


--
-- Data for Name: m_inventoryline; Type: TABLE DATA; Schema: public; Owner: admin
--

COPY public.m_inventoryline (m_inventoryline_id, m_inventory_id, ad_org_id, ad_client_id, m_product_id, reference, c_uom_id, c_location_id, c_locationto, isactive, created, createdby, updated, updatedby, qty, cost, price) FROM stdin;
0db663550e314515807d8912c8e680e1	d5febb5d530249028b747cf427eef309	0	0	4e2ef61e3d9b404cbfdfe8274bef05a2	b3bbc581eb794d1a9d7e032e54084423	f3287119b97548d3adbbaf3fce58f20b	d813a807cd0a44ab939bb30c6c22fbb2	d813a807cd0a44ab939bb30c6c22fbb2	Y	2022-11-05 01:40:13.617051	0	2022-11-05 01:40:13.617051	0	10.0000000000	30.0000000000	50.0000000000
ccda1ff1a7cc4db693b8f217d0cb261c	d5febb5d530249028b747cf427eef309	0	0	159df8f597e743119d175060c5494f7b	b3bbc581eb794d1a9d7e032e54084423	f3287119b97548d3adbbaf3fce58f20b	d813a807cd0a44ab939bb30c6c22fbb2	d813a807cd0a44ab939bb30c6c22fbb2	Y	2022-11-05 01:40:13.617051	0	2022-11-05 01:40:13.617051	0	5.0000000000	18.0000000000	20.0000000000
fbf2009b16004aa48d6f094a1c4128b2	fefef19deb8041cc8ded637cac09c820	0	0	4e2ef61e3d9b404cbfdfe8274bef05a2	2654477983284b6ba599f3023ca9e883	f3287119b97548d3adbbaf3fce58f20b	d813a807cd0a44ab939bb30c6c22fbb2	d813a807cd0a44ab939bb30c6c22fbb2	Y	2022-11-05 15:04:17.845129	0	2022-11-05 15:04:17.845129	0	10.0000000000	30.0000000000	50.0000000000
53061c3106994507b6adc0c024b490a5	fefef19deb8041cc8ded637cac09c820	0	0	159df8f597e743119d175060c5494f7b	2654477983284b6ba599f3023ca9e883	f3287119b97548d3adbbaf3fce58f20b	d813a807cd0a44ab939bb30c6c22fbb2	d813a807cd0a44ab939bb30c6c22fbb2	Y	2022-11-05 15:04:17.845129	0	2022-11-05 15:04:17.845129	0	15.0000000000	18.0000000000	20.0000000000
\.


--
-- Data for Name: m_inventorytype; Type: TABLE DATA; Schema: public; Owner: admin
--

COPY public.m_inventorytype (m_inventorytype_id, ad_org_id, ad_client_id, isactive, created, createdby, updated, updatedby, value, name) FROM stdin;
bda8804b044f4cdfb4506ee5a5a1bd85	0	0	Y	2022-11-01 17:05:43.854525	0	2022-11-01 17:05:43.854525	0	IT000001	IN
f313c115dae247f1b1fb01a1d7e2fd26	0	0	Y	2022-11-01 17:05:52.62893	0	2022-11-01 17:05:52.62893	0	IT000002	OUT
\.


--
-- Data for Name: m_movement; Type: TABLE DATA; Schema: public; Owner: admin
--

COPY public.m_movement (m_movement_id, ad_org_id, ad_client_id, m_movementtype_id, c_location_id, isactive, created, createdby, updated, updatedby, movementdate, documentno, series, comment, iscomplete) FROM stdin;
\.


--
-- Data for Name: m_movementline; Type: TABLE DATA; Schema: public; Owner: admin
--

COPY public.m_movementline (m_movementline_id, m_movement_id, ad_org_id, ad_client_id, m_product_id, c_location_id, c_locationto, c_uom_id, isactive, created, createdby, updated, updatedby, qty, cost, price) FROM stdin;
\.


--
-- Data for Name: m_movementtype; Type: TABLE DATA; Schema: public; Owner: admin
--

COPY public.m_movementtype (m_movementtype_id, ad_org_id, ad_client_id, isactive, created, createdby, updated, updatedby, value, name) FROM stdin;
7164514994e1458ab2fc3c5e8ed53701	0	0	Y	2022-10-27 19:07:02.453433	0	2022-10-27 19:07:02.453433	0	M000001	ENTRADA
214ae589dd3a456db136c8d7aaf62edf	0	0	Y	2022-10-27 19:07:12.024086	0	2022-10-27 19:07:24.83166	0	M000002	SALIDA
e270cb0cd229435990510f2fbee4d8b9	0	0	Y	2022-10-27 19:08:41.444892	0	2022-10-27 19:08:41.444892	0	M000003	AJUSTE
\.


--
-- Data for Name: m_product; Type: TABLE DATA; Schema: public; Owner: admin
--

COPY public.m_product (m_product_id, ad_org_id, ad_client_id, m_product_category_id, c_uom_id, isactive, created, createdby, updated, updatedby, value, name, price, cost, qty, image) FROM stdin;
4e2ef61e3d9b404cbfdfe8274bef05a2	0	0	53f64bda9ba146139150ed5849fec418	f3287119b97548d3adbbaf3fce58f20b	Y	2022-10-21 18:50:41.923343	0	2022-10-23 19:40:48.538277	0	P000001	PRODUCT 1	50.0000000000	30.0000000000	150.0000000000	1666399840655-11912-674ea38c99052d4d.png
159df8f597e743119d175060c5494f7b	0	0	afa2676b02eb4bcf895aca6aa4bc7ce5	f3287119b97548d3adbbaf3fce58f20b	Y	2022-10-23 19:41:39.900646	0	2022-10-23 19:41:39.900646	0	P000002	PRODUCT 2	20.0000000000	18.0000000000	150.0000000000	1666575698206-11916-2f14f637051e5a35.png
\.


--
-- Data for Name: m_product_category; Type: TABLE DATA; Schema: public; Owner: admin
--

COPY public.m_product_category (m_product_category_id, ad_org_id, ad_client_id, isactive, created, createdby, updated, updatedby, value, name) FROM stdin;
53f64bda9ba146139150ed5849fec418	0	0	Y	2022-10-21 18:49:17.398829	0	2022-10-21 18:49:17.398829	0	CAT000001	CATEGORY 1
afa2676b02eb4bcf895aca6aa4bc7ce5	0	0	Y	2022-10-23 19:38:12.952502	0	2022-10-23 19:38:12.952502	0	CAT000002	CATEGORY 2
\.


--
-- Data for Name: m_warehouse; Type: TABLE DATA; Schema: public; Owner: admin
--

COPY public.m_warehouse (m_warehouse_id, ad_org_id, ad_client_id, c_location_id, isactive, created, createdby, updated, updatedby, value, name) FROM stdin;
9e5e72ee023c412d9187adcec855c5e9	0	0	d813a807cd0a44ab939bb30c6c22fbb2	Y	2022-11-01 16:51:01.308083	0	2022-11-01 16:51:01.308083	0	W000001	WAREHOUSE DEFAULT
\.


--
-- Data for Name: m_warehouse_stock; Type: TABLE DATA; Schema: public; Owner: admin
--

COPY public.m_warehouse_stock (m_warehouse_stock_id, ad_org_id, ad_client_id, isactive, created, createdby, updated, updatedby, m_warehouse_id, m_product_id, qty) FROM stdin;
2dc66b14e17549978ae8edfa81ca4647	0	0	Y	2022-11-05 00:07:22.222379	0	2022-11-05 15:02:57.909325	0	9e5e72ee023c412d9187adcec855c5e9	159df8f597e743119d175060c5494f7b	60.0000000000
431435504de84188914700792cba2414	0	0	Y	2022-11-04 23:54:18.338362	0	2022-11-05 15:03:07.27987	0	9e5e72ee023c412d9187adcec855c5e9	4e2ef61e3d9b404cbfdfe8274bef05a2	100.0000000000
\.


--
-- Name: ad_client ad_client_key; Type: CONSTRAINT; Schema: public; Owner: admin
--

ALTER TABLE ONLY public.ad_client
    ADD CONSTRAINT ad_client_key PRIMARY KEY (ad_client_id);


--
-- Name: ad_column ad_column_key; Type: CONSTRAINT; Schema: public; Owner: admin
--

ALTER TABLE ONLY public.ad_column
    ADD CONSTRAINT ad_column_key PRIMARY KEY (ad_column_id);


--
-- Name: ad_column ad_column_unique; Type: CONSTRAINT; Schema: public; Owner: admin
--

ALTER TABLE ONLY public.ad_column
    ADD CONSTRAINT ad_column_unique UNIQUE (ad_table_id, value);


--
-- Name: ad_datatype ad_datatype_key; Type: CONSTRAINT; Schema: public; Owner: admin
--

ALTER TABLE ONLY public.ad_datatype
    ADD CONSTRAINT ad_datatype_key PRIMARY KEY (ad_datatype_id);


--
-- Name: ad_datatype ad_datatype_unique; Type: CONSTRAINT; Schema: public; Owner: admin
--

ALTER TABLE ONLY public.ad_datatype
    ADD CONSTRAINT ad_datatype_unique UNIQUE (value);


--
-- Name: ad_field_group ad_field_group_key; Type: CONSTRAINT; Schema: public; Owner: admin
--

ALTER TABLE ONLY public.ad_field_group
    ADD CONSTRAINT ad_field_group_key PRIMARY KEY (ad_field_group_id);


--
-- Name: ad_field ad_field_key; Type: CONSTRAINT; Schema: public; Owner: admin
--

ALTER TABLE ONLY public.ad_field
    ADD CONSTRAINT ad_field_key PRIMARY KEY (ad_field_id);


--
-- Name: ad_menu ad_menu_key; Type: CONSTRAINT; Schema: public; Owner: admin
--

ALTER TABLE ONLY public.ad_menu
    ADD CONSTRAINT ad_menu_key PRIMARY KEY (ad_menu_id);


--
-- Name: ad_module ad_module_key; Type: CONSTRAINT; Schema: public; Owner: admin
--

ALTER TABLE ONLY public.ad_module
    ADD CONSTRAINT ad_module_key PRIMARY KEY (ad_module_id);


--
-- Name: ad_org ad_org_key; Type: CONSTRAINT; Schema: public; Owner: admin
--

ALTER TABLE ONLY public.ad_org
    ADD CONSTRAINT ad_org_key PRIMARY KEY (ad_org_id);


--
-- Name: ad_package ad_package_key; Type: CONSTRAINT; Schema: public; Owner: admin
--

ALTER TABLE ONLY public.ad_package
    ADD CONSTRAINT ad_package_key PRIMARY KEY (ad_package_id);


--
-- Name: ad_tab ad_tab_key; Type: CONSTRAINT; Schema: public; Owner: admin
--

ALTER TABLE ONLY public.ad_tab
    ADD CONSTRAINT ad_tab_key PRIMARY KEY (ad_tab_id);


--
-- Name: ad_table ad_table_key; Type: CONSTRAINT; Schema: public; Owner: admin
--

ALTER TABLE ONLY public.ad_table
    ADD CONSTRAINT ad_table_key PRIMARY KEY (ad_table_id);


--
-- Name: ad_user ad_user_key; Type: CONSTRAINT; Schema: public; Owner: admin
--

ALTER TABLE ONLY public.ad_user
    ADD CONSTRAINT ad_user_key PRIMARY KEY (ad_user_id);


--
-- Name: ad_window ad_window_key; Type: CONSTRAINT; Schema: public; Owner: admin
--

ALTER TABLE ONLY public.ad_window
    ADD CONSTRAINT ad_window_key PRIMARY KEY (ad_window_id);


--
-- Name: ad_windowtype ad_windowtype_key; Type: CONSTRAINT; Schema: public; Owner: admin
--

ALTER TABLE ONLY public.ad_windowtype
    ADD CONSTRAINT ad_windowtype_key PRIMARY KEY (ad_windowtype_id);


--
-- Name: c_bank c_bank_key; Type: CONSTRAINT; Schema: public; Owner: admin
--

ALTER TABLE ONLY public.c_bank
    ADD CONSTRAINT c_bank_key PRIMARY KEY (c_bank_id);


--
-- Name: c_bankaccount c_bankaccount_key; Type: CONSTRAINT; Schema: public; Owner: admin
--

ALTER TABLE ONLY public.c_bankaccount
    ADD CONSTRAINT c_bankaccount_key PRIMARY KEY (c_bankaccount_id);


--
-- Name: c_bankmovement c_bankmovement_key; Type: CONSTRAINT; Schema: public; Owner: admin
--

ALTER TABLE ONLY public.c_bankmovement
    ADD CONSTRAINT c_bankmovement_key PRIMARY KEY (c_bankmovement_id);


--
-- Name: c_bankmtype c_bankmtype_key; Type: CONSTRAINT; Schema: public; Owner: admin
--

ALTER TABLE ONLY public.c_bankmtype
    ADD CONSTRAINT c_bankmtype_key PRIMARY KEY (c_bankmtype_id);


--
-- Name: c_bankstatement c_bankstatement_key; Type: CONSTRAINT; Schema: public; Owner: admin
--

ALTER TABLE ONLY public.c_bankstatement
    ADD CONSTRAINT c_bankstatement_key PRIMARY KEY (c_bankstatement_id);


--
-- Name: c_bpartner c_bpartner_key; Type: CONSTRAINT; Schema: public; Owner: admin
--

ALTER TABLE ONLY public.c_bpartner
    ADD CONSTRAINT c_bpartner_key PRIMARY KEY (c_bpartner_id);


--
-- Name: c_currency c_currency_key; Type: CONSTRAINT; Schema: public; Owner: admin
--

ALTER TABLE ONLY public.c_currency
    ADD CONSTRAINT c_currency_key PRIMARY KEY (c_currency_id);


--
-- Name: c_location c_location_key; Type: CONSTRAINT; Schema: public; Owner: admin
--

ALTER TABLE ONLY public.c_location
    ADD CONSTRAINT c_location_key PRIMARY KEY (c_location_id);


--
-- Name: c_order c_order_key; Type: CONSTRAINT; Schema: public; Owner: admin
--

ALTER TABLE ONLY public.c_order
    ADD CONSTRAINT c_order_key PRIMARY KEY (c_order_id);


--
-- Name: c_orderline c_orderline_key; Type: CONSTRAINT; Schema: public; Owner: admin
--

ALTER TABLE ONLY public.c_orderline
    ADD CONSTRAINT c_orderline_key PRIMARY KEY (c_orderline_id);


--
-- Name: c_uom c_uom_key; Type: CONSTRAINT; Schema: public; Owner: admin
--

ALTER TABLE ONLY public.c_uom
    ADD CONSTRAINT c_uom_key PRIMARY KEY (c_uom_id);


--
-- Name: fin_cashup fin_cashup_key; Type: CONSTRAINT; Schema: public; Owner: admin
--

ALTER TABLE ONLY public.fin_cashup
    ADD CONSTRAINT fin_cashup_key PRIMARY KEY (fin_cashup_id);


--
-- Name: fin_cashupline fin_cashupline_key; Type: CONSTRAINT; Schema: public; Owner: admin
--

ALTER TABLE ONLY public.fin_cashupline
    ADD CONSTRAINT fin_cashupline_key PRIMARY KEY (fin_cashupline_id);


--
-- Name: fin_cashupmtype fin_cashupmtype_key; Type: CONSTRAINT; Schema: public; Owner: admin
--

ALTER TABLE ONLY public.fin_cashupmtype
    ADD CONSTRAINT fin_cashupmtype_key PRIMARY KEY (fin_cashupmtype_id);


--
-- Name: fin_expense fin_expense_key; Type: CONSTRAINT; Schema: public; Owner: admin
--

ALTER TABLE ONLY public.fin_expense
    ADD CONSTRAINT fin_expense_key PRIMARY KEY (fin_expense_id);


--
-- Name: fin_expensetype fin_expensetype_key; Type: CONSTRAINT; Schema: public; Owner: admin
--

ALTER TABLE ONLY public.fin_expensetype
    ADD CONSTRAINT fin_expensetype_key PRIMARY KEY (fin_expensetype_id);


--
-- Name: fin_payment_schedule fin_payment_schedule_key; Type: CONSTRAINT; Schema: public; Owner: admin
--

ALTER TABLE ONLY public.fin_payment_schedule
    ADD CONSTRAINT fin_payment_schedule_key PRIMARY KEY (fin_payment_schedule_id);


--
-- Name: fin_paymentmethod fin_paymentmethod_key; Type: CONSTRAINT; Schema: public; Owner: admin
--

ALTER TABLE ONLY public.fin_paymentmethod
    ADD CONSTRAINT fin_paymentmethod_key PRIMARY KEY (fin_paymentmethod_id);


--
-- Name: m_inventory m_inventory_key; Type: CONSTRAINT; Schema: public; Owner: admin
--

ALTER TABLE ONLY public.m_inventory
    ADD CONSTRAINT m_inventory_key PRIMARY KEY (m_inventory_id);


--
-- Name: m_inventoryline m_inventoryline_key; Type: CONSTRAINT; Schema: public; Owner: admin
--

ALTER TABLE ONLY public.m_inventoryline
    ADD CONSTRAINT m_inventoryline_key PRIMARY KEY (m_inventoryline_id);


--
-- Name: m_inventorytype m_inventorytype_key; Type: CONSTRAINT; Schema: public; Owner: admin
--

ALTER TABLE ONLY public.m_inventorytype
    ADD CONSTRAINT m_inventorytype_key PRIMARY KEY (m_inventorytype_id);


--
-- Name: m_movement m_movement_key; Type: CONSTRAINT; Schema: public; Owner: admin
--

ALTER TABLE ONLY public.m_movement
    ADD CONSTRAINT m_movement_key PRIMARY KEY (m_movement_id);


--
-- Name: m_movementline m_movementline_key; Type: CONSTRAINT; Schema: public; Owner: admin
--

ALTER TABLE ONLY public.m_movementline
    ADD CONSTRAINT m_movementline_key PRIMARY KEY (m_movementline_id);


--
-- Name: m_movementtype m_movementtype_key; Type: CONSTRAINT; Schema: public; Owner: admin
--

ALTER TABLE ONLY public.m_movementtype
    ADD CONSTRAINT m_movementtype_key PRIMARY KEY (m_movementtype_id);


--
-- Name: m_product_category m_product_category_key; Type: CONSTRAINT; Schema: public; Owner: admin
--

ALTER TABLE ONLY public.m_product_category
    ADD CONSTRAINT m_product_category_key PRIMARY KEY (m_product_category_id);


--
-- Name: m_product m_product_key; Type: CONSTRAINT; Schema: public; Owner: admin
--

ALTER TABLE ONLY public.m_product
    ADD CONSTRAINT m_product_key PRIMARY KEY (m_product_id);


--
-- Name: m_warehouse m_warehouse_key; Type: CONSTRAINT; Schema: public; Owner: admin
--

ALTER TABLE ONLY public.m_warehouse
    ADD CONSTRAINT m_warehouse_key PRIMARY KEY (m_warehouse_id);


--
-- Name: m_warehouse_stock m_warehouse_stock_key; Type: CONSTRAINT; Schema: public; Owner: admin
--

ALTER TABLE ONLY public.m_warehouse_stock
    ADD CONSTRAINT m_warehouse_stock_key PRIMARY KEY (m_warehouse_stock_id);


--
-- Name: m_warehouse_stock m_warehouse_stock_unique; Type: CONSTRAINT; Schema: public; Owner: admin
--

ALTER TABLE ONLY public.m_warehouse_stock
    ADD CONSTRAINT m_warehouse_stock_unique UNIQUE (m_warehouse_id, m_product_id);


--
-- Name: ad_client ad_client_ad_org; Type: FK CONSTRAINT; Schema: public; Owner: admin
--

ALTER TABLE ONLY public.ad_client
    ADD CONSTRAINT ad_client_ad_org FOREIGN KEY (ad_org_id) REFERENCES public.ad_org(ad_org_id);


--
-- Name: ad_column ad_column_ad_client; Type: FK CONSTRAINT; Schema: public; Owner: admin
--

ALTER TABLE ONLY public.ad_column
    ADD CONSTRAINT ad_column_ad_client FOREIGN KEY (ad_client_id) REFERENCES public.ad_client(ad_client_id);


--
-- Name: ad_column ad_column_ad_datatype; Type: FK CONSTRAINT; Schema: public; Owner: admin
--

ALTER TABLE ONLY public.ad_column
    ADD CONSTRAINT ad_column_ad_datatype FOREIGN KEY (ad_datatype_id) REFERENCES public.ad_datatype(ad_datatype_id);


--
-- Name: ad_column ad_column_ad_org; Type: FK CONSTRAINT; Schema: public; Owner: admin
--

ALTER TABLE ONLY public.ad_column
    ADD CONSTRAINT ad_column_ad_org FOREIGN KEY (ad_org_id) REFERENCES public.ad_org(ad_org_id);


--
-- Name: ad_column ad_column_ad_table; Type: FK CONSTRAINT; Schema: public; Owner: admin
--

ALTER TABLE ONLY public.ad_column
    ADD CONSTRAINT ad_column_ad_table FOREIGN KEY (ad_table_id) REFERENCES public.ad_table(ad_table_id);


--
-- Name: ad_datatype ad_datatype_ad_client; Type: FK CONSTRAINT; Schema: public; Owner: admin
--

ALTER TABLE ONLY public.ad_datatype
    ADD CONSTRAINT ad_datatype_ad_client FOREIGN KEY (ad_client_id) REFERENCES public.ad_client(ad_client_id);


--
-- Name: ad_datatype ad_datatype_ad_org; Type: FK CONSTRAINT; Schema: public; Owner: admin
--

ALTER TABLE ONLY public.ad_datatype
    ADD CONSTRAINT ad_datatype_ad_org FOREIGN KEY (ad_org_id) REFERENCES public.ad_org(ad_org_id);


--
-- Name: ad_field ad_field_ad_client; Type: FK CONSTRAINT; Schema: public; Owner: admin
--

ALTER TABLE ONLY public.ad_field
    ADD CONSTRAINT ad_field_ad_client FOREIGN KEY (ad_client_id) REFERENCES public.ad_client(ad_client_id);


--
-- Name: ad_field ad_field_ad_column; Type: FK CONSTRAINT; Schema: public; Owner: admin
--

ALTER TABLE ONLY public.ad_field
    ADD CONSTRAINT ad_field_ad_column FOREIGN KEY (ad_column_id) REFERENCES public.ad_column(ad_column_id);


--
-- Name: ad_field ad_field_ad_datatype; Type: FK CONSTRAINT; Schema: public; Owner: admin
--

ALTER TABLE ONLY public.ad_field
    ADD CONSTRAINT ad_field_ad_datatype FOREIGN KEY (ad_datatype_id) REFERENCES public.ad_datatype(ad_datatype_id);


--
-- Name: ad_field ad_field_ad_field_group; Type: FK CONSTRAINT; Schema: public; Owner: admin
--

ALTER TABLE ONLY public.ad_field
    ADD CONSTRAINT ad_field_ad_field_group FOREIGN KEY (ad_field_group_id) REFERENCES public.ad_field_group(ad_field_group_id);


--
-- Name: ad_field ad_field_ad_org; Type: FK CONSTRAINT; Schema: public; Owner: admin
--

ALTER TABLE ONLY public.ad_field
    ADD CONSTRAINT ad_field_ad_org FOREIGN KEY (ad_org_id) REFERENCES public.ad_org(ad_org_id);


--
-- Name: ad_field ad_field_ad_tab; Type: FK CONSTRAINT; Schema: public; Owner: admin
--

ALTER TABLE ONLY public.ad_field
    ADD CONSTRAINT ad_field_ad_tab FOREIGN KEY (ad_tab_id) REFERENCES public.ad_tab(ad_tab_id);


--
-- Name: ad_field_group ad_field_group_ad_client; Type: FK CONSTRAINT; Schema: public; Owner: admin
--

ALTER TABLE ONLY public.ad_field_group
    ADD CONSTRAINT ad_field_group_ad_client FOREIGN KEY (ad_client_id) REFERENCES public.ad_client(ad_client_id);


--
-- Name: ad_field_group ad_field_group_ad_org; Type: FK CONSTRAINT; Schema: public; Owner: admin
--

ALTER TABLE ONLY public.ad_field_group
    ADD CONSTRAINT ad_field_group_ad_org FOREIGN KEY (ad_org_id) REFERENCES public.ad_org(ad_org_id);


--
-- Name: ad_menu ad_menu_ad_client; Type: FK CONSTRAINT; Schema: public; Owner: admin
--

ALTER TABLE ONLY public.ad_menu
    ADD CONSTRAINT ad_menu_ad_client FOREIGN KEY (ad_client_id) REFERENCES public.ad_client(ad_client_id);


--
-- Name: ad_menu ad_menu_ad_org; Type: FK CONSTRAINT; Schema: public; Owner: admin
--

ALTER TABLE ONLY public.ad_menu
    ADD CONSTRAINT ad_menu_ad_org FOREIGN KEY (ad_org_id) REFERENCES public.ad_org(ad_org_id);


--
-- Name: ad_menu ad_menu_ad_window; Type: FK CONSTRAINT; Schema: public; Owner: admin
--

ALTER TABLE ONLY public.ad_menu
    ADD CONSTRAINT ad_menu_ad_window FOREIGN KEY (ad_window_id) REFERENCES public.ad_window(ad_window_id);


--
-- Name: ad_module ad_module_ad_client; Type: FK CONSTRAINT; Schema: public; Owner: admin
--

ALTER TABLE ONLY public.ad_module
    ADD CONSTRAINT ad_module_ad_client FOREIGN KEY (ad_client_id) REFERENCES public.ad_client(ad_client_id);


--
-- Name: ad_module ad_module_ad_org; Type: FK CONSTRAINT; Schema: public; Owner: admin
--

ALTER TABLE ONLY public.ad_module
    ADD CONSTRAINT ad_module_ad_org FOREIGN KEY (ad_org_id) REFERENCES public.ad_org(ad_org_id);


--
-- Name: ad_org ad_org_ad_client; Type: FK CONSTRAINT; Schema: public; Owner: admin
--

ALTER TABLE ONLY public.ad_org
    ADD CONSTRAINT ad_org_ad_client FOREIGN KEY (ad_client_id) REFERENCES public.ad_client(ad_client_id);


--
-- Name: ad_package ad_package_ad_client; Type: FK CONSTRAINT; Schema: public; Owner: admin
--

ALTER TABLE ONLY public.ad_package
    ADD CONSTRAINT ad_package_ad_client FOREIGN KEY (ad_client_id) REFERENCES public.ad_client(ad_client_id);


--
-- Name: ad_package ad_package_ad_module; Type: FK CONSTRAINT; Schema: public; Owner: admin
--

ALTER TABLE ONLY public.ad_package
    ADD CONSTRAINT ad_package_ad_module FOREIGN KEY (ad_module_id) REFERENCES public.ad_module(ad_module_id);


--
-- Name: ad_package ad_package_ad_org; Type: FK CONSTRAINT; Schema: public; Owner: admin
--

ALTER TABLE ONLY public.ad_package
    ADD CONSTRAINT ad_package_ad_org FOREIGN KEY (ad_org_id) REFERENCES public.ad_org(ad_org_id);


--
-- Name: ad_tab ad_tab_ad_client; Type: FK CONSTRAINT; Schema: public; Owner: admin
--

ALTER TABLE ONLY public.ad_tab
    ADD CONSTRAINT ad_tab_ad_client FOREIGN KEY (ad_client_id) REFERENCES public.ad_client(ad_client_id);


--
-- Name: ad_tab ad_tab_ad_org; Type: FK CONSTRAINT; Schema: public; Owner: admin
--

ALTER TABLE ONLY public.ad_tab
    ADD CONSTRAINT ad_tab_ad_org FOREIGN KEY (ad_org_id) REFERENCES public.ad_org(ad_org_id);


--
-- Name: ad_tab ad_tab_ad_tab_parent; Type: FK CONSTRAINT; Schema: public; Owner: admin
--

ALTER TABLE ONLY public.ad_tab
    ADD CONSTRAINT ad_tab_ad_tab_parent FOREIGN KEY (ad_tab_parent_id) REFERENCES public.ad_tab(ad_tab_id);


--
-- Name: ad_tab ad_tab_ad_window; Type: FK CONSTRAINT; Schema: public; Owner: admin
--

ALTER TABLE ONLY public.ad_tab
    ADD CONSTRAINT ad_tab_ad_window FOREIGN KEY (ad_window_id) REFERENCES public.ad_window(ad_window_id);


--
-- Name: ad_table ad_table_ad_client; Type: FK CONSTRAINT; Schema: public; Owner: admin
--

ALTER TABLE ONLY public.ad_table
    ADD CONSTRAINT ad_table_ad_client FOREIGN KEY (ad_client_id) REFERENCES public.ad_client(ad_client_id);


--
-- Name: ad_table ad_table_ad_org; Type: FK CONSTRAINT; Schema: public; Owner: admin
--

ALTER TABLE ONLY public.ad_table
    ADD CONSTRAINT ad_table_ad_org FOREIGN KEY (ad_org_id) REFERENCES public.ad_org(ad_org_id);


--
-- Name: ad_table ad_table_ad_package; Type: FK CONSTRAINT; Schema: public; Owner: admin
--

ALTER TABLE ONLY public.ad_table
    ADD CONSTRAINT ad_table_ad_package FOREIGN KEY (ad_package_id) REFERENCES public.ad_package(ad_package_id);


--
-- Name: ad_user ad_user_ad_client; Type: FK CONSTRAINT; Schema: public; Owner: admin
--

ALTER TABLE ONLY public.ad_user
    ADD CONSTRAINT ad_user_ad_client FOREIGN KEY (ad_client_id) REFERENCES public.ad_client(ad_client_id);


--
-- Name: ad_user ad_user_ad_org; Type: FK CONSTRAINT; Schema: public; Owner: admin
--

ALTER TABLE ONLY public.ad_user
    ADD CONSTRAINT ad_user_ad_org FOREIGN KEY (ad_org_id) REFERENCES public.ad_org(ad_org_id);


--
-- Name: ad_window ad_window_ad_client; Type: FK CONSTRAINT; Schema: public; Owner: admin
--

ALTER TABLE ONLY public.ad_window
    ADD CONSTRAINT ad_window_ad_client FOREIGN KEY (ad_client_id) REFERENCES public.ad_client(ad_client_id);


--
-- Name: ad_window ad_window_ad_org; Type: FK CONSTRAINT; Schema: public; Owner: admin
--

ALTER TABLE ONLY public.ad_window
    ADD CONSTRAINT ad_window_ad_org FOREIGN KEY (ad_org_id) REFERENCES public.ad_org(ad_org_id);


--
-- Name: ad_windowtype ad_windowtype_ad_client; Type: FK CONSTRAINT; Schema: public; Owner: admin
--

ALTER TABLE ONLY public.ad_windowtype
    ADD CONSTRAINT ad_windowtype_ad_client FOREIGN KEY (ad_client_id) REFERENCES public.ad_client(ad_client_id);


--
-- Name: ad_windowtype ad_windowtype_ad_org; Type: FK CONSTRAINT; Schema: public; Owner: admin
--

ALTER TABLE ONLY public.ad_windowtype
    ADD CONSTRAINT ad_windowtype_ad_org FOREIGN KEY (ad_org_id) REFERENCES public.ad_org(ad_org_id);


--
-- Name: ad_window ad_windowtype_ad_windowtype; Type: FK CONSTRAINT; Schema: public; Owner: admin
--

ALTER TABLE ONLY public.ad_window
    ADD CONSTRAINT ad_windowtype_ad_windowtype FOREIGN KEY (ad_windowtype_id) REFERENCES public.ad_windowtype(ad_windowtype_id);


--
-- Name: c_bank c_bank_ad_client; Type: FK CONSTRAINT; Schema: public; Owner: admin
--

ALTER TABLE ONLY public.c_bank
    ADD CONSTRAINT c_bank_ad_client FOREIGN KEY (ad_client_id) REFERENCES public.ad_client(ad_client_id);


--
-- Name: c_bank c_bank_ad_org; Type: FK CONSTRAINT; Schema: public; Owner: admin
--

ALTER TABLE ONLY public.c_bank
    ADD CONSTRAINT c_bank_ad_org FOREIGN KEY (ad_org_id) REFERENCES public.ad_org(ad_org_id);


--
-- Name: c_bankaccount c_bankaccount_ad_client; Type: FK CONSTRAINT; Schema: public; Owner: admin
--

ALTER TABLE ONLY public.c_bankaccount
    ADD CONSTRAINT c_bankaccount_ad_client FOREIGN KEY (ad_client_id) REFERENCES public.ad_client(ad_client_id);


--
-- Name: c_bankaccount c_bankaccount_ad_org; Type: FK CONSTRAINT; Schema: public; Owner: admin
--

ALTER TABLE ONLY public.c_bankaccount
    ADD CONSTRAINT c_bankaccount_ad_org FOREIGN KEY (ad_org_id) REFERENCES public.ad_org(ad_org_id);


--
-- Name: c_bankaccount c_bankaccount_c_bank; Type: FK CONSTRAINT; Schema: public; Owner: admin
--

ALTER TABLE ONLY public.c_bankaccount
    ADD CONSTRAINT c_bankaccount_c_bank FOREIGN KEY (c_bank_id) REFERENCES public.c_bank(c_bank_id);


--
-- Name: c_bankaccount c_bankaccount_c_currency; Type: FK CONSTRAINT; Schema: public; Owner: admin
--

ALTER TABLE ONLY public.c_bankaccount
    ADD CONSTRAINT c_bankaccount_c_currency FOREIGN KEY (c_currency_id) REFERENCES public.c_currency(c_currency_id);


--
-- Name: c_bankmovement c_bankmovement_ad_client; Type: FK CONSTRAINT; Schema: public; Owner: admin
--

ALTER TABLE ONLY public.c_bankmovement
    ADD CONSTRAINT c_bankmovement_ad_client FOREIGN KEY (ad_client_id) REFERENCES public.ad_client(ad_client_id);


--
-- Name: c_bankmovement c_bankmovement_ad_org; Type: FK CONSTRAINT; Schema: public; Owner: admin
--

ALTER TABLE ONLY public.c_bankmovement
    ADD CONSTRAINT c_bankmovement_ad_org FOREIGN KEY (ad_org_id) REFERENCES public.ad_org(ad_org_id);


--
-- Name: c_bankmovement c_bankmovement_c_bankaccount; Type: FK CONSTRAINT; Schema: public; Owner: admin
--

ALTER TABLE ONLY public.c_bankmovement
    ADD CONSTRAINT c_bankmovement_c_bankaccount FOREIGN KEY (c_bankaccount_id) REFERENCES public.c_bankaccount(c_bankaccount_id);


--
-- Name: c_bankmovement c_bankmovement_c_bankmtype; Type: FK CONSTRAINT; Schema: public; Owner: admin
--

ALTER TABLE ONLY public.c_bankmovement
    ADD CONSTRAINT c_bankmovement_c_bankmtype FOREIGN KEY (c_bankmtype_id) REFERENCES public.c_bankmtype(c_bankmtype_id);


--
-- Name: c_bankmovement c_bankmovement_c_bankstatement; Type: FK CONSTRAINT; Schema: public; Owner: admin
--

ALTER TABLE ONLY public.c_bankmovement
    ADD CONSTRAINT c_bankmovement_c_bankstatement FOREIGN KEY (c_bankstatement_id) REFERENCES public.c_bankstatement(c_bankstatement_id);


--
-- Name: c_bankmtype c_bankmtype_ad_client; Type: FK CONSTRAINT; Schema: public; Owner: admin
--

ALTER TABLE ONLY public.c_bankmtype
    ADD CONSTRAINT c_bankmtype_ad_client FOREIGN KEY (ad_client_id) REFERENCES public.ad_client(ad_client_id);


--
-- Name: c_bankmtype c_bankmtype_ad_org; Type: FK CONSTRAINT; Schema: public; Owner: admin
--

ALTER TABLE ONLY public.c_bankmtype
    ADD CONSTRAINT c_bankmtype_ad_org FOREIGN KEY (ad_org_id) REFERENCES public.ad_org(ad_org_id);


--
-- Name: c_bankstatement c_bankstatement_ad_client; Type: FK CONSTRAINT; Schema: public; Owner: admin
--

ALTER TABLE ONLY public.c_bankstatement
    ADD CONSTRAINT c_bankstatement_ad_client FOREIGN KEY (ad_client_id) REFERENCES public.ad_client(ad_client_id);


--
-- Name: c_bankstatement c_bankstatement_ad_org; Type: FK CONSTRAINT; Schema: public; Owner: admin
--

ALTER TABLE ONLY public.c_bankstatement
    ADD CONSTRAINT c_bankstatement_ad_org FOREIGN KEY (ad_org_id) REFERENCES public.ad_org(ad_org_id);


--
-- Name: c_bankstatement c_bankstatement_c_bankaccount; Type: FK CONSTRAINT; Schema: public; Owner: admin
--

ALTER TABLE ONLY public.c_bankstatement
    ADD CONSTRAINT c_bankstatement_c_bankaccount FOREIGN KEY (c_bankaccount_id) REFERENCES public.c_bankaccount(c_bankaccount_id);


--
-- Name: c_bpartner c_bpartner_ad_client; Type: FK CONSTRAINT; Schema: public; Owner: admin
--

ALTER TABLE ONLY public.c_bpartner
    ADD CONSTRAINT c_bpartner_ad_client FOREIGN KEY (ad_client_id) REFERENCES public.ad_client(ad_client_id);


--
-- Name: c_bpartner c_bpartner_ad_org; Type: FK CONSTRAINT; Schema: public; Owner: admin
--

ALTER TABLE ONLY public.c_bpartner
    ADD CONSTRAINT c_bpartner_ad_org FOREIGN KEY (ad_org_id) REFERENCES public.ad_org(ad_org_id);


--
-- Name: c_currency c_currency_ad_client; Type: FK CONSTRAINT; Schema: public; Owner: admin
--

ALTER TABLE ONLY public.c_currency
    ADD CONSTRAINT c_currency_ad_client FOREIGN KEY (ad_client_id) REFERENCES public.ad_client(ad_client_id);


--
-- Name: c_currency c_currency_ad_org; Type: FK CONSTRAINT; Schema: public; Owner: admin
--

ALTER TABLE ONLY public.c_currency
    ADD CONSTRAINT c_currency_ad_org FOREIGN KEY (ad_org_id) REFERENCES public.ad_org(ad_org_id);


--
-- Name: c_location c_location_ad_client; Type: FK CONSTRAINT; Schema: public; Owner: admin
--

ALTER TABLE ONLY public.c_location
    ADD CONSTRAINT c_location_ad_client FOREIGN KEY (ad_client_id) REFERENCES public.ad_client(ad_client_id);


--
-- Name: c_location c_location_ad_org; Type: FK CONSTRAINT; Schema: public; Owner: admin
--

ALTER TABLE ONLY public.c_location
    ADD CONSTRAINT c_location_ad_org FOREIGN KEY (ad_org_id) REFERENCES public.ad_org(ad_org_id);


--
-- Name: c_order c_order_ad_client; Type: FK CONSTRAINT; Schema: public; Owner: admin
--

ALTER TABLE ONLY public.c_order
    ADD CONSTRAINT c_order_ad_client FOREIGN KEY (ad_client_id) REFERENCES public.ad_client(ad_client_id);


--
-- Name: c_order c_order_ad_org; Type: FK CONSTRAINT; Schema: public; Owner: admin
--

ALTER TABLE ONLY public.c_order
    ADD CONSTRAINT c_order_ad_org FOREIGN KEY (ad_org_id) REFERENCES public.ad_org(ad_org_id);


--
-- Name: c_order c_order_c_bpartner; Type: FK CONSTRAINT; Schema: public; Owner: admin
--

ALTER TABLE ONLY public.c_order
    ADD CONSTRAINT c_order_c_bpartner FOREIGN KEY (c_bpartner_id) REFERENCES public.c_bpartner(c_bpartner_id);


--
-- Name: c_orderline c_orderline_ad_client; Type: FK CONSTRAINT; Schema: public; Owner: admin
--

ALTER TABLE ONLY public.c_orderline
    ADD CONSTRAINT c_orderline_ad_client FOREIGN KEY (ad_client_id) REFERENCES public.ad_client(ad_client_id);


--
-- Name: c_orderline c_orderline_ad_org; Type: FK CONSTRAINT; Schema: public; Owner: admin
--

ALTER TABLE ONLY public.c_orderline
    ADD CONSTRAINT c_orderline_ad_org FOREIGN KEY (ad_org_id) REFERENCES public.ad_org(ad_org_id);


--
-- Name: c_orderline c_orderline_c_order; Type: FK CONSTRAINT; Schema: public; Owner: admin
--

ALTER TABLE ONLY public.c_orderline
    ADD CONSTRAINT c_orderline_c_order FOREIGN KEY (c_order_id) REFERENCES public.c_order(c_order_id);


--
-- Name: c_orderline c_orderline_c_uom; Type: FK CONSTRAINT; Schema: public; Owner: admin
--

ALTER TABLE ONLY public.c_orderline
    ADD CONSTRAINT c_orderline_c_uom FOREIGN KEY (c_uom_id) REFERENCES public.c_uom(c_uom_id);


--
-- Name: c_orderline c_orderline_m_product; Type: FK CONSTRAINT; Schema: public; Owner: admin
--

ALTER TABLE ONLY public.c_orderline
    ADD CONSTRAINT c_orderline_m_product FOREIGN KEY (m_product_id) REFERENCES public.m_product(m_product_id);


--
-- Name: c_uom c_uom_ad_client; Type: FK CONSTRAINT; Schema: public; Owner: admin
--

ALTER TABLE ONLY public.c_uom
    ADD CONSTRAINT c_uom_ad_client FOREIGN KEY (ad_client_id) REFERENCES public.ad_client(ad_client_id);


--
-- Name: c_uom c_uom_ad_org; Type: FK CONSTRAINT; Schema: public; Owner: admin
--

ALTER TABLE ONLY public.c_uom
    ADD CONSTRAINT c_uom_ad_org FOREIGN KEY (ad_org_id) REFERENCES public.ad_org(ad_org_id);


--
-- Name: fin_cashup fin_cashup_ad_client; Type: FK CONSTRAINT; Schema: public; Owner: admin
--

ALTER TABLE ONLY public.fin_cashup
    ADD CONSTRAINT fin_cashup_ad_client FOREIGN KEY (ad_client_id) REFERENCES public.ad_client(ad_client_id);


--
-- Name: fin_cashup fin_cashup_ad_org; Type: FK CONSTRAINT; Schema: public; Owner: admin
--

ALTER TABLE ONLY public.fin_cashup
    ADD CONSTRAINT fin_cashup_ad_org FOREIGN KEY (ad_org_id) REFERENCES public.ad_org(ad_org_id);


--
-- Name: fin_cashupline fin_cashupline_ad_client; Type: FK CONSTRAINT; Schema: public; Owner: admin
--

ALTER TABLE ONLY public.fin_cashupline
    ADD CONSTRAINT fin_cashupline_ad_client FOREIGN KEY (ad_client_id) REFERENCES public.ad_client(ad_client_id);


--
-- Name: fin_cashupline fin_cashupline_ad_org; Type: FK CONSTRAINT; Schema: public; Owner: admin
--

ALTER TABLE ONLY public.fin_cashupline
    ADD CONSTRAINT fin_cashupline_ad_org FOREIGN KEY (ad_org_id) REFERENCES public.ad_org(ad_org_id);


--
-- Name: fin_cashupline fin_cashupline_fin_cashup; Type: FK CONSTRAINT; Schema: public; Owner: admin
--

ALTER TABLE ONLY public.fin_cashupline
    ADD CONSTRAINT fin_cashupline_fin_cashup FOREIGN KEY (fin_cashup_id) REFERENCES public.fin_cashup(fin_cashup_id);


--
-- Name: fin_cashupline fin_cashupline_fin_cashupmtype; Type: FK CONSTRAINT; Schema: public; Owner: admin
--

ALTER TABLE ONLY public.fin_cashupline
    ADD CONSTRAINT fin_cashupline_fin_cashupmtype FOREIGN KEY (fin_cashupmtype_id) REFERENCES public.fin_cashupmtype(fin_cashupmtype_id);


--
-- Name: fin_cashupline fin_cashupline_fin_paymentmethod; Type: FK CONSTRAINT; Schema: public; Owner: admin
--

ALTER TABLE ONLY public.fin_cashupline
    ADD CONSTRAINT fin_cashupline_fin_paymentmethod FOREIGN KEY (fin_paymentmethod_id) REFERENCES public.fin_paymentmethod(fin_paymentmethod_id);


--
-- Name: fin_cashupmtype fin_cashupmtype_ad_client; Type: FK CONSTRAINT; Schema: public; Owner: admin
--

ALTER TABLE ONLY public.fin_cashupmtype
    ADD CONSTRAINT fin_cashupmtype_ad_client FOREIGN KEY (ad_client_id) REFERENCES public.ad_client(ad_client_id);


--
-- Name: fin_cashupmtype fin_cashupmtype_ad_org; Type: FK CONSTRAINT; Schema: public; Owner: admin
--

ALTER TABLE ONLY public.fin_cashupmtype
    ADD CONSTRAINT fin_cashupmtype_ad_org FOREIGN KEY (ad_org_id) REFERENCES public.ad_org(ad_org_id);


--
-- Name: fin_expense fin_expense_ad_client; Type: FK CONSTRAINT; Schema: public; Owner: admin
--

ALTER TABLE ONLY public.fin_expense
    ADD CONSTRAINT fin_expense_ad_client FOREIGN KEY (ad_client_id) REFERENCES public.ad_client(ad_client_id);


--
-- Name: fin_expense fin_expense_ad_org; Type: FK CONSTRAINT; Schema: public; Owner: admin
--

ALTER TABLE ONLY public.fin_expense
    ADD CONSTRAINT fin_expense_ad_org FOREIGN KEY (ad_org_id) REFERENCES public.ad_org(ad_org_id);


--
-- Name: fin_expense fin_expense_fin_expensetype; Type: FK CONSTRAINT; Schema: public; Owner: admin
--

ALTER TABLE ONLY public.fin_expense
    ADD CONSTRAINT fin_expense_fin_expensetype FOREIGN KEY (fin_expensetype_id) REFERENCES public.fin_expensetype(fin_expensetype_id);


--
-- Name: fin_expensetype fin_expensetype_ad_client; Type: FK CONSTRAINT; Schema: public; Owner: admin
--

ALTER TABLE ONLY public.fin_expensetype
    ADD CONSTRAINT fin_expensetype_ad_client FOREIGN KEY (ad_client_id) REFERENCES public.ad_client(ad_client_id);


--
-- Name: fin_expensetype fin_expensetype_ad_org; Type: FK CONSTRAINT; Schema: public; Owner: admin
--

ALTER TABLE ONLY public.fin_expensetype
    ADD CONSTRAINT fin_expensetype_ad_org FOREIGN KEY (ad_org_id) REFERENCES public.ad_org(ad_org_id);


--
-- Name: fin_payment_schedule fin_payment_schedule_ad_client; Type: FK CONSTRAINT; Schema: public; Owner: admin
--

ALTER TABLE ONLY public.fin_payment_schedule
    ADD CONSTRAINT fin_payment_schedule_ad_client FOREIGN KEY (ad_client_id) REFERENCES public.ad_client(ad_client_id);


--
-- Name: fin_payment_schedule fin_payment_schedule_ad_org; Type: FK CONSTRAINT; Schema: public; Owner: admin
--

ALTER TABLE ONLY public.fin_payment_schedule
    ADD CONSTRAINT fin_payment_schedule_ad_org FOREIGN KEY (ad_org_id) REFERENCES public.ad_org(ad_org_id);


--
-- Name: fin_payment_schedule fin_payment_schedule_c_order; Type: FK CONSTRAINT; Schema: public; Owner: admin
--

ALTER TABLE ONLY public.fin_payment_schedule
    ADD CONSTRAINT fin_payment_schedule_c_order FOREIGN KEY (c_order_id) REFERENCES public.c_order(c_order_id);


--
-- Name: fin_payment_schedule fin_payment_schedule_fin_paymentmethod; Type: FK CONSTRAINT; Schema: public; Owner: admin
--

ALTER TABLE ONLY public.fin_payment_schedule
    ADD CONSTRAINT fin_payment_schedule_fin_paymentmethod FOREIGN KEY (fin_paymentmethod_id) REFERENCES public.fin_paymentmethod(fin_paymentmethod_id);


--
-- Name: fin_paymentmethod fin_paymentmethod_ad_client; Type: FK CONSTRAINT; Schema: public; Owner: admin
--

ALTER TABLE ONLY public.fin_paymentmethod
    ADD CONSTRAINT fin_paymentmethod_ad_client FOREIGN KEY (ad_client_id) REFERENCES public.ad_client(ad_client_id);


--
-- Name: fin_paymentmethod fin_paymentmethod_ad_org; Type: FK CONSTRAINT; Schema: public; Owner: admin
--

ALTER TABLE ONLY public.fin_paymentmethod
    ADD CONSTRAINT fin_paymentmethod_ad_org FOREIGN KEY (ad_org_id) REFERENCES public.ad_org(ad_org_id);


--
-- Name: m_inventory m_inventory_ad_client; Type: FK CONSTRAINT; Schema: public; Owner: admin
--

ALTER TABLE ONLY public.m_inventory
    ADD CONSTRAINT m_inventory_ad_client FOREIGN KEY (ad_client_id) REFERENCES public.ad_client(ad_client_id);


--
-- Name: m_inventory m_inventory_ad_org; Type: FK CONSTRAINT; Schema: public; Owner: admin
--

ALTER TABLE ONLY public.m_inventory
    ADD CONSTRAINT m_inventory_ad_org FOREIGN KEY (ad_org_id) REFERENCES public.ad_org(ad_org_id);


--
-- Name: m_inventory m_inventory_m_inventorytype; Type: FK CONSTRAINT; Schema: public; Owner: admin
--

ALTER TABLE ONLY public.m_inventory
    ADD CONSTRAINT m_inventory_m_inventorytype FOREIGN KEY (m_inventorytype_id) REFERENCES public.m_inventorytype(m_inventorytype_id);


--
-- Name: m_inventory m_inventory_m_warehouse; Type: FK CONSTRAINT; Schema: public; Owner: admin
--

ALTER TABLE ONLY public.m_inventory
    ADD CONSTRAINT m_inventory_m_warehouse FOREIGN KEY (m_warehouse_id) REFERENCES public.m_warehouse(m_warehouse_id);


--
-- Name: m_inventoryline m_inventoryline_ad_client; Type: FK CONSTRAINT; Schema: public; Owner: admin
--

ALTER TABLE ONLY public.m_inventoryline
    ADD CONSTRAINT m_inventoryline_ad_client FOREIGN KEY (ad_client_id) REFERENCES public.ad_client(ad_client_id);


--
-- Name: m_inventoryline m_inventoryline_ad_org; Type: FK CONSTRAINT; Schema: public; Owner: admin
--

ALTER TABLE ONLY public.m_inventoryline
    ADD CONSTRAINT m_inventoryline_ad_org FOREIGN KEY (ad_org_id) REFERENCES public.ad_org(ad_org_id);


--
-- Name: m_inventoryline m_inventoryline_c_location; Type: FK CONSTRAINT; Schema: public; Owner: admin
--

ALTER TABLE ONLY public.m_inventoryline
    ADD CONSTRAINT m_inventoryline_c_location FOREIGN KEY (c_location_id) REFERENCES public.c_location(c_location_id);


--
-- Name: m_inventoryline m_inventoryline_c_locationto; Type: FK CONSTRAINT; Schema: public; Owner: admin
--

ALTER TABLE ONLY public.m_inventoryline
    ADD CONSTRAINT m_inventoryline_c_locationto FOREIGN KEY (c_locationto) REFERENCES public.c_location(c_location_id);


--
-- Name: m_inventoryline m_inventoryline_c_uom; Type: FK CONSTRAINT; Schema: public; Owner: admin
--

ALTER TABLE ONLY public.m_inventoryline
    ADD CONSTRAINT m_inventoryline_c_uom FOREIGN KEY (c_uom_id) REFERENCES public.c_uom(c_uom_id);


--
-- Name: m_inventoryline m_inventoryline_m_inventory; Type: FK CONSTRAINT; Schema: public; Owner: admin
--

ALTER TABLE ONLY public.m_inventoryline
    ADD CONSTRAINT m_inventoryline_m_inventory FOREIGN KEY (m_inventory_id) REFERENCES public.m_inventory(m_inventory_id);


--
-- Name: m_inventoryline m_inventoryline_m_product; Type: FK CONSTRAINT; Schema: public; Owner: admin
--

ALTER TABLE ONLY public.m_inventoryline
    ADD CONSTRAINT m_inventoryline_m_product FOREIGN KEY (m_product_id) REFERENCES public.m_product(m_product_id);


--
-- Name: m_inventorytype m_inventorytype_ad_client; Type: FK CONSTRAINT; Schema: public; Owner: admin
--

ALTER TABLE ONLY public.m_inventorytype
    ADD CONSTRAINT m_inventorytype_ad_client FOREIGN KEY (ad_client_id) REFERENCES public.ad_client(ad_client_id);


--
-- Name: m_inventorytype m_inventorytype_ad_org; Type: FK CONSTRAINT; Schema: public; Owner: admin
--

ALTER TABLE ONLY public.m_inventorytype
    ADD CONSTRAINT m_inventorytype_ad_org FOREIGN KEY (ad_org_id) REFERENCES public.ad_org(ad_org_id);


--
-- Name: m_movement m_movement_ad_client; Type: FK CONSTRAINT; Schema: public; Owner: admin
--

ALTER TABLE ONLY public.m_movement
    ADD CONSTRAINT m_movement_ad_client FOREIGN KEY (ad_client_id) REFERENCES public.ad_client(ad_client_id);


--
-- Name: m_movement m_movement_ad_org; Type: FK CONSTRAINT; Schema: public; Owner: admin
--

ALTER TABLE ONLY public.m_movement
    ADD CONSTRAINT m_movement_ad_org FOREIGN KEY (ad_org_id) REFERENCES public.ad_org(ad_org_id);


--
-- Name: m_movement m_movement_c_location; Type: FK CONSTRAINT; Schema: public; Owner: admin
--

ALTER TABLE ONLY public.m_movement
    ADD CONSTRAINT m_movement_c_location FOREIGN KEY (c_location_id) REFERENCES public.c_location(c_location_id);


--
-- Name: m_movement m_movement_m_movementtype; Type: FK CONSTRAINT; Schema: public; Owner: admin
--

ALTER TABLE ONLY public.m_movement
    ADD CONSTRAINT m_movement_m_movementtype FOREIGN KEY (m_movementtype_id) REFERENCES public.m_movementtype(m_movementtype_id);


--
-- Name: m_movementline m_movementline_ad_client; Type: FK CONSTRAINT; Schema: public; Owner: admin
--

ALTER TABLE ONLY public.m_movementline
    ADD CONSTRAINT m_movementline_ad_client FOREIGN KEY (ad_client_id) REFERENCES public.ad_client(ad_client_id);


--
-- Name: m_movementline m_movementline_ad_org; Type: FK CONSTRAINT; Schema: public; Owner: admin
--

ALTER TABLE ONLY public.m_movementline
    ADD CONSTRAINT m_movementline_ad_org FOREIGN KEY (ad_org_id) REFERENCES public.ad_org(ad_org_id);


--
-- Name: m_movementline m_movementline_c_location; Type: FK CONSTRAINT; Schema: public; Owner: admin
--

ALTER TABLE ONLY public.m_movementline
    ADD CONSTRAINT m_movementline_c_location FOREIGN KEY (c_location_id) REFERENCES public.c_location(c_location_id);


--
-- Name: m_movementline m_movementline_c_locationto; Type: FK CONSTRAINT; Schema: public; Owner: admin
--

ALTER TABLE ONLY public.m_movementline
    ADD CONSTRAINT m_movementline_c_locationto FOREIGN KEY (c_locationto) REFERENCES public.c_location(c_location_id);


--
-- Name: m_movementline m_movementline_c_uom; Type: FK CONSTRAINT; Schema: public; Owner: admin
--

ALTER TABLE ONLY public.m_movementline
    ADD CONSTRAINT m_movementline_c_uom FOREIGN KEY (c_uom_id) REFERENCES public.c_uom(c_uom_id);


--
-- Name: m_movementline m_movementline_m_movement; Type: FK CONSTRAINT; Schema: public; Owner: admin
--

ALTER TABLE ONLY public.m_movementline
    ADD CONSTRAINT m_movementline_m_movement FOREIGN KEY (m_movement_id) REFERENCES public.m_movement(m_movement_id);


--
-- Name: m_movementline m_movementline_m_product; Type: FK CONSTRAINT; Schema: public; Owner: admin
--

ALTER TABLE ONLY public.m_movementline
    ADD CONSTRAINT m_movementline_m_product FOREIGN KEY (m_product_id) REFERENCES public.m_product(m_product_id);


--
-- Name: m_movementtype m_movementtype_ad_client; Type: FK CONSTRAINT; Schema: public; Owner: admin
--

ALTER TABLE ONLY public.m_movementtype
    ADD CONSTRAINT m_movementtype_ad_client FOREIGN KEY (ad_client_id) REFERENCES public.ad_client(ad_client_id);


--
-- Name: m_movementtype m_movementtype_ad_org; Type: FK CONSTRAINT; Schema: public; Owner: admin
--

ALTER TABLE ONLY public.m_movementtype
    ADD CONSTRAINT m_movementtype_ad_org FOREIGN KEY (ad_org_id) REFERENCES public.ad_org(ad_org_id);


--
-- Name: m_product m_product_ad_client; Type: FK CONSTRAINT; Schema: public; Owner: admin
--

ALTER TABLE ONLY public.m_product
    ADD CONSTRAINT m_product_ad_client FOREIGN KEY (ad_client_id) REFERENCES public.ad_client(ad_client_id);


--
-- Name: m_product m_product_ad_org; Type: FK CONSTRAINT; Schema: public; Owner: admin
--

ALTER TABLE ONLY public.m_product
    ADD CONSTRAINT m_product_ad_org FOREIGN KEY (ad_org_id) REFERENCES public.ad_org(ad_org_id);


--
-- Name: m_product m_product_c_uom; Type: FK CONSTRAINT; Schema: public; Owner: admin
--

ALTER TABLE ONLY public.m_product
    ADD CONSTRAINT m_product_c_uom FOREIGN KEY (c_uom_id) REFERENCES public.c_uom(c_uom_id);


--
-- Name: m_product_category m_product_category_ad_client; Type: FK CONSTRAINT; Schema: public; Owner: admin
--

ALTER TABLE ONLY public.m_product_category
    ADD CONSTRAINT m_product_category_ad_client FOREIGN KEY (ad_client_id) REFERENCES public.ad_client(ad_client_id);


--
-- Name: m_product_category m_product_category_ad_org; Type: FK CONSTRAINT; Schema: public; Owner: admin
--

ALTER TABLE ONLY public.m_product_category
    ADD CONSTRAINT m_product_category_ad_org FOREIGN KEY (ad_org_id) REFERENCES public.ad_org(ad_org_id);


--
-- Name: m_product m_product_m_product_category; Type: FK CONSTRAINT; Schema: public; Owner: admin
--

ALTER TABLE ONLY public.m_product
    ADD CONSTRAINT m_product_m_product_category FOREIGN KEY (m_product_category_id) REFERENCES public.m_product_category(m_product_category_id);


--
-- Name: m_warehouse m_warehouse_ad_client; Type: FK CONSTRAINT; Schema: public; Owner: admin
--

ALTER TABLE ONLY public.m_warehouse
    ADD CONSTRAINT m_warehouse_ad_client FOREIGN KEY (ad_client_id) REFERENCES public.ad_client(ad_client_id);


--
-- Name: m_warehouse m_warehouse_ad_org; Type: FK CONSTRAINT; Schema: public; Owner: admin
--

ALTER TABLE ONLY public.m_warehouse
    ADD CONSTRAINT m_warehouse_ad_org FOREIGN KEY (ad_org_id) REFERENCES public.ad_org(ad_org_id);


--
-- Name: m_warehouse m_warehouse_c_location; Type: FK CONSTRAINT; Schema: public; Owner: admin
--

ALTER TABLE ONLY public.m_warehouse
    ADD CONSTRAINT m_warehouse_c_location FOREIGN KEY (c_location_id) REFERENCES public.c_location(c_location_id);


--
-- Name: m_warehouse_stock m_warehouse_stock_ad_client; Type: FK CONSTRAINT; Schema: public; Owner: admin
--

ALTER TABLE ONLY public.m_warehouse_stock
    ADD CONSTRAINT m_warehouse_stock_ad_client FOREIGN KEY (ad_client_id) REFERENCES public.ad_client(ad_client_id);


--
-- Name: m_warehouse_stock m_warehouse_stock_ad_org; Type: FK CONSTRAINT; Schema: public; Owner: admin
--

ALTER TABLE ONLY public.m_warehouse_stock
    ADD CONSTRAINT m_warehouse_stock_ad_org FOREIGN KEY (ad_org_id) REFERENCES public.ad_org(ad_org_id);


--
-- Name: m_warehouse_stock m_warehouse_stock_m_product; Type: FK CONSTRAINT; Schema: public; Owner: admin
--

ALTER TABLE ONLY public.m_warehouse_stock
    ADD CONSTRAINT m_warehouse_stock_m_product FOREIGN KEY (m_product_id) REFERENCES public.m_product(m_product_id);


--
-- Name: m_warehouse_stock m_warehouse_stock_m_warehouse; Type: FK CONSTRAINT; Schema: public; Owner: admin
--

ALTER TABLE ONLY public.m_warehouse_stock
    ADD CONSTRAINT m_warehouse_stock_m_warehouse FOREIGN KEY (m_warehouse_id) REFERENCES public.m_warehouse(m_warehouse_id);


--
-- Name: ad_menu parent_ad_menu; Type: FK CONSTRAINT; Schema: public; Owner: admin
--

ALTER TABLE ONLY public.ad_menu
    ADD CONSTRAINT parent_ad_menu FOREIGN KEY (parent) REFERENCES public.ad_menu(ad_menu_id);


--
-- PostgreSQL database dump complete
--

