--
-- PostgreSQL database dump
--

-- Dumped from database version 14.5 (Debian 14.5-1.pgdg110+1)
-- Dumped by pg_dump version 14.5 (Debian 14.5-1.pgdg110+1)

SET statement_timeout = 0;
SET lock_timeout = 0;
SET idle_in_transaction_session_timeout = 0;
SET client_encoding = 'UTF8';
SET standard_conforming_strings = on;
SELECT pg_catalog.set_config('search_path', '', false);
SET check_function_bodies = false;
SET xmloption = content;
SET client_min_messages = warning;
SET row_security = off;

--
-- Name: pgcrypto; Type: EXTENSION; Schema: -; Owner: -
--

CREATE EXTENSION IF NOT EXISTS pgcrypto WITH SCHEMA public;


--
-- Name: EXTENSION pgcrypto; Type: COMMENT; Schema: -; Owner: 
--

COMMENT ON EXTENSION pgcrypto IS 'cryptographic functions';


--
-- Name: uuid-ossp; Type: EXTENSION; Schema: -; Owner: -
--

CREATE EXTENSION IF NOT EXISTS "uuid-ossp" WITH SCHEMA public;


--
-- Name: EXTENSION "uuid-ossp"; Type: COMMENT; Schema: -; Owner: 
--

COMMENT ON EXTENSION "uuid-ossp" IS 'generate universally unique identifiers (UUIDs)';


--
-- Name: fn_generate_all_table(); Type: FUNCTION; Schema: public; Owner: admin
--

CREATE FUNCTION public.fn_generate_all_table() RETURNS numeric
    LANGUAGE plpgsql
    AS $$
DECLARE ref_table refcursor;
DECLARE msg CHARACTER VARYING(255);
DECLARE _UUID CHARACTER VARYING(32);
DECLARE _UUIDW CHARACTER VARYING(32);
DECLARE _UUIDM CHARACTER VARYING(32);
DECLARE _UUIDT CHARACTER VARYING(32);
BEGIN	
	DECLARE ref_table CURSOR FOR
	SELECT table_name
	FROM information_schema.tables
	WHERE 1 = 1
	AND table_schema = 'public'
	/*AND table_name = COALESCE(_table_name,table_name)*/
	AND table_name IN('fin_paymentmethod')
	/*AND table_name IN('ad_menu')*/
	ORDER BY table_name;
	record_cur RECORD;

	BEGIN
		OPEN ref_table;
		LOOP
			FETCH ref_table INTO record_cur;
			IF NOT FOUND THEN
				EXIT;
		   	END IF;

			RAISE NOTICE '%',record_cur.table_name;
			
			IF NOT EXISTS(SELECT 0 FROM ad_table WHERE value = record_cur.table_name) THEN
			BEGIN			
				_UUID := fn_get_uuid();
				_UUIDW := fn_get_uuid();
				_UUIDM := fn_get_uuid();
				_UUIDT := fn_get_uuid();
				INSERT INTO ad_table VALUES(_UUID,'0','0','0',record_cur.table_name, 'Name: ' || record_cur.table_name,'Dscription: ' || record_cur.table_name,'Y','Y',NOW(),'0',NOW(),'0');
				PERFORM fn_generate_column(_UUID,'GETCOL');
				
				INSERT INTO ad_window VALUES(_UUIDW,'0','0',record_cur.table_name,'Win Name: ' || record_cur.table_name,'Win Description: ' || record_cur.table_name,'Y',NOW(),'0',NOW(),'0');
				INSERT INTO ad_menu VALUES(_UUIDM,'0','0','0',_UUIDW,record_cur.table_name,'Menu' || record_cur.table_name,'Menu Description: ' || record_cur.table_name,'Y',NOW(),'0',NOW(),'0');
				INSERT INTO ad_tab VALUES(_UUIDT,'0','0',_UUIDW,NULL,record_cur.table_name,'Tab: ' || record_cur.table_name,'Tab Description: ' || record_cur.table_name,10,'Y','Y',NOW(),'0',NOW(),'0');
				PERFORM fn_generate_field(_UUIDT,'GETFIELD');
			END;			
			END IF;

		END LOOP;	
		CLOSE ref_table;
	END;
	
	RETURN 1;	
END $$;


ALTER FUNCTION public.fn_generate_all_table() OWNER TO admin;

--
-- Name: fn_generate_column(character varying, character varying); Type: FUNCTION; Schema: public; Owner: admin
--

CREATE FUNCTION public.fn_generate_column(_ad_table_id character varying, _action character varying) RETURNS SETOF refcursor
    LANGUAGE plpgsql
    AS $$
--DECLARE ref_cols refcursor;	
BEGIN	
	--ref_cols = 'ref_cols';
	--OPEN ref_cols FOR

	WITH xTableP AS (
		SELECT ad_table_id,value "table_name",ad_client_id,ad_org_id FROM ad_table
		WHERE ad_table_id = _ad_table_id
	),
	xTable AS(
		SELECT table_name
		FROM information_schema.tables
		WHERE 1 = 1
		AND table_schema = 'public'		
		AND table_catalog = 'test'
	),
	xColumn AS (
		SELECT table_name,column_name,data_type,character_maximum_length,numeric_precision,numeric_scale 
		FROM INFORMATION_SCHEMA.COLUMNS 
		WHERE 1 = 1 
		AND TABLE_SCHEMA = 'public' 
		AND table_catalog = 'test'
		AND column_name NOT IN('updated','created','updatedby','createdby')
		--AND column_name IN('position')
	),
	xConstraint AS (
		SELECT tc.constraint_name,
		tc.constraint_type,
		tc.table_name table_nameo,
		kcu.column_name column_nameo,
		tc.is_deferrable,
		tc.initially_deferred,
		rc.match_option AS match_type,
		rc.update_rule AS on_update,
		rc.delete_rule AS on_delete,
		ccu.table_name AS references_table,
		ccu.column_name AS references_field
		FROM information_schema.table_constraints tc
		LEFT JOIN information_schema.key_column_usage kcu
		ON tc.constraint_catalog = kcu.constraint_catalog
		AND tc.constraint_schema = kcu.constraint_schema
		AND tc.constraint_name = kcu.constraint_name
		LEFT JOIN information_schema.referential_constraints rc
		ON tc.constraint_catalog = rc.constraint_catalog
		AND tc.constraint_schema = rc.constraint_schema
		AND tc.constraint_name = rc.constraint_name
		LEFT JOIN information_schema.constraint_column_usage ccu
		ON rc.unique_constraint_catalog = ccu.constraint_catalog
		AND rc.unique_constraint_schema = ccu.constraint_schema
		AND rc.unique_constraint_name = ccu.constraint_name
		WHERE 1 = 1
		AND tc.constraint_type NOT IN('CHECK','UNIQUE')
		AND tc.constraint_schema IN('public')
	)
		
	INSERT INTO ad_column
	SELECT 
	fn_get_uuid() ad_column_id,
	A.ad_client_id,
	A.ad_org_id,
	_ad_table_id ad_table_id,	
	fn_get_datatype_id(CASE WHEN C.constraint_type = 'FOREIGN KEY' THEN 'select' ELSE B.data_type END, B.character_maximum_length) ad_datatype_id,
	B.column_name "value",
	B.column_name "name",
	B.column_name "description",
	'' "action",
	CASE WHEN C.constraint_type = 'PRIMARY KEY' THEN 'Y' ELSE 'N' END ispk,
	CASE WHEN C.constraint_type = 'FOREIGN KEY' THEN 'Y' ELSE 'N' END isfk,
	C.references_table ref_table,
	C.references_field ref_table_key_field,
	CASE WHEN C.constraint_type = 'FOREIGN KEY' THEN 'name' ELSE NULL END ref_table_text_field,
	NULL icon,
	'Y' isactive,
	NOW() created,
	'0' createdby,
	NOW() updated,
	'0' updatedby/*,
	C.**/
	FROM xTableP A
	INNER JOIN xColumn B ON A.table_name = B.table_name
	LEFT JOIN xConstraint C ON B.table_name = C.table_nameo AND B.column_name = C.column_nameo;
			
	--RETURN NEXT ref_cols;	
END
$$;


ALTER FUNCTION public.fn_generate_column(_ad_table_id character varying, _action character varying) OWNER TO admin;

--
-- Name: fn_generate_field(character varying, character varying); Type: FUNCTION; Schema: public; Owner: admin
--

CREATE FUNCTION public.fn_generate_field(_ad_tab_id character varying, _action character varying) RETURNS numeric
    LANGUAGE plpgsql
    AS $$
/*DECLARE ref_tab refcursor;*/
DECLARE rcount INT;
BEGIN
	/*ref_tab = 'ref_tab';
	OPEN ref_tab FOR
	SELECT * FROM ad_tab
	WHERE value = _ad_tab_id;
	RETURN NEXT ref_tab;*/
	
	SELECT COUNT(*) INTO rcount FROM ad_tab A WHERE A.ad_tab_id = _ad_tab_id;
	
	IF rcount > 0 THEN		
		INSERT INTO ad_field
		SELECT fn_get_uuid() ad_field_id,C.ad_client_id, C.ad_org_id,C.ad_column_id,
		(SELECT X.ad_field_group_id FROM ad_field_group X WHERE X.ad_org_id = C.ad_org_id AND X.ad_client_id = C.ad_client_id limit 1) ad_field_group_id,
	 	ad_tab_id,C.value,C.name,C.description,(ROW_NUMBER () OVER ())*10 "position",'Y' isactive,'' display_logic, '' readonly_logic,NOW() created,'0' createdby,NOW() updated, '0' updatedby
		FROM ad_tab A
		INNER JOIN ad_table B ON A.value = B.value 
		INNER JOIN ad_column C ON B.ad_table_id = C.ad_table_id
		WHERE A.ad_tab_id = _ad_tab_id;
	END IF;
	
	RETURN 1;
END
$$;


ALTER FUNCTION public.fn_generate_field(_ad_tab_id character varying, _action character varying) OWNER TO admin;

--
-- Name: fn_get_datatype_id(character varying, integer); Type: FUNCTION; Schema: public; Owner: admin
--

CREATE FUNCTION public.fn_get_datatype_id(_datatype character varying, _len integer) RETURNS character varying
    LANGUAGE plpgsql
    AS $$
DECLARE _id CHARACTER VARYING(32);
DECLARE _type CHARACTER VARYING(50);
BEGIN	
	CASE 
	WHEN _datatype = 'timestamp' THEN _type = 'DATE';
	WHEN _datatype = 'select' THEN _type = 'SELECT';
	WHEN (_datatype = 'character varying' AND _len = 1) THEN _type = 'YESNO';
	WHEN (_datatype = 'integer') THEN _type = 'NUMBER';
	ELSE
		_type = 'TEXT';
	END CASE;
	
	SELECT ad_datatype_id INTO _id FROM ad_datatype 
	WHERE value = _type;
	
	RETURN _id;
END
$$;


ALTER FUNCTION public.fn_get_datatype_id(_datatype character varying, _len integer) OWNER TO admin;

--
-- Name: fn_get_table_data(character varying, character varying); Type: FUNCTION; Schema: public; Owner: admin
--

CREATE FUNCTION public.fn_get_table_data(_table_name character varying, _action character varying) RETURNS SETOF refcursor
    LANGUAGE plpgsql
    AS $$
DECLARE ref_table refcursor;
DECLARE ref_column refcursor;
DECLARE ref_constraint refcursor;
BEGIN
	ref_table = 'ref_table';
	OPEN ref_table FOR
	SELECT table_name
	FROM information_schema.tables
	WHERE 1 = 1
	AND table_schema = 'public'
	AND table_name = COALESCE(_table_name,table_name)
	AND table_name NOT IN('User')
	ORDER BY table_name;		
	RETURN NEXT ref_table;
	
	IF _action <> 'ONLY_TABLE' THEN		
		ref_column = 'ref_column';
		OPEN ref_column FOR
		SELECT table_name,column_name,data_type,character_maximum_length,numeric_precision,numeric_scale 
		FROM INFORMATION_SCHEMA.COLUMNS 
		WHERE 1 = 1 
		AND TABLE_SCHEMA = 'public' 
		AND table_catalog = 'test'
		AND table_name = COALESCE(_table_name,table_name)
		ORDER BY table_name,ordinal_position;
		RETURN NEXT ref_column;

		ref_constraint = 'ref_constraint';
		OPEN ref_constraint FOR
		SELECT tc.constraint_name,
		tc.constraint_type,
		tc.table_name,
		kcu.column_name,
		tc.is_deferrable,
		tc.initially_deferred,
		rc.match_option AS match_type,

		rc.update_rule AS on_update,
		rc.delete_rule AS on_delete,
		ccu.table_name AS references_table,
		ccu.column_name AS references_field
		FROM information_schema.table_constraints tc

		LEFT JOIN information_schema.key_column_usage kcu
		ON tc.constraint_catalog = kcu.constraint_catalog
		AND tc.constraint_schema = kcu.constraint_schema
		AND tc.constraint_name = kcu.constraint_name

		LEFT JOIN information_schema.referential_constraints rc
		ON tc.constraint_catalog = rc.constraint_catalog
		AND tc.constraint_schema = rc.constraint_schema
		AND tc.constraint_name = rc.constraint_name

		LEFT JOIN information_schema.constraint_column_usage ccu
		ON rc.unique_constraint_catalog = ccu.constraint_catalog
		AND rc.unique_constraint_schema = ccu.constraint_schema
		AND rc.unique_constraint_name = ccu.constraint_name
		WHERE 1 = 1
		AND tc.constraint_type NOT IN('CHECK','UNIQUE')
		AND tc.constraint_schema IN('public')
		AND tc.table_name = COALESCE(_table_name,tc.table_name)
		ORDER BY tc.table_name,kcu.column_name;
		RETURN NEXT ref_constraint;
	END IF;
END
$$;


ALTER FUNCTION public.fn_get_table_data(_table_name character varying, _action character varying) OWNER TO admin;

--
-- Name: fn_get_user_code(); Type: FUNCTION; Schema: public; Owner: admin
--

CREATE FUNCTION public.fn_get_user_code() RETURNS character varying
    LANGUAGE plpgsql
    AS $$
DECLARE _code CHARACTER VARYING(50);
BEGIN	
	_code = 'U000000';
	
	_code = 'U' || RIGHT('000000' || (SELECT MAX(COALESCE(REPLACE("value",'U',''),'0')::INT)+1 FROM ad_user) ,6);
		
	RETURN _code;
END
$$;


ALTER FUNCTION public.fn_get_user_code() OWNER TO admin;

--
-- Name: fn_get_uuid(); Type: FUNCTION; Schema: public; Owner: admin
--

CREATE FUNCTION public.fn_get_uuid() RETURNS character varying
    LANGUAGE plpgsql
    AS $$
DECLARE _GUID CHARACTER VARYING(32);
BEGIN 
	_GUID := REPLACE(uuid_generate_v4()::TEXT,'-','');
	RETURN _GUID;
END
$$;


ALTER FUNCTION public.fn_get_uuid() OWNER TO admin;

SET default_tablespace = '';

SET default_table_access_method = heap;

--
-- Name: ad_client; Type: TABLE; Schema: public; Owner: admin
--

CREATE TABLE public.ad_client (
    ad_client_id character varying(32) NOT NULL,
    ad_org_id character varying(32) NOT NULL,
    value character varying(50) NOT NULL,
    name character varying(100) NOT NULL,
    isactive character varying(1),
    created timestamp without time zone DEFAULT now() NOT NULL,
    createdby character varying(32) NOT NULL,
    updated timestamp without time zone DEFAULT now() NOT NULL,
    updatedby character varying(32) NOT NULL,
    CONSTRAINT ad_client_isactive_check CHECK (((isactive)::text = ANY ((ARRAY['Y'::character varying, 'N'::character varying])::text[])))
);


ALTER TABLE public.ad_client OWNER TO admin;

--
-- Name: ad_column; Type: TABLE; Schema: public; Owner: admin
--

CREATE TABLE public.ad_column (
    ad_column_id character varying(32) NOT NULL,
    ad_client_id character varying(32) NOT NULL,
    ad_org_id character varying(32) NOT NULL,
    ad_table_id character varying(32) NOT NULL,
    ad_datatype_id character varying(32) NOT NULL,
    value character varying(50) NOT NULL,
    name character varying(100) NOT NULL,
    description character varying(255) NOT NULL,
    action character varying(50),
    ispk character varying(1),
    isfk character varying(1),
    ref_table character varying(50),
    ref_table_key_field character varying(50),
    ref_table_text_field character varying(50),
    icon character varying(50),
    isactive character varying(1),
    created timestamp without time zone DEFAULT now() NOT NULL,
    createdby character varying(32) NOT NULL,
    updated timestamp without time zone DEFAULT now() NOT NULL,
    updatedby character varying(32) NOT NULL,
    CONSTRAINT ad_column_isactive_check CHECK (((isactive)::text = ANY ((ARRAY['Y'::character varying, 'N'::character varying])::text[]))),
    CONSTRAINT ad_column_isactive_check1 CHECK (((isactive)::text = ANY ((ARRAY['Y'::character varying, 'N'::character varying])::text[]))),
    CONSTRAINT ad_column_isactive_check2 CHECK (((isactive)::text = ANY ((ARRAY['Y'::character varying, 'N'::character varying])::text[])))
);


ALTER TABLE public.ad_column OWNER TO admin;

--
-- Name: ad_datatype; Type: TABLE; Schema: public; Owner: admin
--

CREATE TABLE public.ad_datatype (
    ad_datatype_id character varying(32) NOT NULL,
    ad_client_id character varying(32) NOT NULL,
    ad_org_id character varying(32) NOT NULL,
    value character varying(50) NOT NULL,
    name character varying(100) NOT NULL,
    description character varying(255) NOT NULL,
    isactive character varying(1),
    created timestamp without time zone DEFAULT now() NOT NULL,
    createdby character varying(32) NOT NULL,
    updated timestamp without time zone DEFAULT now() NOT NULL,
    updatedby character varying(32) NOT NULL,
    CONSTRAINT ad_datatype_isactive_check CHECK (((isactive)::text = ANY ((ARRAY['Y'::character varying, 'N'::character varying])::text[])))
);


ALTER TABLE public.ad_datatype OWNER TO admin;

--
-- Name: ad_field; Type: TABLE; Schema: public; Owner: admin
--

CREATE TABLE public.ad_field (
    ad_field_id character varying(32) NOT NULL,
    ad_client_id character varying(32) NOT NULL,
    ad_org_id character varying(32) NOT NULL,
    ad_column_id character varying(32) NOT NULL,
    ad_field_group_id character varying(32) NOT NULL,
    ad_tab_id character varying(32) NOT NULL,
    value character varying(50) NOT NULL,
    name character varying(100) NOT NULL,
    description character varying(255) NOT NULL,
    "position" integer NOT NULL,
    isactive character varying(1),
    display_logic text NOT NULL,
    readonly_logic text NOT NULL,
    created timestamp without time zone DEFAULT now() NOT NULL,
    createdby character varying(32) NOT NULL,
    updated timestamp without time zone DEFAULT now() NOT NULL,
    updatedby character varying(32) NOT NULL,
    CONSTRAINT ad_field_isactive_check CHECK (((isactive)::text = ANY ((ARRAY['Y'::character varying, 'N'::character varying])::text[])))
);


ALTER TABLE public.ad_field OWNER TO admin;

--
-- Name: ad_field_group; Type: TABLE; Schema: public; Owner: admin
--

CREATE TABLE public.ad_field_group (
    ad_field_group_id character varying(32) NOT NULL,
    ad_client_id character varying(32) NOT NULL,
    ad_org_id character varying(32) NOT NULL,
    value character varying(50) NOT NULL,
    name character varying(100) NOT NULL,
    description character varying(255) NOT NULL,
    isactive character varying(1),
    created timestamp without time zone DEFAULT now() NOT NULL,
    createdby character varying(32) NOT NULL,
    updated timestamp without time zone DEFAULT now() NOT NULL,
    updatedby character varying(32) NOT NULL,
    CONSTRAINT ad_field_group_isactive_check CHECK (((isactive)::text = ANY ((ARRAY['Y'::character varying, 'N'::character varying])::text[])))
);


ALTER TABLE public.ad_field_group OWNER TO admin;

--
-- Name: ad_menu; Type: TABLE; Schema: public; Owner: admin
--

CREATE TABLE public.ad_menu (
    ad_menu_id character varying(32) NOT NULL,
    ad_client_id character varying(32) NOT NULL,
    ad_org_id character varying(32) NOT NULL,
    parent character varying(32),
    ad_window_id character varying(32),
    value character varying(50) NOT NULL,
    name character varying(100) NOT NULL,
    description character varying(255) NOT NULL,
    isactive character varying(1),
    created timestamp without time zone DEFAULT now() NOT NULL,
    createdby character varying(32) NOT NULL,
    updated timestamp without time zone DEFAULT now() NOT NULL,
    updatedby character varying(32) NOT NULL,
    CONSTRAINT ad_menu_isactive_check CHECK (((isactive)::text = ANY ((ARRAY['Y'::character varying, 'N'::character varying])::text[])))
);


ALTER TABLE public.ad_menu OWNER TO admin;

--
-- Name: ad_module; Type: TABLE; Schema: public; Owner: admin
--

CREATE TABLE public.ad_module (
    ad_module_id character varying(32) NOT NULL,
    ad_client_id character varying(32) NOT NULL,
    ad_org_id character varying(32) NOT NULL,
    value character varying(50) NOT NULL,
    name character varying(100) NOT NULL,
    description character varying(255) NOT NULL,
    isactive character varying(1),
    created timestamp without time zone DEFAULT now() NOT NULL,
    createdby character varying(32) NOT NULL,
    updated timestamp without time zone DEFAULT now() NOT NULL,
    updatedby character varying(32) NOT NULL,
    CONSTRAINT ad_module_isactive_check CHECK (((isactive)::text = ANY ((ARRAY['Y'::character varying, 'N'::character varying])::text[])))
);


ALTER TABLE public.ad_module OWNER TO admin;

--
-- Name: ad_org; Type: TABLE; Schema: public; Owner: admin
--

CREATE TABLE public.ad_org (
    ad_org_id character varying(32) NOT NULL,
    ad_client_id character varying(32) NOT NULL,
    value character varying(50) NOT NULL,
    name character varying(100) NOT NULL,
    isactive character varying(1),
    created timestamp without time zone DEFAULT now() NOT NULL,
    createdby character varying(32) NOT NULL,
    updated timestamp without time zone DEFAULT now() NOT NULL,
    updatedby character varying(32) NOT NULL,
    CONSTRAINT ad_org_isactive_check CHECK (((isactive)::text = ANY ((ARRAY['Y'::character varying, 'N'::character varying])::text[])))
);


ALTER TABLE public.ad_org OWNER TO admin;

--
-- Name: ad_package; Type: TABLE; Schema: public; Owner: admin
--

CREATE TABLE public.ad_package (
    ad_package_id character varying(32) NOT NULL,
    ad_client_id character varying(32) NOT NULL,
    ad_org_id character varying(32) NOT NULL,
    ad_module_id character varying(32) NOT NULL,
    value character varying(50) NOT NULL,
    name character varying(100) NOT NULL,
    description character varying(255) NOT NULL,
    isactive character varying(1),
    created timestamp without time zone DEFAULT now() NOT NULL,
    createdby character varying(32) NOT NULL,
    updated timestamp without time zone DEFAULT now() NOT NULL,
    updatedby character varying(32) NOT NULL,
    CONSTRAINT ad_package_isactive_check CHECK (((isactive)::text = ANY ((ARRAY['Y'::character varying, 'N'::character varying])::text[])))
);


ALTER TABLE public.ad_package OWNER TO admin;

--
-- Name: ad_tab; Type: TABLE; Schema: public; Owner: admin
--

CREATE TABLE public.ad_tab (
    ad_tab_id character varying(32) NOT NULL,
    ad_client_id character varying(32) NOT NULL,
    ad_org_id character varying(32) NOT NULL,
    ad_window_id character varying(32) NOT NULL,
    ad_tab_parent_id character varying(32),
    value character varying(50) NOT NULL,
    name character varying(100) NOT NULL,
    description character varying(255) NOT NULL,
    "position" integer NOT NULL,
    isactive character varying(1),
    btn_getfield character varying(1),
    created timestamp without time zone DEFAULT now() NOT NULL,
    createdby character varying(32) NOT NULL,
    updated timestamp without time zone DEFAULT now() NOT NULL,
    updatedby character varying(32) NOT NULL,
    CONSTRAINT ad_tab_isactive_check CHECK (((isactive)::text = ANY ((ARRAY['Y'::character varying, 'N'::character varying])::text[])))
);


ALTER TABLE public.ad_tab OWNER TO admin;

--
-- Name: ad_table; Type: TABLE; Schema: public; Owner: admin
--

CREATE TABLE public.ad_table (
    ad_table_id character varying(32) NOT NULL,
    ad_client_id character varying(32) NOT NULL,
    ad_org_id character varying(32) NOT NULL,
    ad_package_id character varying(32) NOT NULL,
    value character varying(50) NOT NULL,
    name character varying(100) NOT NULL,
    description character varying(255) NOT NULL,
    isactive character varying(1),
    btn_getcol character varying(1),
    created timestamp without time zone DEFAULT now() NOT NULL,
    createdby character varying(32) NOT NULL,
    updated timestamp without time zone DEFAULT now() NOT NULL,
    updatedby character varying(32) NOT NULL,
    CONSTRAINT ad_table_isactive_check CHECK (((isactive)::text = ANY ((ARRAY['Y'::character varying, 'N'::character varying])::text[])))
);


ALTER TABLE public.ad_table OWNER TO admin;

--
-- Name: ad_user; Type: TABLE; Schema: public; Owner: admin
--

CREATE TABLE public.ad_user (
    ad_user_id character varying(32) NOT NULL,
    ad_client_id character varying(32) NOT NULL,
    ad_org_id character varying(32) NOT NULL,
    value character varying(50) NOT NULL,
    name character varying(100) NOT NULL,
    password character varying(150) NOT NULL,
    email character varying(50),
    first_name character varying(50),
    last_name character varying(50),
    phone_number character varying(50),
    birth_date timestamp without time zone,
    image character varying(255),
    device character varying(32),
    device_model character varying(50),
    so character varying(50),
    so_version character varying(20),
    isactive character varying(1),
    created timestamp without time zone DEFAULT now() NOT NULL,
    createdby character varying(32) NOT NULL,
    updated timestamp without time zone DEFAULT now() NOT NULL,
    updatedby character varying(32) NOT NULL,
    CONSTRAINT ad_user_isactive_check CHECK (((isactive)::text = ANY ((ARRAY['Y'::character varying, 'N'::character varying])::text[])))
);


ALTER TABLE public.ad_user OWNER TO admin;

--
-- Name: ad_window; Type: TABLE; Schema: public; Owner: admin
--

CREATE TABLE public.ad_window (
    ad_window_id character varying(32) NOT NULL,
    ad_client_id character varying(32) NOT NULL,
    ad_org_id character varying(32) NOT NULL,
    value character varying(50) NOT NULL,
    name character varying(100) NOT NULL,
    description character varying(255) NOT NULL,
    isactive character varying(1),
    created timestamp without time zone DEFAULT now() NOT NULL,
    createdby character varying(32) NOT NULL,
    updated timestamp without time zone DEFAULT now() NOT NULL,
    updatedby character varying(32) NOT NULL,
    CONSTRAINT ad_window_isactive_check CHECK (((isactive)::text = ANY ((ARRAY['Y'::character varying, 'N'::character varying])::text[])))
);


ALTER TABLE public.ad_window OWNER TO admin;

--
-- Name: c_bpartner; Type: TABLE; Schema: public; Owner: admin
--

CREATE TABLE public.c_bpartner (
    c_bpartner_id character varying(32) NOT NULL,
    ad_org_id character varying(32) NOT NULL,
    ad_client_id character varying(32) NOT NULL,
    isactive character varying(1),
    created timestamp without time zone DEFAULT now() NOT NULL,
    createdby character varying(32) NOT NULL,
    updated timestamp without time zone DEFAULT now() NOT NULL,
    updatedby character varying(32) NOT NULL,
    value character varying(50) NOT NULL,
    name character varying(100) NOT NULL,
    last character varying(100) NOT NULL,
    taxid character varying(20) NOT NULL,
    uid character varying(50) NOT NULL,
    email character varying(50) NOT NULL,
    iscustomer character varying(1),
    isvendor character varying(1),
    CONSTRAINT c_bpartner_isactive_check CHECK (((isactive)::text = ANY ((ARRAY['Y'::character varying, 'N'::character varying])::text[]))),
    CONSTRAINT c_bpartner_iscustomer_check CHECK (((iscustomer)::text = ANY ((ARRAY['Y'::character varying, 'N'::character varying])::text[]))),
    CONSTRAINT c_bpartner_isvendor_check CHECK (((isvendor)::text = ANY ((ARRAY['Y'::character varying, 'N'::character varying])::text[])))
);


ALTER TABLE public.c_bpartner OWNER TO admin;

--
-- Name: c_order; Type: TABLE; Schema: public; Owner: admin
--

CREATE TABLE public.c_order (
    c_order_id character varying(32) NOT NULL,
    ad_org_id character varying(32) NOT NULL,
    ad_client_id character varying(32) NOT NULL,
    c_bpartner_id character varying(32) NOT NULL,
    isactive character varying(1),
    issotrx character varying(1),
    created timestamp without time zone DEFAULT now() NOT NULL,
    createdby character varying(32) NOT NULL,
    updated timestamp without time zone DEFAULT now() NOT NULL,
    updatedby character varying(32) NOT NULL,
    dateordered timestamp without time zone DEFAULT now() NOT NULL,
    documentno character varying(32) NOT NULL,
    series character varying(32) NOT NULL,
    comment character varying(255) NOT NULL,
    CONSTRAINT c_order_isactive_check CHECK (((isactive)::text = ANY ((ARRAY['Y'::character varying, 'N'::character varying])::text[]))),
    CONSTRAINT c_order_isactive_check1 CHECK (((isactive)::text = ANY ((ARRAY['Y'::character varying, 'N'::character varying])::text[])))
);


ALTER TABLE public.c_order OWNER TO admin;

--
-- Name: c_orderline; Type: TABLE; Schema: public; Owner: admin
--

CREATE TABLE public.c_orderline (
    c_orderline_id character varying(32) NOT NULL,
    c_order_id character varying(32) NOT NULL,
    ad_org_id character varying(32) NOT NULL,
    ad_client_id character varying(32) NOT NULL,
    m_product_id character varying(32) NOT NULL,
    c_uom_id character varying(32) NOT NULL,
    isactive character varying(1),
    created timestamp without time zone DEFAULT now() NOT NULL,
    createdby character varying(32) NOT NULL,
    updated timestamp without time zone DEFAULT now() NOT NULL,
    updatedby character varying(32) NOT NULL,
    qty numeric(19,10) NOT NULL,
    cost numeric(19,10) NOT NULL,
    price numeric(19,10) NOT NULL,
    CONSTRAINT c_orderline_isactive_check CHECK (((isactive)::text = ANY ((ARRAY['Y'::character varying, 'N'::character varying])::text[])))
);


ALTER TABLE public.c_orderline OWNER TO admin;

--
-- Name: c_uom; Type: TABLE; Schema: public; Owner: admin
--

CREATE TABLE public.c_uom (
    c_uom_id character varying(32) NOT NULL,
    ad_org_id character varying(32) NOT NULL,
    ad_client_id character varying(32) NOT NULL,
    isactive character varying(1),
    created timestamp without time zone DEFAULT now() NOT NULL,
    createdby character varying(32) NOT NULL,
    updated timestamp without time zone DEFAULT now() NOT NULL,
    updatedby character varying(32) NOT NULL,
    value character varying(50) NOT NULL,
    name character varying(100) NOT NULL,
    CONSTRAINT c_uom_isactive_check CHECK (((isactive)::text = ANY ((ARRAY['Y'::character varying, 'N'::character varying])::text[])))
);


ALTER TABLE public.c_uom OWNER TO admin;

--
-- Name: fin_cashup; Type: TABLE; Schema: public; Owner: admin
--

CREATE TABLE public.fin_cashup (
    fin_cashup_id character varying(32) NOT NULL,
    ad_org_id character varying(32) NOT NULL,
    ad_client_id character varying(32) NOT NULL,
    isactive character varying(1),
    created timestamp without time zone DEFAULT now() NOT NULL,
    createdby character varying(32) NOT NULL,
    updated timestamp without time zone DEFAULT now() NOT NULL,
    updatedby character varying(32) NOT NULL,
    cashupdate timestamp without time zone DEFAULT now() NOT NULL,
    documentno character varying(32) NOT NULL,
    series character varying(32) NOT NULL,
    comment character varying(255) NOT NULL,
    CONSTRAINT fin_cashup_isactive_check CHECK (((isactive)::text = ANY ((ARRAY['Y'::character varying, 'N'::character varying])::text[])))
);


ALTER TABLE public.fin_cashup OWNER TO admin;

--
-- Name: fin_cashupline; Type: TABLE; Schema: public; Owner: admin
--

CREATE TABLE public.fin_cashupline (
    fin_cashupline_id character varying(32) NOT NULL,
    fin_cashup_id character varying(32) NOT NULL,
    fin_cashupmtype_id character varying(32) NOT NULL,
    fin_paymentmethod_id character varying(32) NOT NULL,
    ad_org_id character varying(32) NOT NULL,
    ad_client_id character varying(32) NOT NULL,
    reference character varying(32) NOT NULL,
    isactive character varying(1),
    created timestamp without time zone DEFAULT now() NOT NULL,
    createdby character varying(32) NOT NULL,
    updated timestamp without time zone DEFAULT now() NOT NULL,
    updatedby character varying(32) NOT NULL,
    amount numeric(19,10) NOT NULL,
    comment character varying(255) NOT NULL,
    CONSTRAINT fin_cashupline_isactive_check CHECK (((isactive)::text = ANY ((ARRAY['Y'::character varying, 'N'::character varying])::text[])))
);


ALTER TABLE public.fin_cashupline OWNER TO admin;

--
-- Name: fin_cashupmtype; Type: TABLE; Schema: public; Owner: admin
--

CREATE TABLE public.fin_cashupmtype (
    fin_cashupmtype_id character varying(32) NOT NULL,
    ad_org_id character varying(32) NOT NULL,
    ad_client_id character varying(32) NOT NULL,
    isactive character varying(1),
    created timestamp without time zone DEFAULT now() NOT NULL,
    createdby character varying(32) NOT NULL,
    updated timestamp without time zone DEFAULT now() NOT NULL,
    updatedby character varying(32) NOT NULL,
    value character varying(50) NOT NULL,
    name character varying(100) NOT NULL,
    CONSTRAINT fin_cashupmtype_isactive_check CHECK (((isactive)::text = ANY ((ARRAY['Y'::character varying, 'N'::character varying])::text[])))
);


ALTER TABLE public.fin_cashupmtype OWNER TO admin;

--
-- Name: fin_paymentmethod; Type: TABLE; Schema: public; Owner: admin
--

CREATE TABLE public.fin_paymentmethod (
    fin_paymentmethod_id character varying(32) NOT NULL,
    ad_org_id character varying(32) NOT NULL,
    ad_client_id character varying(32) NOT NULL,
    isactive character varying(1),
    created timestamp without time zone DEFAULT now() NOT NULL,
    createdby character varying(32) NOT NULL,
    updated timestamp without time zone DEFAULT now() NOT NULL,
    updatedby character varying(32) NOT NULL,
    value character varying(50) NOT NULL,
    name character varying(100) NOT NULL,
    CONSTRAINT fin_paymentmethod_isactive_check CHECK (((isactive)::text = ANY ((ARRAY['Y'::character varying, 'N'::character varying])::text[])))
);


ALTER TABLE public.fin_paymentmethod OWNER TO admin;

--
-- Name: m_movement; Type: TABLE; Schema: public; Owner: admin
--

CREATE TABLE public.m_movement (
    m_movement_id character varying(32) NOT NULL,
    ad_org_id character varying(32) NOT NULL,
    ad_client_id character varying(32) NOT NULL,
    m_movementtype_id character varying(32) NOT NULL,
    isactive character varying(1),
    created timestamp without time zone DEFAULT now() NOT NULL,
    createdby character varying(32) NOT NULL,
    updated timestamp without time zone DEFAULT now() NOT NULL,
    updatedby character varying(32) NOT NULL,
    movementdate timestamp without time zone DEFAULT now() NOT NULL,
    documentno character varying(32) NOT NULL,
    series character varying(32) NOT NULL,
    comment character varying(255) NOT NULL,
    CONSTRAINT m_movement_isactive_check CHECK (((isactive)::text = ANY ((ARRAY['Y'::character varying, 'N'::character varying])::text[])))
);


ALTER TABLE public.m_movement OWNER TO admin;

--
-- Name: m_movementline; Type: TABLE; Schema: public; Owner: admin
--

CREATE TABLE public.m_movementline (
    m_movementline_id character varying(32) NOT NULL,
    m_movement_id character varying(32) NOT NULL,
    ad_org_id character varying(32) NOT NULL,
    ad_client_id character varying(32) NOT NULL,
    m_product_id character varying(32) NOT NULL,
    c_uom_id character varying(32) NOT NULL,
    isactive character varying(1),
    created timestamp without time zone DEFAULT now() NOT NULL,
    createdby character varying(32) NOT NULL,
    updated timestamp without time zone DEFAULT now() NOT NULL,
    updatedby character varying(32) NOT NULL,
    qty numeric(19,10) NOT NULL,
    cost numeric(19,10) NOT NULL,
    price numeric(19,10) NOT NULL,
    CONSTRAINT m_movementline_isactive_check CHECK (((isactive)::text = ANY ((ARRAY['Y'::character varying, 'N'::character varying])::text[])))
);


ALTER TABLE public.m_movementline OWNER TO admin;

--
-- Name: m_movementtype; Type: TABLE; Schema: public; Owner: admin
--

CREATE TABLE public.m_movementtype (
    m_movementtype_id character varying(32) NOT NULL,
    ad_org_id character varying(32) NOT NULL,
    ad_client_id character varying(32) NOT NULL,
    isactive character varying(1),
    created timestamp without time zone DEFAULT now() NOT NULL,
    createdby character varying(32) NOT NULL,
    updated timestamp without time zone DEFAULT now() NOT NULL,
    updatedby character varying(32) NOT NULL,
    value character varying(50) NOT NULL,
    name character varying(100) NOT NULL,
    CONSTRAINT m_movementtype_isactive_check CHECK (((isactive)::text = ANY ((ARRAY['Y'::character varying, 'N'::character varying])::text[])))
);


ALTER TABLE public.m_movementtype OWNER TO admin;

--
-- Name: m_product; Type: TABLE; Schema: public; Owner: admin
--

CREATE TABLE public.m_product (
    m_product_id character varying(32) NOT NULL,
    ad_org_id character varying(32) NOT NULL,
    ad_client_id character varying(32) NOT NULL,
    m_product_category_id character varying(32) NOT NULL,
    c_uom_id character varying(32) NOT NULL,
    isactive character varying(1),
    created timestamp without time zone DEFAULT now() NOT NULL,
    createdby character varying(32) NOT NULL,
    updated timestamp without time zone DEFAULT now() NOT NULL,
    updatedby character varying(32) NOT NULL,
    value character varying(50) NOT NULL,
    name character varying(100) NOT NULL,
    price numeric(19,10) NOT NULL,
    cost numeric(19,10) NOT NULL,
    qty numeric(19,10) NOT NULL,
    image character varying(255) NOT NULL,
    CONSTRAINT m_product_isactive_check CHECK (((isactive)::text = ANY ((ARRAY['Y'::character varying, 'N'::character varying])::text[])))
);


ALTER TABLE public.m_product OWNER TO admin;

--
-- Name: m_product_category; Type: TABLE; Schema: public; Owner: admin
--

CREATE TABLE public.m_product_category (
    m_product_category_id character varying(32) NOT NULL,
    ad_org_id character varying(32) NOT NULL,
    ad_client_id character varying(32) NOT NULL,
    isactive character varying(1),
    created timestamp without time zone DEFAULT now() NOT NULL,
    createdby character varying(32) NOT NULL,
    updated timestamp without time zone DEFAULT now() NOT NULL,
    updatedby character varying(32) NOT NULL,
    value character varying(50) NOT NULL,
    name character varying(100) NOT NULL,
    CONSTRAINT m_product_category_isactive_check CHECK (((isactive)::text = ANY ((ARRAY['Y'::character varying, 'N'::character varying])::text[])))
);


ALTER TABLE public.m_product_category OWNER TO admin;

--
-- Data for Name: ad_client; Type: TABLE DATA; Schema: public; Owner: admin
--

COPY public.ad_client (ad_client_id, ad_org_id, value, name, isactive, created, createdby, updated, updatedby) FROM stdin;
0	0	SYSTEM	System	Y	2022-09-05 18:56:06.726323	0	2022-09-05 18:56:06.726323	0
\.


--
-- Data for Name: ad_column; Type: TABLE DATA; Schema: public; Owner: admin
--

COPY public.ad_column (ad_column_id, ad_client_id, ad_org_id, ad_table_id, ad_datatype_id, value, name, description, action, ispk, isfk, ref_table, ref_table_key_field, ref_table_text_field, icon, isactive, created, createdby, updated, updatedby) FROM stdin;
9030a7a2bc954857a9ff53c1a9930456	0	0	ad6432cb140349a1ab8de7975d0dabe5	6ca4658fa4a54419a19a6ceafc4a61a3	ad_user_id	ID	ID user	\N	Y	N	\N	\N	\N	\N	Y	2022-09-05 18:56:06.726323	0	2022-09-05 18:56:06.726323	0
ce1d6e1d88d5496eaf134177bc0d20be	0	0	ad6432cb140349a1ab8de7975d0dabe5	65af08108358407b84475b7a34160517	ad_client_id	ID client	ID client	\N	N	Y	ad_client	ad_client_id	name	\N	Y	2022-09-05 18:56:06.726323	0	2022-09-05 18:56:06.726323	0
1f7bcc394ef64c4487237b381653dbd8	0	0	ad6432cb140349a1ab8de7975d0dabe5	65af08108358407b84475b7a34160517	ad_org_id	ID org	ID org	\N	N	Y	ad_org	ad_org_id	name	\N	Y	2022-09-05 18:56:06.726323	0	2022-09-05 18:56:06.726323	0
b90280f0d0be4db28f6b5c33faac00eb	0	0	ad6432cb140349a1ab8de7975d0dabe5	6ca4658fa4a54419a19a6ceafc4a61a3	value	Code	Code	\N	N	N	\N	\N	\N	\N	Y	2022-09-05 18:56:06.726323	0	2022-09-05 18:56:06.726323	0
5b334f13e11140aaaab97a02a4bb33ee	0	0	ad6432cb140349a1ab8de7975d0dabe5	6ca4658fa4a54419a19a6ceafc4a61a3	name	Name	Name	\N	N	N	\N	\N	\N	\N	Y	2022-09-05 18:56:06.726323	0	2022-09-05 18:56:06.726323	0
89ceccb1dd1c48119028c68575f39bc2	0	0	ad6432cb140349a1ab8de7975d0dabe5	0114227c0c6f433292a9905c37c2a0a9	password	Password	Password	\N	N	N	\N	\N	\N	\N	Y	2022-09-05 18:56:06.726323	0	2022-09-05 18:56:06.726323	0
4d4622cf978f48058c2cddf14a75ec6e	0	0	ad6432cb140349a1ab8de7975d0dabe5	6e1c09a19f3845a1a4e8dc74026593d4	isactive	IsActive	IsActive	\N	N	N	\N	\N	\N	\N	Y	2022-09-05 18:56:06.726323	0	2022-09-05 18:56:06.726323	0
eeb932fd0705426bb0112a5bedc198c3	0	0	ad6432cb140349a1ab8de7975d0dabe5	e9180f03ae21436e9e5c12ceedf6bab9	email	Email	Email	\N	N	N	\N	\N	\N	\N	Y	2022-09-05 18:56:06.726323	0	2022-09-05 18:56:06.726323	0
a6c1fa0226824fb6a6835061eba1cd5e	0	0	ad6432cb140349a1ab8de7975d0dabe5	6ca4658fa4a54419a19a6ceafc4a61a3	first_name	First Name	First Name	\N	N	N	\N	\N	\N	\N	Y	2022-09-05 18:56:06.726323	0	2022-09-05 18:56:06.726323	0
5a3fc827419241bda155f08c53b7cb9a	0	0	ad6432cb140349a1ab8de7975d0dabe5	6ca4658fa4a54419a19a6ceafc4a61a3	last_name	Last Name	Last Name	\N	N	N	\N	\N	\N	\N	Y	2022-09-05 18:56:06.726323	0	2022-09-05 18:56:06.726323	0
ec7d00cf893947a2b05a73e3b0899783	0	0	ad6432cb140349a1ab8de7975d0dabe5	6ca4658fa4a54419a19a6ceafc4a61a3	phone_number	Phone Number	Phone Number	\N	N	N	\N	\N	\N	\N	Y	2022-09-05 18:56:06.726323	0	2022-09-05 18:56:06.726323	0
e8000627c2304b76bb57d8d362cc2ee6	0	0	ad6432cb140349a1ab8de7975d0dabe5	7b5c0fd146584be2ba36295f30fd7b22	birth_date	Birth Date	Birth Date	\N	N	N	\N	\N	\N	\N	Y	2022-09-05 18:56:06.726323	0	2022-09-05 18:56:06.726323	0
27487535ca9f4b50952ab967b333f43c	0	0	ad6432cb140349a1ab8de7975d0dabe5	d603b69583654de58d67ae6f611b5eb7	image	Image	Image	\N	N	N	\N	\N	\N	\N	Y	2022-09-05 18:56:06.726323	0	2022-09-05 18:56:06.726323	0
08f9d062cbc94522b8dcfb86cd750da7	0	0	ad6432cb140349a1ab8de7975d0dabe5	6ca4658fa4a54419a19a6ceafc4a61a3	device	Device	Device	\N	N	N	\N	\N	\N	\N	Y	2022-09-05 18:56:06.726323	0	2022-09-05 18:56:06.726323	0
82d4f53cedc34ecfb8010ae7b9bdd467	0	0	ad6432cb140349a1ab8de7975d0dabe5	6ca4658fa4a54419a19a6ceafc4a61a3	device_model	Device Model	Device Model	\N	N	N	\N	\N	\N	\N	Y	2022-09-05 18:56:06.726323	0	2022-09-05 18:56:06.726323	0
53e23c63e6504dd499015e64668c0c6c	0	0	ad6432cb140349a1ab8de7975d0dabe5	6ca4658fa4a54419a19a6ceafc4a61a3	so	SO	SO	\N	N	N	\N	\N	\N	\N	Y	2022-09-05 18:56:06.726323	0	2022-09-05 18:56:06.726323	0
7249b198877441f5a9ab3f4836497b8c	0	0	ad6432cb140349a1ab8de7975d0dabe5	6ca4658fa4a54419a19a6ceafc4a61a3	so_version	SO VERSION	SO VERSION	\N	N	N	\N	\N	\N	\N	Y	2022-09-05 18:56:06.726323	0	2022-09-05 18:56:06.726323	0
5eb2dcf0295849dfb31833f4d7019291	0	0	5db578ac25324d488e6247121df02992	6ca4658fa4a54419a19a6ceafc4a61a3	ad_table_id	ID	ID table	\N	Y	N	\N	\N	\N	\N	Y	2022-09-05 18:56:06.726323	0	2022-09-05 18:56:06.726323	0
b2bf4ea961564459a836fadb46ed695a	0	0	5db578ac25324d488e6247121df02992	65af08108358407b84475b7a34160517	ad_client_id	ID client	ID client	\N	N	Y	ad_client	ad_client_id	name	\N	Y	2022-09-05 18:56:06.726323	0	2022-09-05 18:56:06.726323	0
65d93cc9069b4c9f9a062f980783a9c0	0	0	5db578ac25324d488e6247121df02992	65af08108358407b84475b7a34160517	ad_org_id	ID org	ID org	\N	N	Y	ad_org	ad_org_id	name	\N	Y	2022-09-05 18:56:06.726323	0	2022-09-05 18:56:06.726323	0
29ec05a7d8d44b478856b2d117a84089	0	0	5db578ac25324d488e6247121df02992	65af08108358407b84475b7a34160517	ad_package_id	ID package	ID package	\N	N	Y	ad_package	ad_package_id	name	\N	Y	2022-09-05 18:56:06.726323	0	2022-09-05 18:56:06.726323	0
0b81f6b2af28405190f84acc3e8052d3	0	0	5db578ac25324d488e6247121df02992	6ca4658fa4a54419a19a6ceafc4a61a3	value	Code	Code	\N	N	N	\N	\N	\N	\N	Y	2022-09-05 18:56:06.726323	0	2022-09-05 18:56:06.726323	0
ba9008fdd0744c839d1a78e3350c6d46	0	0	5db578ac25324d488e6247121df02992	6ca4658fa4a54419a19a6ceafc4a61a3	name	Name	Name	\N	N	N	\N	\N	\N	\N	Y	2022-09-05 18:56:06.726323	0	2022-09-05 18:56:06.726323	0
15049153b02d44578ad88e46dc6c3d7a	0	0	5db578ac25324d488e6247121df02992	6ca4658fa4a54419a19a6ceafc4a61a3	description	Description	Description	\N	N	N	\N	\N	\N	\N	Y	2022-09-05 18:56:06.726323	0	2022-09-05 18:56:06.726323	0
b68465b15cdc4bf9b12f1b5223863c77	0	0	5db578ac25324d488e6247121df02992	6e1c09a19f3845a1a4e8dc74026593d4	isactive	IsActive	IsActive	\N	N	N	\N	\N	\N	\N	Y	2022-09-05 18:56:06.726323	0	2022-09-05 18:56:06.726323	0
159da1be1fee43cc868279b126beaa73	0	0	5db578ac25324d488e6247121df02992	4ca39c91b4274555bc2d23b4a8a70da8	btn_getcol	Get Columns	Get Columns	getColumnService	N	N	\N	\N	\N	mdi-timer-sand-complete	Y	2022-09-05 18:56:06.726323	0	2022-09-05 18:56:06.726323	0
b499078e03844a8a9182eb492d833851	0	0	61c0e80277a445058cb4d1f23247fa7d	6ca4658fa4a54419a19a6ceafc4a61a3	ad_column_id	ID	ID column	\N	Y	N	\N	\N	\N	\N	Y	2022-09-05 18:56:06.726323	0	2022-09-05 18:56:06.726323	0
ae98bc13d6074ace9433ebf27abd2d99	0	0	61c0e80277a445058cb4d1f23247fa7d	65af08108358407b84475b7a34160517	ad_client_id	ID client	ID client	\N	N	Y	ad_client	ad_client_id	name	\N	Y	2022-09-05 18:56:06.726323	0	2022-09-05 18:56:06.726323	0
bedd6a6f91644088b51457470aa84bd8	0	0	61c0e80277a445058cb4d1f23247fa7d	65af08108358407b84475b7a34160517	ad_org_id	ID org	ID org	\N	N	Y	ad_org	ad_org_id	name	\N	Y	2022-09-05 18:56:06.726323	0	2022-09-05 18:56:06.726323	0
4883bcbd3de8443f983ebdde7731af63	0	0	61c0e80277a445058cb4d1f23247fa7d	65af08108358407b84475b7a34160517	ad_table_id	ID table	ID table	\N	N	Y	ad_table	ad_table_id	name	\N	Y	2022-09-05 18:56:06.726323	0	2022-09-05 18:56:06.726323	0
725ef2226f8d4dc9a40e8555afd0f85e	0	0	61c0e80277a445058cb4d1f23247fa7d	65af08108358407b84475b7a34160517	ad_datatype_id	ID datatype	ID datatype	\N	N	Y	ad_datatype	ad_datatype_id	name	\N	Y	2022-09-05 18:56:06.726323	0	2022-09-05 18:56:06.726323	0
ff4d1fd202f44157a0d58f060f0fe3da	0	0	61c0e80277a445058cb4d1f23247fa7d	6ca4658fa4a54419a19a6ceafc4a61a3	value	Code	Code	\N	N	N	\N	\N	\N	\N	Y	2022-09-05 18:56:06.726323	0	2022-09-05 18:56:06.726323	0
6f3744e0332a41bcb433ed3defc727d1	0	0	61c0e80277a445058cb4d1f23247fa7d	6ca4658fa4a54419a19a6ceafc4a61a3	name	Name	Name	\N	N	N	\N	\N	\N	\N	Y	2022-09-05 18:56:06.726323	0	2022-09-05 18:56:06.726323	0
0ffbe7dcf1024cb48b76718171dcd973	0	0	61c0e80277a445058cb4d1f23247fa7d	6ca4658fa4a54419a19a6ceafc4a61a3	description	Description	Description	\N	N	N	\N	\N	\N	\N	Y	2022-09-05 18:56:06.726323	0	2022-09-05 18:56:06.726323	0
961a6843f4ec4e2e92c003cc3cb7d342	0	0	61c0e80277a445058cb4d1f23247fa7d	6e1c09a19f3845a1a4e8dc74026593d4	ispk	IsPK	IsPK	\N	N	N	\N	\N	\N	\N	Y	2022-09-05 18:56:06.726323	0	2022-09-05 18:56:06.726323	0
09e1231520b144e699921c0cfe029786	0	0	61c0e80277a445058cb4d1f23247fa7d	6e1c09a19f3845a1a4e8dc74026593d4	isfk	IsFK	IsFK	\N	N	N	\N	\N	\N	\N	Y	2022-09-05 18:56:06.726323	0	2022-09-05 18:56:06.726323	0
05df7f40cfb6417c9dc5c39ff7f3ad73	0	0	61c0e80277a445058cb4d1f23247fa7d	6ca4658fa4a54419a19a6ceafc4a61a3	ref_table	Ref Table	Ref Table	\N	N	N	\N	\N	\N	\N	Y	2022-09-05 18:56:06.726323	0	2022-09-05 18:56:06.726323	0
6c3d3a55d039469da9ccc11b43eabb9f	0	0	61c0e80277a445058cb4d1f23247fa7d	6ca4658fa4a54419a19a6ceafc4a61a3	ref_table_key_field	Ref Key Field	Ref Key Field	\N	N	N	\N	\N	\N	\N	Y	2022-09-05 18:56:06.726323	0	2022-09-05 18:56:06.726323	0
b0c03a73d6014b7286cb9263f2ce6287	0	0	61c0e80277a445058cb4d1f23247fa7d	6ca4658fa4a54419a19a6ceafc4a61a3	ref_table_text_field	Ref Text Field	Ref Text Field	\N	N	N	\N	\N	\N	\N	Y	2022-09-05 18:56:06.726323	0	2022-09-05 18:56:06.726323	0
c23feb8ea6a84b3c8d9d77afad3066be	0	0	61c0e80277a445058cb4d1f23247fa7d	6e1c09a19f3845a1a4e8dc74026593d4	isactive	IsActive	IsActive	\N	N	N	\N	\N	\N	\N	Y	2022-09-05 18:56:06.726323	0	2022-09-05 18:56:06.726323	0
dfaff850fcc845b69f367af071d0f4e5	0	0	61c0e80277a445058cb4d1f23247fa7d	6ca4658fa4a54419a19a6ceafc4a61a3	icon	Icon	Icon	\N	N	N	\N	\N	\N	\N	Y	2022-09-05 18:56:06.726323	0	2022-09-05 18:56:06.726323	0
4629ad27b23c49f78c51704e3096350e	0	0	9ce79f7c82af48f28a2acf93154a4ee6	6ca4658fa4a54419a19a6ceafc4a61a3	ad_window_id	ID	ID window	\N	Y	N	\N	\N	\N	\N	Y	2022-09-05 18:56:06.726323	0	2022-09-05 18:56:06.726323	0
fe7fdefa4f914bf7a5c2b9d06f3b1754	0	0	9ce79f7c82af48f28a2acf93154a4ee6	65af08108358407b84475b7a34160517	ad_client_id	ID client	ID client	\N	N	Y	ad_client	ad_client_id	name	\N	Y	2022-09-05 18:56:06.726323	0	2022-09-05 18:56:06.726323	0
759d34eccac84399b0d3bb3a329f5ee9	0	0	9ce79f7c82af48f28a2acf93154a4ee6	65af08108358407b84475b7a34160517	ad_org_id	ID org	ID org	\N	N	Y	ad_org	ad_org_id	name	\N	Y	2022-09-05 18:56:06.726323	0	2022-09-05 18:56:06.726323	0
822b4f55f035422d90d366a538784860	0	0	9ce79f7c82af48f28a2acf93154a4ee6	6ca4658fa4a54419a19a6ceafc4a61a3	value	Code	Code	\N	N	N	\N	\N	\N	\N	Y	2022-09-05 18:56:06.726323	0	2022-09-05 18:56:06.726323	0
440f7a4dd8c64aa8b4c8588ef74cd849	0	0	9ce79f7c82af48f28a2acf93154a4ee6	6ca4658fa4a54419a19a6ceafc4a61a3	name	Name	Name	\N	N	N	\N	\N	\N	\N	Y	2022-09-05 18:56:06.726323	0	2022-09-05 18:56:06.726323	0
61412cba76474b07bae6c487f2ee12e6	0	0	9ce79f7c82af48f28a2acf93154a4ee6	6ca4658fa4a54419a19a6ceafc4a61a3	description	Description	Description	\N	N	N	\N	\N	\N	\N	Y	2022-09-05 18:56:06.726323	0	2022-09-05 18:56:06.726323	0
2dcbac646a4f401c94d57c333b74a9ab	0	0	9ce79f7c82af48f28a2acf93154a4ee6	6e1c09a19f3845a1a4e8dc74026593d4	isactive	IsActive	IsActive	\N	N	N	\N	\N	\N	\N	Y	2022-09-05 18:56:06.726323	0	2022-09-05 18:56:06.726323	0
d13ffd73022b43208fe449695393438a	0	0	e73ff25199104a259d5b57eeab2772f3	6ca4658fa4a54419a19a6ceafc4a61a3	ad_tab_id	ID	ID tab	\N	Y	N	\N	\N	\N	\N	Y	2022-09-05 18:56:06.726323	0	2022-09-05 18:56:06.726323	0
9047947505384cffab805b6d177630d4	0	0	e73ff25199104a259d5b57eeab2772f3	65af08108358407b84475b7a34160517	ad_client_id	ID client	ID client	\N	N	Y	ad_client	ad_client_id	name	\N	Y	2022-09-05 18:56:06.726323	0	2022-09-05 18:56:06.726323	0
6e95bce2e44f4933b8810c2c9c8edd63	0	0	e73ff25199104a259d5b57eeab2772f3	65af08108358407b84475b7a34160517	ad_org_id	ID org	ID org	\N	N	Y	ad_org	ad_org_id	name	\N	Y	2022-09-05 18:56:06.726323	0	2022-09-05 18:56:06.726323	0
a139102e142d4f9b941345f35918db7b	0	0	e73ff25199104a259d5b57eeab2772f3	65af08108358407b84475b7a34160517	ad_window_id	ID window	ID window	\N	N	Y	ad_window	ad_window_id	name	\N	Y	2022-09-05 18:56:06.726323	0	2022-09-05 18:56:06.726323	0
c67efd5bd5ee4be18a9f8efdd8bff766	0	0	e73ff25199104a259d5b57eeab2772f3	65af08108358407b84475b7a34160517	ad_tab_parent_id	ID tab parent	ID tab_parent	\N	N	Y	ad_tab	ad_tab_id	name	\N	Y	2022-09-05 18:56:06.726323	0	2022-09-05 18:56:06.726323	0
b50aaf12834646fa83bcf4ae252e9899	0	0	e73ff25199104a259d5b57eeab2772f3	6ca4658fa4a54419a19a6ceafc4a61a3	value	Code	Code	\N	N	N	\N	\N	\N	\N	Y	2022-09-05 18:56:06.726323	0	2022-09-05 18:56:06.726323	0
c998e52b24134eec9cc316a90a9285ef	0	0	e73ff25199104a259d5b57eeab2772f3	6ca4658fa4a54419a19a6ceafc4a61a3	name	Name	Name	\N	N	N	\N	\N	\N	\N	Y	2022-09-05 18:56:06.726323	0	2022-09-05 18:56:06.726323	0
dd590d5dcaa84adb8af1550903994095	0	0	e73ff25199104a259d5b57eeab2772f3	6ca4658fa4a54419a19a6ceafc4a61a3	description	Description	Description	\N	N	N	\N	\N	\N	\N	Y	2022-09-05 18:56:06.726323	0	2022-09-05 18:56:06.726323	0
72c351b4c50d4cdfa3c1bf6bd94f284f	0	0	e73ff25199104a259d5b57eeab2772f3	0208e135971b447687d498f55e27c855	position	Position	Position	\N	N	N	\N	\N	\N	\N	Y	2022-09-05 18:56:06.726323	0	2022-09-05 18:56:06.726323	0
07d4e091868b460995c5f67cfe7600a9	0	0	e73ff25199104a259d5b57eeab2772f3	6e1c09a19f3845a1a4e8dc74026593d4	isactive	IsActive	IsActive	\N	N	N	\N	\N	\N	\N	Y	2022-09-05 18:56:06.726323	0	2022-09-05 18:56:06.726323	0
87baa9b3946c45978f2a591fcf266e61	0	0	e73ff25199104a259d5b57eeab2772f3	4ca39c91b4274555bc2d23b4a8a70da8	btn_getfield	Get Fields	Get Fields	getFieldService	N	N	\N	\N	\N	mdi-timer-sand-complete	Y	2022-09-05 18:56:06.726323	0	2022-09-05 18:56:06.726323	0
cf39a133bb1a495dbb891e7734490540	0	0	cb7de80db72344b8a7f293193cf86f02	6ca4658fa4a54419a19a6ceafc4a61a3	ad_field_id	ID	ID field	\N	Y	N	\N	\N	\N	\N	Y	2022-09-05 18:56:06.726323	0	2022-09-05 18:56:06.726323	0
34d03a9c10a94fea8ad8d9de79c73129	0	0	cb7de80db72344b8a7f293193cf86f02	65af08108358407b84475b7a34160517	ad_client_id	ID client	ID client	\N	N	Y	ad_client	ad_client_id	name	\N	Y	2022-09-05 18:56:06.726323	0	2022-09-05 18:56:06.726323	0
ae02f03ca66b45ec8429075f5bcaf328	0	0	cb7de80db72344b8a7f293193cf86f02	65af08108358407b84475b7a34160517	ad_org_id	ID org	ID org	\N	N	Y	ad_org	ad_org_id	name	\N	Y	2022-09-05 18:56:06.726323	0	2022-09-05 18:56:06.726323	0
2327f6cb9c694d6e8f69cabe64e1aee3	0	0	cb7de80db72344b8a7f293193cf86f02	65af08108358407b84475b7a34160517	ad_column_id	ID column	ID column	\N	N	Y	ad_column	ad_column_id	name	\N	Y	2022-09-05 18:56:06.726323	0	2022-09-05 18:56:06.726323	0
c3da224e072542f4a94a1cba52731db9	0	0	cb7de80db72344b8a7f293193cf86f02	65af08108358407b84475b7a34160517	ad_field_group_id	ID field group	ID field group	\N	N	Y	ad_field_group	ad_field_group_id	name	\N	Y	2022-09-05 18:56:06.726323	0	2022-09-05 18:56:06.726323	0
871fbcf0f01649ce8f0f2c2ab4c84f5d	0	0	cb7de80db72344b8a7f293193cf86f02	65af08108358407b84475b7a34160517	ad_tab_id	ID tab	ID tab	\N	N	Y	ad_tab	ad_tab_id	name	\N	Y	2022-09-05 18:56:06.726323	0	2022-09-05 18:56:06.726323	0
d2c639f2c13b4657950963bb22e07e74	0	0	cb7de80db72344b8a7f293193cf86f02	6ca4658fa4a54419a19a6ceafc4a61a3	value	Code	Code	\N	N	N	\N	\N	\N	\N	Y	2022-09-05 18:56:06.726323	0	2022-09-05 18:56:06.726323	0
c16806191c2f4b6e9b4fc3ce7df83437	0	0	cb7de80db72344b8a7f293193cf86f02	6ca4658fa4a54419a19a6ceafc4a61a3	name	Name	Name	\N	N	N	\N	\N	\N	\N	Y	2022-09-05 18:56:06.726323	0	2022-09-05 18:56:06.726323	0
5fcabb0211d5491da9dde2a51e0a8eac	0	0	cb7de80db72344b8a7f293193cf86f02	6ca4658fa4a54419a19a6ceafc4a61a3	description	Description	Description	\N	N	N	\N	\N	\N	\N	Y	2022-09-05 18:56:06.726323	0	2022-09-05 18:56:06.726323	0
de0a52bd3dd242d4a31b422e7344fb7a	0	0	cb7de80db72344b8a7f293193cf86f02	0208e135971b447687d498f55e27c855	position	Position	Position	\N	N	N	\N	\N	\N	\N	Y	2022-09-05 18:56:06.726323	0	2022-09-05 18:56:06.726323	0
00d22359f26a4595baf18d5e31e26673	0	0	cb7de80db72344b8a7f293193cf86f02	6e1c09a19f3845a1a4e8dc74026593d4	isactive	IsActive	IsActive	\N	N	N	\N	\N	\N	\N	Y	2022-09-05 18:56:06.726323	0	2022-09-05 18:56:06.726323	0
9a39a25f811c454292f1288464b660c3	0	0	cb7de80db72344b8a7f293193cf86f02	c901428fd6564d5aa3be983e52721999	display_logic	Display Logic	Display Logic	\N	N	N	\N	\N	\N	\N	Y	2022-09-05 18:56:06.726323	0	2022-09-05 18:56:06.726323	0
d0354127758d446ba14f5dd2840d6612	0	0	cb7de80db72344b8a7f293193cf86f02	c901428fd6564d5aa3be983e52721999	readonly_logic	ReadOnly Logic	ReadOnly Logic	\N	N	N	\N	\N	\N	\N	Y	2022-09-05 18:56:06.726323	0	2022-09-05 18:56:06.726323	0
27913523c58341bcac2e4d73796c6d9b	0	0	1f92bae89e204302aaa4d1ab922f5201	6ca4658fa4a54419a19a6ceafc4a61a3	ad_client_id	ad_client_id	ad_client_id		Y	N	\N	\N	\N	\N	Y	2022-09-07 16:40:44.297987	0	2022-09-07 16:40:44.297987	0
2eafdf470ed94f2488e1faf526442aec	0	0	1f92bae89e204302aaa4d1ab922f5201	65af08108358407b84475b7a34160517	ad_org_id	ad_org_id	ad_org_id		N	Y	ad_org	ad_org_id	name	\N	Y	2022-09-07 16:40:44.297987	0	2022-09-07 16:40:44.297987	0
eced5c8772ba4ef182e8dcb62fc30d95	0	0	1f92bae89e204302aaa4d1ab922f5201	6ca4658fa4a54419a19a6ceafc4a61a3	value	value	value		N	N	\N	\N	\N	\N	Y	2022-09-07 16:40:44.297987	0	2022-09-07 16:40:44.297987	0
bc3fb6fc46d240e4a7d0e23323130c2f	0	0	1f92bae89e204302aaa4d1ab922f5201	6ca4658fa4a54419a19a6ceafc4a61a3	name	name	name		N	N	\N	\N	\N	\N	Y	2022-09-07 16:40:44.297987	0	2022-09-07 16:40:44.297987	0
fd8f41a475b8437d9b90769f27e522b8	0	0	1f92bae89e204302aaa4d1ab922f5201	6e1c09a19f3845a1a4e8dc74026593d4	isactive	isactive	isactive		N	N	\N	\N	\N	\N	Y	2022-09-07 16:40:44.297987	0	2022-09-07 16:40:44.297987	0
76ac9088de7c4f0a9efe9b96e97c3375	0	0	0407249055a94757af9f8ec2ab262a47	6ca4658fa4a54419a19a6ceafc4a61a3	ad_datatype_id	ad_datatype_id	ad_datatype_id		Y	N	\N	\N	\N	\N	Y	2022-09-07 16:40:44.297987	0	2022-09-07 16:40:44.297987	0
30f6da17e0d04fe29af1356384c9862c	0	0	0407249055a94757af9f8ec2ab262a47	65af08108358407b84475b7a34160517	ad_client_id	ad_client_id	ad_client_id		N	Y	ad_client	ad_client_id	name	\N	Y	2022-09-07 16:40:44.297987	0	2022-09-07 16:40:44.297987	0
0f206a411e3942069bb783191d921ee3	0	0	0407249055a94757af9f8ec2ab262a47	65af08108358407b84475b7a34160517	ad_org_id	ad_org_id	ad_org_id		N	Y	ad_org	ad_org_id	name	\N	Y	2022-09-07 16:40:44.297987	0	2022-09-07 16:40:44.297987	0
240fba6197f74a8a84d9f759a9fb9c1d	0	0	0407249055a94757af9f8ec2ab262a47	6ca4658fa4a54419a19a6ceafc4a61a3	value	value	value		N	N	\N	\N	\N	\N	Y	2022-09-07 16:40:44.297987	0	2022-09-07 16:40:44.297987	0
2a5232ad3b2b41da8b7e4bb84bbcbab1	0	0	0407249055a94757af9f8ec2ab262a47	6ca4658fa4a54419a19a6ceafc4a61a3	name	name	name		N	N	\N	\N	\N	\N	Y	2022-09-07 16:40:44.297987	0	2022-09-07 16:40:44.297987	0
ccae46942dcf4310b6e3614dedc5e3b5	0	0	0407249055a94757af9f8ec2ab262a47	6ca4658fa4a54419a19a6ceafc4a61a3	description	description	description		N	N	\N	\N	\N	\N	Y	2022-09-07 16:40:44.297987	0	2022-09-07 16:40:44.297987	0
a09f604fb01f4b8a9939815481c13cf3	0	0	0407249055a94757af9f8ec2ab262a47	6e1c09a19f3845a1a4e8dc74026593d4	isactive	isactive	isactive		N	N	\N	\N	\N	\N	Y	2022-09-07 16:40:44.297987	0	2022-09-07 16:40:44.297987	0
d918646286794d5d9725345d28d05ba8	0	0	f19ed3aad9e848cbb4b065fd07caf31f	6ca4658fa4a54419a19a6ceafc4a61a3	ad_field_group_id	ad_field_group_id	ad_field_group_id		Y	N	\N	\N	\N	\N	Y	2022-09-07 16:40:44.297987	0	2022-09-07 16:40:44.297987	0
00c0b386c0b240a9b7c07e1d238a59c4	0	0	f19ed3aad9e848cbb4b065fd07caf31f	65af08108358407b84475b7a34160517	ad_client_id	ad_client_id	ad_client_id		N	Y	ad_client	ad_client_id	name	\N	Y	2022-09-07 16:40:44.297987	0	2022-09-07 16:40:44.297987	0
539dabb40c944999ae96db7f2be1e1b6	0	0	f19ed3aad9e848cbb4b065fd07caf31f	65af08108358407b84475b7a34160517	ad_org_id	ad_org_id	ad_org_id		N	Y	ad_org	ad_org_id	name	\N	Y	2022-09-07 16:40:44.297987	0	2022-09-07 16:40:44.297987	0
e82667e7bf9843f490db1263717cb333	0	0	f19ed3aad9e848cbb4b065fd07caf31f	6ca4658fa4a54419a19a6ceafc4a61a3	value	value	value		N	N	\N	\N	\N	\N	Y	2022-09-07 16:40:44.297987	0	2022-09-07 16:40:44.297987	0
93aee46b71da4b68a3629fbcc85688ba	0	0	f19ed3aad9e848cbb4b065fd07caf31f	6ca4658fa4a54419a19a6ceafc4a61a3	name	name	name		N	N	\N	\N	\N	\N	Y	2022-09-07 16:40:44.297987	0	2022-09-07 16:40:44.297987	0
27b6bda244484529806dc80e1db62d9b	0	0	f19ed3aad9e848cbb4b065fd07caf31f	6ca4658fa4a54419a19a6ceafc4a61a3	description	description	description		N	N	\N	\N	\N	\N	Y	2022-09-07 16:40:44.297987	0	2022-09-07 16:40:44.297987	0
0a8f7107a1a54dfbbb11fafc1182d3ed	0	0	f19ed3aad9e848cbb4b065fd07caf31f	6e1c09a19f3845a1a4e8dc74026593d4	isactive	isactive	isactive		N	N	\N	\N	\N	\N	Y	2022-09-07 16:40:44.297987	0	2022-09-07 16:40:44.297987	0
9fd9daa48b044e09b8c95259e972b92b	0	0	63d0410f65a6426eb069285bc47eecea	6ca4658fa4a54419a19a6ceafc4a61a3	ad_menu_id	ad_menu_id	ad_menu_id		Y	N	\N	\N	\N	\N	Y	2022-09-07 16:40:44.297987	0	2022-09-07 16:40:44.297987	0
068558ee53494791a8cd300708ccef01	0	0	63d0410f65a6426eb069285bc47eecea	65af08108358407b84475b7a34160517	ad_client_id	ad_client_id	ad_client_id		N	Y	ad_client	ad_client_id	name	\N	Y	2022-09-07 16:40:44.297987	0	2022-09-07 16:40:44.297987	0
cbc8c6860ddd488cbb9b27e7136b97d3	0	0	63d0410f65a6426eb069285bc47eecea	65af08108358407b84475b7a34160517	ad_org_id	ad_org_id	ad_org_id		N	Y	ad_org	ad_org_id	name	\N	Y	2022-09-07 16:40:44.297987	0	2022-09-07 16:40:44.297987	0
2e04d81f87474438b1fce7c93b7a33c0	0	0	63d0410f65a6426eb069285bc47eecea	65af08108358407b84475b7a34160517	parent	parent	parent		N	Y	ad_menu	ad_menu_id	name	\N	Y	2022-09-07 16:40:44.297987	0	2022-09-07 16:40:44.297987	0
cfe0d47f6e444868b7987318aefae2a4	0	0	63d0410f65a6426eb069285bc47eecea	65af08108358407b84475b7a34160517	ad_window_id	ad_window_id	ad_window_id		N	Y	ad_window	ad_window_id	name	\N	Y	2022-09-07 16:40:44.297987	0	2022-09-07 16:40:44.297987	0
5d4f7d6d1c1446ce920eb711184f0d4a	0	0	63d0410f65a6426eb069285bc47eecea	6ca4658fa4a54419a19a6ceafc4a61a3	value	value	value		N	N	\N	\N	\N	\N	Y	2022-09-07 16:40:44.297987	0	2022-09-07 16:40:44.297987	0
999ee4378ba642df9cc7a9e2f3db02dd	0	0	63d0410f65a6426eb069285bc47eecea	6ca4658fa4a54419a19a6ceafc4a61a3	name	name	name		N	N	\N	\N	\N	\N	Y	2022-09-07 16:40:44.297987	0	2022-09-07 16:40:44.297987	0
ebca94014a304cc4a0df76a7c444ec64	0	0	63d0410f65a6426eb069285bc47eecea	6ca4658fa4a54419a19a6ceafc4a61a3	description	description	description		N	N	\N	\N	\N	\N	Y	2022-09-07 16:40:44.297987	0	2022-09-07 16:40:44.297987	0
da5c8814a9c044d0af59d8cc5f9ae1a6	0	0	63d0410f65a6426eb069285bc47eecea	6e1c09a19f3845a1a4e8dc74026593d4	isactive	isactive	isactive		N	N	\N	\N	\N	\N	Y	2022-09-07 16:40:44.297987	0	2022-09-07 16:40:44.297987	0
52bfa774c5884f29871859bbc1504cb8	0	0	c91eda025de94ef39b4706d92af057b2	6ca4658fa4a54419a19a6ceafc4a61a3	ad_module_id	ad_module_id	ad_module_id		Y	N	\N	\N	\N	\N	Y	2022-09-07 16:40:44.297987	0	2022-09-07 16:40:44.297987	0
42bb24d11b8947f69f6136140bd5725b	0	0	c91eda025de94ef39b4706d92af057b2	65af08108358407b84475b7a34160517	ad_client_id	ad_client_id	ad_client_id		N	Y	ad_client	ad_client_id	name	\N	Y	2022-09-07 16:40:44.297987	0	2022-09-07 16:40:44.297987	0
fab140a25d4343fa8236a5bfc4404e10	0	0	c91eda025de94ef39b4706d92af057b2	65af08108358407b84475b7a34160517	ad_org_id	ad_org_id	ad_org_id		N	Y	ad_org	ad_org_id	name	\N	Y	2022-09-07 16:40:44.297987	0	2022-09-07 16:40:44.297987	0
0940152d388e4efeacab3cc0586d4385	0	0	c91eda025de94ef39b4706d92af057b2	6ca4658fa4a54419a19a6ceafc4a61a3	value	value	value		N	N	\N	\N	\N	\N	Y	2022-09-07 16:40:44.297987	0	2022-09-07 16:40:44.297987	0
75aa479e634e4d0cba5fc945564fae23	0	0	c91eda025de94ef39b4706d92af057b2	6ca4658fa4a54419a19a6ceafc4a61a3	name	name	name		N	N	\N	\N	\N	\N	Y	2022-09-07 16:40:44.297987	0	2022-09-07 16:40:44.297987	0
f3705ba8a11440338dbe2d91d8351c43	0	0	c91eda025de94ef39b4706d92af057b2	6ca4658fa4a54419a19a6ceafc4a61a3	description	description	description		N	N	\N	\N	\N	\N	Y	2022-09-07 16:40:44.297987	0	2022-09-07 16:40:44.297987	0
387a5d2081cb4b41ac11e0cb7f586576	0	0	c91eda025de94ef39b4706d92af057b2	6e1c09a19f3845a1a4e8dc74026593d4	isactive	isactive	isactive		N	N	\N	\N	\N	\N	Y	2022-09-07 16:40:44.297987	0	2022-09-07 16:40:44.297987	0
2ddc7e4714c14958afa54656740e74d2	0	0	9c608ba5fd1649b1b552e4bd6b3dede9	6ca4658fa4a54419a19a6ceafc4a61a3	ad_org_id	ad_org_id	ad_org_id		Y	N	\N	\N	\N	\N	Y	2022-09-07 16:40:44.297987	0	2022-09-07 16:40:44.297987	0
2b4b3d4889ef44dc8bb8f7d01c4caf3a	0	0	9c608ba5fd1649b1b552e4bd6b3dede9	65af08108358407b84475b7a34160517	ad_client_id	ad_client_id	ad_client_id		N	Y	ad_client	ad_client_id	name	\N	Y	2022-09-07 16:40:44.297987	0	2022-09-07 16:40:44.297987	0
8d3e2bc638f44a1ba19e47dd4a70b70f	0	0	9c608ba5fd1649b1b552e4bd6b3dede9	6ca4658fa4a54419a19a6ceafc4a61a3	value	value	value		N	N	\N	\N	\N	\N	Y	2022-09-07 16:40:44.297987	0	2022-09-07 16:40:44.297987	0
d2e33f2e498a444aa8bf021ff13863d4	0	0	9c608ba5fd1649b1b552e4bd6b3dede9	6ca4658fa4a54419a19a6ceafc4a61a3	name	name	name		N	N	\N	\N	\N	\N	Y	2022-09-07 16:40:44.297987	0	2022-09-07 16:40:44.297987	0
4fd98bb9dd234caabf2a950b987103da	0	0	9c608ba5fd1649b1b552e4bd6b3dede9	6e1c09a19f3845a1a4e8dc74026593d4	isactive	isactive	isactive		N	N	\N	\N	\N	\N	Y	2022-09-07 16:40:44.297987	0	2022-09-07 16:40:44.297987	0
2fbf0777224e4e95a537afee0ba89f12	0	0	0831f8d09bfa4f0f80636b402b2c5d96	6ca4658fa4a54419a19a6ceafc4a61a3	ad_package_id	ad_package_id	ad_package_id		Y	N	\N	\N	\N	\N	Y	2022-09-07 16:40:44.297987	0	2022-09-07 16:40:44.297987	0
525fb091aa5f406c813305362dc05e65	0	0	0831f8d09bfa4f0f80636b402b2c5d96	65af08108358407b84475b7a34160517	ad_client_id	ad_client_id	ad_client_id		N	Y	ad_client	ad_client_id	name	\N	Y	2022-09-07 16:40:44.297987	0	2022-09-07 16:40:44.297987	0
cca0f62660c24d2097ae05cfebb1a1a2	0	0	0831f8d09bfa4f0f80636b402b2c5d96	65af08108358407b84475b7a34160517	ad_org_id	ad_org_id	ad_org_id		N	Y	ad_org	ad_org_id	name	\N	Y	2022-09-07 16:40:44.297987	0	2022-09-07 16:40:44.297987	0
362f5673362349618cd3df7e15e7f26b	0	0	0831f8d09bfa4f0f80636b402b2c5d96	65af08108358407b84475b7a34160517	ad_module_id	ad_module_id	ad_module_id		N	Y	ad_module	ad_module_id	name	\N	Y	2022-09-07 16:40:44.297987	0	2022-09-07 16:40:44.297987	0
bd48dd54de1f42339fe509e2e0d8556f	0	0	0831f8d09bfa4f0f80636b402b2c5d96	6ca4658fa4a54419a19a6ceafc4a61a3	value	value	value		N	N	\N	\N	\N	\N	Y	2022-09-07 16:40:44.297987	0	2022-09-07 16:40:44.297987	0
fdc07f04ad0a47ad98433804bad8f015	0	0	0831f8d09bfa4f0f80636b402b2c5d96	6ca4658fa4a54419a19a6ceafc4a61a3	name	name	name		N	N	\N	\N	\N	\N	Y	2022-09-07 16:40:44.297987	0	2022-09-07 16:40:44.297987	0
11c8156285f6495e8affd9f2772613c4	0	0	0831f8d09bfa4f0f80636b402b2c5d96	6ca4658fa4a54419a19a6ceafc4a61a3	description	description	description		N	N	\N	\N	\N	\N	Y	2022-09-07 16:40:44.297987	0	2022-09-07 16:40:44.297987	0
70468fe3b88d4d69a099d9f4d73c72d0	0	0	0831f8d09bfa4f0f80636b402b2c5d96	6e1c09a19f3845a1a4e8dc74026593d4	isactive	isactive	isactive		N	N	\N	\N	\N	\N	Y	2022-09-07 16:40:44.297987	0	2022-09-07 16:40:44.297987	0
4e385e869e1249b28c4b9f5b6e24f61a	0	0	1b072496ae9d4f6489ecb008c707ed43	6ca4658fa4a54419a19a6ceafc4a61a3	m_product_id	m_product_id	m_product_id		Y	N	\N	\N	\N	\N	Y	2022-10-18 15:28:44.608764	0	2022-10-18 15:28:44.608764	0
ae71f6987a794fcfab4e926a6fd723f7	0	0	1b072496ae9d4f6489ecb008c707ed43	65af08108358407b84475b7a34160517	m_product_category_id	m_product_category_id	m_product_category_id		N	Y	m_product_category	m_product_category_id	name	\N	Y	2022-10-18 15:28:44.608764	0	2022-10-18 15:28:44.608764	0
b55b6c75bf3446a390addd0437473f95	0	0	1b072496ae9d4f6489ecb008c707ed43	6e1c09a19f3845a1a4e8dc74026593d4	isactive	isactive	isactive		N	N	\N	\N	\N	\N	Y	2022-10-18 15:28:44.608764	0	2022-10-18 15:28:44.608764	0
585075b96488456fa1e24ae12e95f1fd	0	0	1b072496ae9d4f6489ecb008c707ed43	6ca4658fa4a54419a19a6ceafc4a61a3	value	value	value		N	N	\N	\N	\N	\N	Y	2022-10-18 15:28:44.608764	0	2022-10-18 15:28:44.608764	0
9302fd09f25546dc903c55f524a85633	0	0	1b072496ae9d4f6489ecb008c707ed43	6ca4658fa4a54419a19a6ceafc4a61a3	name	name	name		N	N	\N	\N	\N	\N	Y	2022-10-18 15:28:44.608764	0	2022-10-18 15:28:44.608764	0
0fafe24a747549c4854b4ab5374eede0	0	0	f49921ad8d4a4d99bdad0e50a0675f56	6ca4658fa4a54419a19a6ceafc4a61a3	m_product_category_id	m_product_category_id	m_product_category_id		Y	N	\N	\N	\N	\N	Y	2022-10-18 15:28:44.608764	0	2022-10-18 15:28:44.608764	0
0f5266ee2b1241d7b9e58c35ada53551	0	0	f49921ad8d4a4d99bdad0e50a0675f56	6e1c09a19f3845a1a4e8dc74026593d4	isactive	isactive	isactive		N	N	\N	\N	\N	\N	Y	2022-10-18 15:28:44.608764	0	2022-10-18 15:28:44.608764	0
2488f9c5cd3249978d5d15463d02287e	0	0	f49921ad8d4a4d99bdad0e50a0675f56	6ca4658fa4a54419a19a6ceafc4a61a3	value	value	value		N	N	\N	\N	\N	\N	Y	2022-10-18 15:28:44.608764	0	2022-10-18 15:28:44.608764	0
2927c5e422c64ef39e1d64266000546f	0	0	f49921ad8d4a4d99bdad0e50a0675f56	6ca4658fa4a54419a19a6ceafc4a61a3	name	name	name		N	N	\N	\N	\N	\N	Y	2022-10-18 15:28:44.608764	0	2022-10-18 15:28:44.608764	0
af8b894253c1461bac39c5aef3f24c4a	0	0	f49921ad8d4a4d99bdad0e50a0675f56	65af08108358407b84475b7a34160517	ad_client_id	ad_client_id	ad_client_id		N	Y	ad_client	ad_client_id	name	\N	Y	2022-10-18 15:28:44.608764	0	2022-10-18 15:42:48.336328	0
c2671a04a2a046cf852b82d2648e1642	0	0	1b072496ae9d4f6489ecb008c707ed43	65af08108358407b84475b7a34160517	ad_client_id	ad_client_id	ad_client_id		N	Y	ad_client	ad_client_id	name	\N	Y	2022-10-18 15:28:44.608764	0	2022-10-18 15:39:41.075772	0
56e21c379428481ea85afa1c7aed23f9	0	0	1b072496ae9d4f6489ecb008c707ed43	0208e135971b447687d498f55e27c855	price	Price	Price	\N	\N	\N	\N	\N	\N	\N	Y	2022-10-18 18:32:12.444566	0	2022-10-18 18:32:12.444566	0
38c9ff79f8724d5b9bca95d8a0ac105b	0	0	1b072496ae9d4f6489ecb008c707ed43	65af08108358407b84475b7a34160517	ad_org_id	ad_org_id	ad_org_id		N	Y	ad_org	ad_org_id	name	\N	Y	2022-10-18 15:28:44.608764	0	2022-10-18 15:40:49.519136	0
e043a5fb63784ccbad794278c508d340	0	0	1b072496ae9d4f6489ecb008c707ed43	0208e135971b447687d498f55e27c855	cost	Cost	Cost	\N	\N	\N	\N	\N	\N	\N	Y	2022-10-18 18:35:52.38361	0	2022-10-18 18:35:52.38361	0
3a01d15c6ac449a3bcae286c355813f5	0	0	f49921ad8d4a4d99bdad0e50a0675f56	65af08108358407b84475b7a34160517	ad_org_id	ad_org_id	ad_org_id		N	Y	ad_org	ad_org_id	name	\N	Y	2022-10-18 15:28:44.608764	0	2022-10-18 15:42:41.799496	0
9981356ff1294d898d67961c3405250f	0	0	1b072496ae9d4f6489ecb008c707ed43	0208e135971b447687d498f55e27c855	qty	Qty	Qty	\N	\N	\N	\N	\N	\N	\N	Y	2022-10-18 18:36:10.085751	0	2022-10-18 18:36:10.085751	0
44961cec5db0465187a2a1cbb2ffd05e	0	0	1b072496ae9d4f6489ecb008c707ed43	65af08108358407b84475b7a34160517	c_uom_id	Measure	Measure	\N	N	Y	c_uom	c_uom_id	name,value	\N	Y	2022-10-18 18:38:57.765268	0	2022-10-18 19:17:52.261522	0
f4d110e749e1471b9aa3657b6d51bc1a	0	0	bd56ea4a9f4241739437f294a5cfc9a8	6ca4658fa4a54419a19a6ceafc4a61a3	c_uom_id	c_uom_id	c_uom_id		Y	N	\N	\N	\N	\N	Y	2022-10-18 18:55:46.064524	0	2022-10-18 18:55:46.064524	0
f7b87bb9c7fa4493b04c1d2cb6bb5bac	0	0	bd56ea4a9f4241739437f294a5cfc9a8	65af08108358407b84475b7a34160517	ad_org_id	ad_org_id	ad_org_id		N	Y	ad_org	ad_org_id	name	\N	Y	2022-10-18 18:55:46.064524	0	2022-10-18 18:55:46.064524	0
3639ae7aac804b209123cf1a7e97aefc	0	0	bd56ea4a9f4241739437f294a5cfc9a8	65af08108358407b84475b7a34160517	ad_client_id	ad_client_id	ad_client_id		N	Y	ad_client	ad_client_id	name	\N	Y	2022-10-18 18:55:46.064524	0	2022-10-18 18:55:46.064524	0
34e7df78ab514c95b247c48e7ca89ec7	0	0	bd56ea4a9f4241739437f294a5cfc9a8	6e1c09a19f3845a1a4e8dc74026593d4	isactive	isactive	isactive		N	N	\N	\N	\N	\N	Y	2022-10-18 18:55:46.064524	0	2022-10-18 18:55:46.064524	0
c0a526fa06e745efb3dc47b4c331c1ea	0	0	bd56ea4a9f4241739437f294a5cfc9a8	6ca4658fa4a54419a19a6ceafc4a61a3	value	value	value		N	N	\N	\N	\N	\N	Y	2022-10-18 18:55:46.064524	0	2022-10-18 18:55:46.064524	0
192f0e8ee5684f0cb54cc5b5871082e6	0	0	bd56ea4a9f4241739437f294a5cfc9a8	6ca4658fa4a54419a19a6ceafc4a61a3	name	name	name		N	N	\N	\N	\N	\N	Y	2022-10-18 18:55:46.064524	0	2022-10-18 18:55:46.064524	0
ec68838f73dc453db0e8f08948086927	0	0	1b072496ae9d4f6489ecb008c707ed43	d603b69583654de58d67ae6f611b5eb7	image	Product Image	Product Image	\N	N	N	\N	\N	\N	\N	Y	2022-10-18 18:36:25.996921	0	2022-10-18 19:23:27.254992	0
c9fe08e4805c4395b852c62c01d63fef	0	0	23ab1f87459340a5b0cde5b9c349c16f	6ca4658fa4a54419a19a6ceafc4a61a3	fin_paymentmethod_id	fin_paymentmethod_id	fin_paymentmethod_id		Y	N	\N	\N	\N	\N	Y	2022-10-19 18:18:19.372273	0	2022-10-19 18:18:19.372273	0
c2beb75d4ba847e29f7dd2404f2203d2	0	0	23ab1f87459340a5b0cde5b9c349c16f	65af08108358407b84475b7a34160517	ad_org_id	ad_org_id	ad_org_id		N	Y	ad_org	ad_org_id	name	\N	Y	2022-10-19 18:18:19.372273	0	2022-10-19 18:18:19.372273	0
e105c014c67941b9ab639bd9709ecaa5	0	0	23ab1f87459340a5b0cde5b9c349c16f	65af08108358407b84475b7a34160517	ad_client_id	ad_client_id	ad_client_id		N	Y	ad_client	ad_client_id	name	\N	Y	2022-10-19 18:18:19.372273	0	2022-10-19 18:18:19.372273	0
5286f9383a214b6dab84ee17cfc724f4	0	0	23ab1f87459340a5b0cde5b9c349c16f	6e1c09a19f3845a1a4e8dc74026593d4	isactive	isactive	isactive		N	N	\N	\N	\N	\N	Y	2022-10-19 18:18:19.372273	0	2022-10-19 18:18:19.372273	0
3d914a98199e44888f6b4d287919ec27	0	0	23ab1f87459340a5b0cde5b9c349c16f	6ca4658fa4a54419a19a6ceafc4a61a3	value	value	value		N	N	\N	\N	\N	\N	Y	2022-10-19 18:18:19.372273	0	2022-10-19 18:18:19.372273	0
71bfdb97cf3f4b05828cb45b06d690fe	0	0	23ab1f87459340a5b0cde5b9c349c16f	6ca4658fa4a54419a19a6ceafc4a61a3	name	name	name		N	N	\N	\N	\N	\N	Y	2022-10-19 18:18:19.372273	0	2022-10-19 18:18:19.372273	0
\.


--
-- Data for Name: ad_datatype; Type: TABLE DATA; Schema: public; Owner: admin
--

COPY public.ad_datatype (ad_datatype_id, ad_client_id, ad_org_id, value, name, description, isactive, created, createdby, updated, updatedby) FROM stdin;
6ca4658fa4a54419a19a6ceafc4a61a3	0	0	TEXT	TEXT	TEXT	Y	2022-09-05 18:56:06.726323	0	2022-09-05 18:56:06.726323	0
0208e135971b447687d498f55e27c855	0	0	NUMBER	NUMBER	NUMBER	Y	2022-09-05 18:56:06.726323	0	2022-09-05 18:56:06.726323	0
65af08108358407b84475b7a34160517	0	0	SELECT	SELECT	SELECT	Y	2022-09-05 18:56:06.726323	0	2022-09-05 18:56:06.726323	0
6e1c09a19f3845a1a4e8dc74026593d4	0	0	YESNO	YESNO	YESNO	Y	2022-09-05 18:56:06.726323	0	2022-09-05 18:56:06.726323	0
0114227c0c6f433292a9905c37c2a0a9	0	0	PASSWORD	PASSWORD	PASSWORD	Y	2022-09-05 18:56:06.726323	0	2022-09-05 18:56:06.726323	0
e9180f03ae21436e9e5c12ceedf6bab9	0	0	EMAIL	EMAIL	EMAIL	Y	2022-09-05 18:56:06.726323	0	2022-09-05 18:56:06.726323	0
7b5c0fd146584be2ba36295f30fd7b22	0	0	DATE	DATE	DATE	Y	2022-09-05 18:56:06.726323	0	2022-09-05 18:56:06.726323	0
d603b69583654de58d67ae6f611b5eb7	0	0	IMAGE	IMAGE	IMAGE	Y	2022-09-05 18:56:06.726323	0	2022-09-05 18:56:06.726323	0
4ca39c91b4274555bc2d23b4a8a70da8	0	0	BUTTON	BUTTON	BUTTON	Y	2022-09-05 18:56:06.726323	0	2022-09-05 18:56:06.726323	0
c901428fd6564d5aa3be983e52721999	0	0	MEMO	MEMO	MEMO	Y	2022-09-05 18:56:06.726323	0	2022-09-05 18:56:06.726323	0
\.


--
-- Data for Name: ad_field; Type: TABLE DATA; Schema: public; Owner: admin
--

COPY public.ad_field (ad_field_id, ad_client_id, ad_org_id, ad_column_id, ad_field_group_id, ad_tab_id, value, name, description, "position", isactive, display_logic, readonly_logic, created, createdby, updated, updatedby) FROM stdin;
9030a7a2bc954857a9ff53c1a9930456	0	0	9030a7a2bc954857a9ff53c1a9930456	8b2245b92dec456dae02f9157e9ffdbe	4b9dcfdf4e06409fbf9fa4fe508cb102	ad_user_id	ID	ID user	10	Y			2022-09-05 18:56:06.726323	0	2022-09-05 18:56:06.726323	0
ce1d6e1d88d5496eaf134177bc0d20be	0	0	ce1d6e1d88d5496eaf134177bc0d20be	8b2245b92dec456dae02f9157e9ffdbe	4b9dcfdf4e06409fbf9fa4fe508cb102	ad_client_id	ID client	ID client	20	Y			2022-09-05 18:56:06.726323	0	2022-09-05 18:56:06.726323	0
5b334f13e11140aaaab97a02a4bb33ee	0	0	5b334f13e11140aaaab97a02a4bb33ee	8b2245b92dec456dae02f9157e9ffdbe	4b9dcfdf4e06409fbf9fa4fe508cb102	name	Name	Name	50	Y			2022-09-05 18:56:06.726323	0	2022-09-05 18:56:06.726323	0
89ceccb1dd1c48119028c68575f39bc2	0	0	89ceccb1dd1c48119028c68575f39bc2	8b2245b92dec456dae02f9157e9ffdbe	4b9dcfdf4e06409fbf9fa4fe508cb102	password	Password	Password	60	Y			2022-09-05 18:56:06.726323	0	2022-09-05 18:56:06.726323	0
4d4622cf978f48058c2cddf14a75ec6e	0	0	4d4622cf978f48058c2cddf14a75ec6e	8b2245b92dec456dae02f9157e9ffdbe	4b9dcfdf4e06409fbf9fa4fe508cb102	isactive	IsActive	IsActive	70	Y			2022-09-05 18:56:06.726323	0	2022-09-05 18:56:06.726323	0
eeb932fd0705426bb0112a5bedc198c3	0	0	eeb932fd0705426bb0112a5bedc198c3	8b2245b92dec456dae02f9157e9ffdbe	4b9dcfdf4e06409fbf9fa4fe508cb102	email	Email	Email	80	Y			2022-09-05 18:56:06.726323	0	2022-09-05 18:56:06.726323	0
a6c1fa0226824fb6a6835061eba1cd5e	0	0	a6c1fa0226824fb6a6835061eba1cd5e	8b2245b92dec456dae02f9157e9ffdbe	4b9dcfdf4e06409fbf9fa4fe508cb102	first_name	First Name	First Name	90	Y			2022-09-05 18:56:06.726323	0	2022-09-05 18:56:06.726323	0
5a3fc827419241bda155f08c53b7cb9a	0	0	5a3fc827419241bda155f08c53b7cb9a	8b2245b92dec456dae02f9157e9ffdbe	4b9dcfdf4e06409fbf9fa4fe508cb102	last_name	Last Name	Last Name	100	Y			2022-09-05 18:56:06.726323	0	2022-09-05 18:56:06.726323	0
ec7d00cf893947a2b05a73e3b0899783	0	0	ec7d00cf893947a2b05a73e3b0899783	8b2245b92dec456dae02f9157e9ffdbe	4b9dcfdf4e06409fbf9fa4fe508cb102	phone_number	Phone Number	Phone Number	110	Y			2022-09-05 18:56:06.726323	0	2022-09-05 18:56:06.726323	0
e8000627c2304b76bb57d8d362cc2ee6	0	0	e8000627c2304b76bb57d8d362cc2ee6	8b2245b92dec456dae02f9157e9ffdbe	4b9dcfdf4e06409fbf9fa4fe508cb102	birth_date	Birth Date	Birth Date	120	Y			2022-09-05 18:56:06.726323	0	2022-09-05 18:56:06.726323	0
27487535ca9f4b50952ab967b333f43c	0	0	27487535ca9f4b50952ab967b333f43c	8b2245b92dec456dae02f9157e9ffdbe	4b9dcfdf4e06409fbf9fa4fe508cb102	image	Image	Image	130	Y			2022-09-05 18:56:06.726323	0	2022-09-05 18:56:06.726323	0
08f9d062cbc94522b8dcfb86cd750da7	0	0	08f9d062cbc94522b8dcfb86cd750da7	8b2245b92dec456dae02f9157e9ffdbe	4b9dcfdf4e06409fbf9fa4fe508cb102	device	Device	Device	140	Y			2022-09-05 18:56:06.726323	0	2022-09-05 18:56:06.726323	0
82d4f53cedc34ecfb8010ae7b9bdd467	0	0	82d4f53cedc34ecfb8010ae7b9bdd467	8b2245b92dec456dae02f9157e9ffdbe	4b9dcfdf4e06409fbf9fa4fe508cb102	device_model	Device Model	Device Model	150	Y			2022-09-05 18:56:06.726323	0	2022-09-05 18:56:06.726323	0
53e23c63e6504dd499015e64668c0c6c	0	0	53e23c63e6504dd499015e64668c0c6c	8b2245b92dec456dae02f9157e9ffdbe	4b9dcfdf4e06409fbf9fa4fe508cb102	so	SO	SO	160	Y			2022-09-05 18:56:06.726323	0	2022-09-05 18:56:06.726323	0
7249b198877441f5a9ab3f4836497b8c	0	0	7249b198877441f5a9ab3f4836497b8c	8b2245b92dec456dae02f9157e9ffdbe	4b9dcfdf4e06409fbf9fa4fe508cb102	so_version	SO Version	SO Version	170	Y			2022-09-05 18:56:06.726323	0	2022-09-05 18:56:06.726323	0
5eb2dcf0295849dfb31833f4d7019291	0	0	5eb2dcf0295849dfb31833f4d7019291	8b2245b92dec456dae02f9157e9ffdbe	1e89db4bbf774b0b99b12637e5e84950	ad_table_id	ID	ID table	10	Y			2022-09-05 18:56:06.726323	0	2022-09-05 18:56:06.726323	0
b2bf4ea961564459a836fadb46ed695a	0	0	b2bf4ea961564459a836fadb46ed695a	8b2245b92dec456dae02f9157e9ffdbe	1e89db4bbf774b0b99b12637e5e84950	ad_client_id	ID client	ID client	20	Y			2022-09-05 18:56:06.726323	0	2022-09-05 18:56:06.726323	0
65d93cc9069b4c9f9a062f980783a9c0	0	0	65d93cc9069b4c9f9a062f980783a9c0	8b2245b92dec456dae02f9157e9ffdbe	1e89db4bbf774b0b99b12637e5e84950	ad_org_id	ID org	ID org	30	Y			2022-09-05 18:56:06.726323	0	2022-09-05 18:56:06.726323	0
29ec05a7d8d44b478856b2d117a84089	0	0	29ec05a7d8d44b478856b2d117a84089	8b2245b92dec456dae02f9157e9ffdbe	1e89db4bbf774b0b99b12637e5e84950	ad_package_id	ID package	ID package	30	Y			2022-09-05 18:56:06.726323	0	2022-09-05 18:56:06.726323	0
0b81f6b2af28405190f84acc3e8052d3	0	0	0b81f6b2af28405190f84acc3e8052d3	8b2245b92dec456dae02f9157e9ffdbe	1e89db4bbf774b0b99b12637e5e84950	value	Code	Code	40	Y			2022-09-05 18:56:06.726323	0	2022-09-05 18:56:06.726323	0
ba9008fdd0744c839d1a78e3350c6d46	0	0	ba9008fdd0744c839d1a78e3350c6d46	8b2245b92dec456dae02f9157e9ffdbe	1e89db4bbf774b0b99b12637e5e84950	name	Name	Name	50	Y			2022-09-05 18:56:06.726323	0	2022-09-05 18:56:06.726323	0
15049153b02d44578ad88e46dc6c3d7a	0	0	15049153b02d44578ad88e46dc6c3d7a	8b2245b92dec456dae02f9157e9ffdbe	1e89db4bbf774b0b99b12637e5e84950	description	Description	Description	60	Y			2022-09-05 18:56:06.726323	0	2022-09-05 18:56:06.726323	0
b68465b15cdc4bf9b12f1b5223863c77	0	0	b68465b15cdc4bf9b12f1b5223863c77	8b2245b92dec456dae02f9157e9ffdbe	1e89db4bbf774b0b99b12637e5e84950	isactive	IsActive	IsActive	70	Y			2022-09-05 18:56:06.726323	0	2022-09-05 18:56:06.726323	0
159da1be1fee43cc868279b126beaa73	0	0	159da1be1fee43cc868279b126beaa73	8b2245b92dec456dae02f9157e9ffdbe	1e89db4bbf774b0b99b12637e5e84950	btn_getcol	Get Columns	Get Columns	80	Y			2022-09-05 18:56:06.726323	0	2022-09-05 18:56:06.726323	0
b499078e03844a8a9182eb492d833851	0	0	b499078e03844a8a9182eb492d833851	8b2245b92dec456dae02f9157e9ffdbe	cd5ae83892a74b018d0803984887c322	ad_column_id	ID	ID column	10	Y			2022-09-05 18:56:06.726323	0	2022-09-05 18:56:06.726323	0
ae98bc13d6074ace9433ebf27abd2d99	0	0	ae98bc13d6074ace9433ebf27abd2d99	8b2245b92dec456dae02f9157e9ffdbe	cd5ae83892a74b018d0803984887c322	ad_client_id	ID client	ID client	20	Y			2022-09-05 18:56:06.726323	0	2022-09-05 18:56:06.726323	0
bedd6a6f91644088b51457470aa84bd8	0	0	bedd6a6f91644088b51457470aa84bd8	8b2245b92dec456dae02f9157e9ffdbe	cd5ae83892a74b018d0803984887c322	ad_org_id	ID org	ID org	30	Y			2022-09-05 18:56:06.726323	0	2022-09-05 18:56:06.726323	0
4883bcbd3de8443f983ebdde7731af63	0	0	4883bcbd3de8443f983ebdde7731af63	8b2245b92dec456dae02f9157e9ffdbe	cd5ae83892a74b018d0803984887c322	ad_table_id	ID table	ID table	40	Y			2022-09-05 18:56:06.726323	0	2022-09-05 18:56:06.726323	0
725ef2226f8d4dc9a40e8555afd0f85e	0	0	725ef2226f8d4dc9a40e8555afd0f85e	8b2245b92dec456dae02f9157e9ffdbe	cd5ae83892a74b018d0803984887c322	ad_datatype_id	ID datatype	ID datatype	50	Y			2022-09-05 18:56:06.726323	0	2022-09-05 18:56:06.726323	0
ff4d1fd202f44157a0d58f060f0fe3da	0	0	ff4d1fd202f44157a0d58f060f0fe3da	8b2245b92dec456dae02f9157e9ffdbe	cd5ae83892a74b018d0803984887c322	value	Code	Code	60	Y			2022-09-05 18:56:06.726323	0	2022-09-05 18:56:06.726323	0
6f3744e0332a41bcb433ed3defc727d1	0	0	6f3744e0332a41bcb433ed3defc727d1	8b2245b92dec456dae02f9157e9ffdbe	cd5ae83892a74b018d0803984887c322	name	Name	Name	70	Y			2022-09-05 18:56:06.726323	0	2022-09-05 18:56:06.726323	0
0ffbe7dcf1024cb48b76718171dcd973	0	0	0ffbe7dcf1024cb48b76718171dcd973	8b2245b92dec456dae02f9157e9ffdbe	cd5ae83892a74b018d0803984887c322	description	Description	Description	80	Y			2022-09-05 18:56:06.726323	0	2022-09-05 18:56:06.726323	0
b90280f0d0be4db28f6b5c33faac00eb	0	0	b90280f0d0be4db28f6b5c33faac00eb	8b2245b92dec456dae02f9157e9ffdbe	4b9dcfdf4e06409fbf9fa4fe508cb102	value	Code	Code	40	Y		@last_name@ == 'jon'	2022-09-05 18:56:06.726323	0	2022-09-07 14:19:39.740001	0
05df7f40cfb6417c9dc5c39ff7f3ad73	0	0	05df7f40cfb6417c9dc5c39ff7f3ad73	8b2245b92dec456dae02f9157e9ffdbe	cd5ae83892a74b018d0803984887c322	ref_table	Ref Table	Ref Table	90	Y			2022-09-05 18:56:06.726323	0	2022-09-05 18:56:06.726323	0
6c3d3a55d039469da9ccc11b43eabb9f	0	0	6c3d3a55d039469da9ccc11b43eabb9f	8b2245b92dec456dae02f9157e9ffdbe	cd5ae83892a74b018d0803984887c322	ref_table_key_field	Ref Key	Ref Key	100	Y			2022-09-05 18:56:06.726323	0	2022-09-05 18:56:06.726323	0
b0c03a73d6014b7286cb9263f2ce6287	0	0	b0c03a73d6014b7286cb9263f2ce6287	8b2245b92dec456dae02f9157e9ffdbe	cd5ae83892a74b018d0803984887c322	ref_table_text_field	Ref Text	Ref Text	110	Y			2022-09-05 18:56:06.726323	0	2022-09-05 18:56:06.726323	0
961a6843f4ec4e2e92c003cc3cb7d342	0	0	961a6843f4ec4e2e92c003cc3cb7d342	8b2245b92dec456dae02f9157e9ffdbe	cd5ae83892a74b018d0803984887c322	ispk	IsPK	IsPK	120	Y			2022-09-05 18:56:06.726323	0	2022-09-05 18:56:06.726323	0
09e1231520b144e699921c0cfe029786	0	0	09e1231520b144e699921c0cfe029786	8b2245b92dec456dae02f9157e9ffdbe	cd5ae83892a74b018d0803984887c322	isfk	IsFK	IsFK	130	Y			2022-09-05 18:56:06.726323	0	2022-09-05 18:56:06.726323	0
c23feb8ea6a84b3c8d9d77afad3066be	0	0	c23feb8ea6a84b3c8d9d77afad3066be	8b2245b92dec456dae02f9157e9ffdbe	cd5ae83892a74b018d0803984887c322	isactive	IsActive	IsActive	140	Y			2022-09-05 18:56:06.726323	0	2022-09-05 18:56:06.726323	0
dfaff850fcc845b69f367af071d0f4e5	0	0	dfaff850fcc845b69f367af071d0f4e5	8b2245b92dec456dae02f9157e9ffdbe	cd5ae83892a74b018d0803984887c322	icon	Icon	Icon	150	Y			2022-09-05 18:56:06.726323	0	2022-09-05 18:56:06.726323	0
4629ad27b23c49f78c51704e3096350e	0	0	4629ad27b23c49f78c51704e3096350e	8b2245b92dec456dae02f9157e9ffdbe	b3327be6a3a24ee196482469a71df291	ad_window_id	ID	ID window	10	Y			2022-09-05 18:56:06.726323	0	2022-09-05 18:56:06.726323	0
fe7fdefa4f914bf7a5c2b9d06f3b1754	0	0	fe7fdefa4f914bf7a5c2b9d06f3b1754	8b2245b92dec456dae02f9157e9ffdbe	b3327be6a3a24ee196482469a71df291	ad_client_id	ID client	ID client	20	Y			2022-09-05 18:56:06.726323	0	2022-09-05 18:56:06.726323	0
759d34eccac84399b0d3bb3a329f5ee9	0	0	759d34eccac84399b0d3bb3a329f5ee9	8b2245b92dec456dae02f9157e9ffdbe	b3327be6a3a24ee196482469a71df291	ad_org_id	ID org	ID org	30	Y			2022-09-05 18:56:06.726323	0	2022-09-05 18:56:06.726323	0
822b4f55f035422d90d366a538784860	0	0	822b4f55f035422d90d366a538784860	8b2245b92dec456dae02f9157e9ffdbe	b3327be6a3a24ee196482469a71df291	value	Code	Code	60	Y			2022-09-05 18:56:06.726323	0	2022-09-05 18:56:06.726323	0
440f7a4dd8c64aa8b4c8588ef74cd849	0	0	440f7a4dd8c64aa8b4c8588ef74cd849	8b2245b92dec456dae02f9157e9ffdbe	b3327be6a3a24ee196482469a71df291	name	Name	Name	70	Y			2022-09-05 18:56:06.726323	0	2022-09-05 18:56:06.726323	0
61412cba76474b07bae6c487f2ee12e6	0	0	61412cba76474b07bae6c487f2ee12e6	8b2245b92dec456dae02f9157e9ffdbe	b3327be6a3a24ee196482469a71df291	description	Description	Description	80	Y			2022-09-05 18:56:06.726323	0	2022-09-05 18:56:06.726323	0
2dcbac646a4f401c94d57c333b74a9ab	0	0	2dcbac646a4f401c94d57c333b74a9ab	8b2245b92dec456dae02f9157e9ffdbe	b3327be6a3a24ee196482469a71df291	isactive	IsActive	IsActive	140	Y			2022-09-05 18:56:06.726323	0	2022-09-05 18:56:06.726323	0
d13ffd73022b43208fe449695393438a	0	0	d13ffd73022b43208fe449695393438a	8b2245b92dec456dae02f9157e9ffdbe	7f6f41364f02461eab90bd09a13a5fca	ad_tab_id	ID	ID tab	10	Y			2022-09-05 18:56:06.726323	0	2022-09-05 18:56:06.726323	0
9047947505384cffab805b6d177630d4	0	0	9047947505384cffab805b6d177630d4	8b2245b92dec456dae02f9157e9ffdbe	7f6f41364f02461eab90bd09a13a5fca	ad_client_id	ID client	ID client	20	Y			2022-09-05 18:56:06.726323	0	2022-09-05 18:56:06.726323	0
6e95bce2e44f4933b8810c2c9c8edd63	0	0	6e95bce2e44f4933b8810c2c9c8edd63	8b2245b92dec456dae02f9157e9ffdbe	7f6f41364f02461eab90bd09a13a5fca	ad_org_id	ID org	ID org	30	Y			2022-09-05 18:56:06.726323	0	2022-09-05 18:56:06.726323	0
a139102e142d4f9b941345f35918db7b	0	0	a139102e142d4f9b941345f35918db7b	8b2245b92dec456dae02f9157e9ffdbe	7f6f41364f02461eab90bd09a13a5fca	ad_window_id	ID window	ID window	40	Y			2022-09-05 18:56:06.726323	0	2022-09-05 18:56:06.726323	0
c67efd5bd5ee4be18a9f8efdd8bff766	0	0	c67efd5bd5ee4be18a9f8efdd8bff766	8b2245b92dec456dae02f9157e9ffdbe	7f6f41364f02461eab90bd09a13a5fca	ad_tab_parent_id	ID tab parent	ID tab_parent	50	Y			2022-09-05 18:56:06.726323	0	2022-09-05 18:56:06.726323	0
b50aaf12834646fa83bcf4ae252e9899	0	0	b50aaf12834646fa83bcf4ae252e9899	8b2245b92dec456dae02f9157e9ffdbe	7f6f41364f02461eab90bd09a13a5fca	value	Code	Code	60	Y			2022-09-05 18:56:06.726323	0	2022-09-05 18:56:06.726323	0
c998e52b24134eec9cc316a90a9285ef	0	0	c998e52b24134eec9cc316a90a9285ef	8b2245b92dec456dae02f9157e9ffdbe	7f6f41364f02461eab90bd09a13a5fca	name	Name	Name	70	Y			2022-09-05 18:56:06.726323	0	2022-09-05 18:56:06.726323	0
dd590d5dcaa84adb8af1550903994095	0	0	dd590d5dcaa84adb8af1550903994095	8b2245b92dec456dae02f9157e9ffdbe	7f6f41364f02461eab90bd09a13a5fca	description	Description	Description	80	Y			2022-09-05 18:56:06.726323	0	2022-09-05 18:56:06.726323	0
72c351b4c50d4cdfa3c1bf6bd94f284f	0	0	72c351b4c50d4cdfa3c1bf6bd94f284f	8b2245b92dec456dae02f9157e9ffdbe	7f6f41364f02461eab90bd09a13a5fca	position	Position	Position	90	Y			2022-09-05 18:56:06.726323	0	2022-09-05 18:56:06.726323	0
07d4e091868b460995c5f67cfe7600a9	0	0	07d4e091868b460995c5f67cfe7600a9	8b2245b92dec456dae02f9157e9ffdbe	7f6f41364f02461eab90bd09a13a5fca	isactive	IsActive	IsActive	140	Y			2022-09-05 18:56:06.726323	0	2022-09-05 18:56:06.726323	0
87baa9b3946c45978f2a591fcf266e61	0	0	87baa9b3946c45978f2a591fcf266e61	8b2245b92dec456dae02f9157e9ffdbe	7f6f41364f02461eab90bd09a13a5fca	btn_getfield	Get Fields	Get Fields	150	Y			2022-09-05 18:56:06.726323	0	2022-09-05 18:56:06.726323	0
cf39a133bb1a495dbb891e7734490540	0	0	cf39a133bb1a495dbb891e7734490540	8b2245b92dec456dae02f9157e9ffdbe	fe9b0705e9fc47b29cb0e6c5e740025e	ad_field_id	ID	ID field	10	Y			2022-09-05 18:56:06.726323	0	2022-09-05 18:56:06.726323	0
34d03a9c10a94fea8ad8d9de79c73129	0	0	34d03a9c10a94fea8ad8d9de79c73129	8b2245b92dec456dae02f9157e9ffdbe	fe9b0705e9fc47b29cb0e6c5e740025e	ad_client_id	ID client	ID client	20	Y			2022-09-05 18:56:06.726323	0	2022-09-05 18:56:06.726323	0
ae02f03ca66b45ec8429075f5bcaf328	0	0	ae02f03ca66b45ec8429075f5bcaf328	8b2245b92dec456dae02f9157e9ffdbe	fe9b0705e9fc47b29cb0e6c5e740025e	ad_org_id	ID org	ID org	30	Y			2022-09-05 18:56:06.726323	0	2022-09-05 18:56:06.726323	0
2327f6cb9c694d6e8f69cabe64e1aee3	0	0	2327f6cb9c694d6e8f69cabe64e1aee3	8b2245b92dec456dae02f9157e9ffdbe	fe9b0705e9fc47b29cb0e6c5e740025e	ad_column_id	ID column	ID column	40	Y			2022-09-05 18:56:06.726323	0	2022-09-05 18:56:06.726323	0
c3da224e072542f4a94a1cba52731db9	0	0	c3da224e072542f4a94a1cba52731db9	8b2245b92dec456dae02f9157e9ffdbe	fe9b0705e9fc47b29cb0e6c5e740025e	ad_field_group_id	ID field_group	ID field_group	50	Y			2022-09-05 18:56:06.726323	0	2022-09-05 18:56:06.726323	0
871fbcf0f01649ce8f0f2c2ab4c84f5d	0	0	871fbcf0f01649ce8f0f2c2ab4c84f5d	8b2245b92dec456dae02f9157e9ffdbe	fe9b0705e9fc47b29cb0e6c5e740025e	ad_tab_id	ID tab	ID tab	60	Y			2022-09-05 18:56:06.726323	0	2022-09-05 18:56:06.726323	0
d2c639f2c13b4657950963bb22e07e74	0	0	d2c639f2c13b4657950963bb22e07e74	8b2245b92dec456dae02f9157e9ffdbe	fe9b0705e9fc47b29cb0e6c5e740025e	value	Code	Code	70	Y			2022-09-05 18:56:06.726323	0	2022-09-05 18:56:06.726323	0
c16806191c2f4b6e9b4fc3ce7df83437	0	0	c16806191c2f4b6e9b4fc3ce7df83437	8b2245b92dec456dae02f9157e9ffdbe	fe9b0705e9fc47b29cb0e6c5e740025e	name	Name	Name	80	Y			2022-09-05 18:56:06.726323	0	2022-09-05 18:56:06.726323	0
5fcabb0211d5491da9dde2a51e0a8eac	0	0	5fcabb0211d5491da9dde2a51e0a8eac	8b2245b92dec456dae02f9157e9ffdbe	fe9b0705e9fc47b29cb0e6c5e740025e	description	Description	Description	90	Y			2022-09-05 18:56:06.726323	0	2022-09-05 18:56:06.726323	0
de0a52bd3dd242d4a31b422e7344fb7a	0	0	de0a52bd3dd242d4a31b422e7344fb7a	8b2245b92dec456dae02f9157e9ffdbe	fe9b0705e9fc47b29cb0e6c5e740025e	position	Position	Position	100	Y			2022-09-05 18:56:06.726323	0	2022-09-05 18:56:06.726323	0
00d22359f26a4595baf18d5e31e26673	0	0	00d22359f26a4595baf18d5e31e26673	8b2245b92dec456dae02f9157e9ffdbe	fe9b0705e9fc47b29cb0e6c5e740025e	isactive	IsActive	IsActive	110	Y			2022-09-05 18:56:06.726323	0	2022-09-05 18:56:06.726323	0
9a39a25f811c454292f1288464b660c3	0	0	9a39a25f811c454292f1288464b660c3	8b2245b92dec456dae02f9157e9ffdbe	fe9b0705e9fc47b29cb0e6c5e740025e	display_logic	Display Logic	Display Logic	110	Y			2022-09-05 18:56:06.726323	0	2022-09-05 18:56:06.726323	0
d0354127758d446ba14f5dd2840d6612	0	0	d0354127758d446ba14f5dd2840d6612	8b2245b92dec456dae02f9157e9ffdbe	fe9b0705e9fc47b29cb0e6c5e740025e	readonly_logic	Readonly Logic	Readonly Logic	110	Y			2022-09-05 18:56:06.726323	0	2022-09-05 18:56:06.726323	0
1f7bcc394ef64c4487237b381653dbd8	0	0	1f7bcc394ef64c4487237b381653dbd8	8b2245b92dec456dae02f9157e9ffdbe	4b9dcfdf4e06409fbf9fa4fe508cb102	ad_org_id	ID org	ID org	30	Y			2022-09-05 18:56:06.726323	0	2022-09-05 19:38:30.485346	0
45f3366770f64e31bdc2a6f8f5318876	0	0	27913523c58341bcac2e4d73796c6d9b	8b2245b92dec456dae02f9157e9ffdbe	0d100c5d1a5846bfb4dcdac832159f3a	ad_client_id	ad_client_id	ad_client_id	10	Y			2022-09-07 16:40:44.297987	0	2022-09-07 16:40:44.297987	0
08709d950b0c4150b36763b1eda533be	0	0	2eafdf470ed94f2488e1faf526442aec	8b2245b92dec456dae02f9157e9ffdbe	0d100c5d1a5846bfb4dcdac832159f3a	ad_org_id	ad_org_id	ad_org_id	20	Y			2022-09-07 16:40:44.297987	0	2022-09-07 16:40:44.297987	0
edb9d08cfe8f467eae3ecf73d866eae5	0	0	eced5c8772ba4ef182e8dcb62fc30d95	8b2245b92dec456dae02f9157e9ffdbe	0d100c5d1a5846bfb4dcdac832159f3a	value	value	value	30	Y			2022-09-07 16:40:44.297987	0	2022-09-07 16:40:44.297987	0
afdeda2d03cc46d5a6e3f1bd5c14ca23	0	0	bc3fb6fc46d240e4a7d0e23323130c2f	8b2245b92dec456dae02f9157e9ffdbe	0d100c5d1a5846bfb4dcdac832159f3a	name	name	name	40	Y			2022-09-07 16:40:44.297987	0	2022-09-07 16:40:44.297987	0
e66d27aa5deb49fcbb2e04a127c04310	0	0	fd8f41a475b8437d9b90769f27e522b8	8b2245b92dec456dae02f9157e9ffdbe	0d100c5d1a5846bfb4dcdac832159f3a	isactive	isactive	isactive	50	Y			2022-09-07 16:40:44.297987	0	2022-09-07 16:40:44.297987	0
fc991295d161458483f03556b577c262	0	0	76ac9088de7c4f0a9efe9b96e97c3375	8b2245b92dec456dae02f9157e9ffdbe	d94177d349444690be4047ec1f9d599d	ad_datatype_id	ad_datatype_id	ad_datatype_id	10	Y			2022-09-07 16:40:44.297987	0	2022-09-07 16:40:44.297987	0
c12a814778744a689afb283eab6505a8	0	0	30f6da17e0d04fe29af1356384c9862c	8b2245b92dec456dae02f9157e9ffdbe	d94177d349444690be4047ec1f9d599d	ad_client_id	ad_client_id	ad_client_id	20	Y			2022-09-07 16:40:44.297987	0	2022-09-07 16:40:44.297987	0
9d5a052e2def4da791740d335b15777c	0	0	0f206a411e3942069bb783191d921ee3	8b2245b92dec456dae02f9157e9ffdbe	d94177d349444690be4047ec1f9d599d	ad_org_id	ad_org_id	ad_org_id	30	Y			2022-09-07 16:40:44.297987	0	2022-09-07 16:40:44.297987	0
12c818f60c7641319b48c6676d9710d9	0	0	240fba6197f74a8a84d9f759a9fb9c1d	8b2245b92dec456dae02f9157e9ffdbe	d94177d349444690be4047ec1f9d599d	value	value	value	40	Y			2022-09-07 16:40:44.297987	0	2022-09-07 16:40:44.297987	0
19c7445c51c447d48417b985e1a2fad6	0	0	2a5232ad3b2b41da8b7e4bb84bbcbab1	8b2245b92dec456dae02f9157e9ffdbe	d94177d349444690be4047ec1f9d599d	name	name	name	50	Y			2022-09-07 16:40:44.297987	0	2022-09-07 16:40:44.297987	0
20a94197faa34fb88f348df2516b6f82	0	0	ccae46942dcf4310b6e3614dedc5e3b5	8b2245b92dec456dae02f9157e9ffdbe	d94177d349444690be4047ec1f9d599d	description	description	description	60	Y			2022-09-07 16:40:44.297987	0	2022-09-07 16:40:44.297987	0
370d09b103f84538aae73254a76976ba	0	0	a09f604fb01f4b8a9939815481c13cf3	8b2245b92dec456dae02f9157e9ffdbe	d94177d349444690be4047ec1f9d599d	isactive	isactive	isactive	70	Y			2022-09-07 16:40:44.297987	0	2022-09-07 16:40:44.297987	0
af46d3374e52493c9becf624f3a0c8a2	0	0	d918646286794d5d9725345d28d05ba8	8b2245b92dec456dae02f9157e9ffdbe	9a2cc733af5746efaf6edb4a52bb1ebd	ad_field_group_id	ad_field_group_id	ad_field_group_id	10	Y			2022-09-07 16:40:44.297987	0	2022-09-07 16:40:44.297987	0
0f751d7ba3f242879bd320a8be5eb296	0	0	00c0b386c0b240a9b7c07e1d238a59c4	8b2245b92dec456dae02f9157e9ffdbe	9a2cc733af5746efaf6edb4a52bb1ebd	ad_client_id	ad_client_id	ad_client_id	20	Y			2022-09-07 16:40:44.297987	0	2022-09-07 16:40:44.297987	0
bf11230d64e94941b3c724c6940e10d3	0	0	539dabb40c944999ae96db7f2be1e1b6	8b2245b92dec456dae02f9157e9ffdbe	9a2cc733af5746efaf6edb4a52bb1ebd	ad_org_id	ad_org_id	ad_org_id	30	Y			2022-09-07 16:40:44.297987	0	2022-09-07 16:40:44.297987	0
5f0ff4ee29d3469cbe99f8f4763ca416	0	0	e82667e7bf9843f490db1263717cb333	8b2245b92dec456dae02f9157e9ffdbe	9a2cc733af5746efaf6edb4a52bb1ebd	value	value	value	40	Y			2022-09-07 16:40:44.297987	0	2022-09-07 16:40:44.297987	0
0154f599ea7543049ff9c03f133a7d3c	0	0	93aee46b71da4b68a3629fbcc85688ba	8b2245b92dec456dae02f9157e9ffdbe	9a2cc733af5746efaf6edb4a52bb1ebd	name	name	name	50	Y			2022-09-07 16:40:44.297987	0	2022-09-07 16:40:44.297987	0
7792b224ed564f6c9b0cc3097fdb6c86	0	0	27b6bda244484529806dc80e1db62d9b	8b2245b92dec456dae02f9157e9ffdbe	9a2cc733af5746efaf6edb4a52bb1ebd	description	description	description	60	Y			2022-09-07 16:40:44.297987	0	2022-09-07 16:40:44.297987	0
52b4728a83a144cbb7a43207befb1fc0	0	0	0a8f7107a1a54dfbbb11fafc1182d3ed	8b2245b92dec456dae02f9157e9ffdbe	9a2cc733af5746efaf6edb4a52bb1ebd	isactive	isactive	isactive	70	Y			2022-09-07 16:40:44.297987	0	2022-09-07 16:40:44.297987	0
403ceba98db549cbaad594882b72e1f6	0	0	9fd9daa48b044e09b8c95259e972b92b	8b2245b92dec456dae02f9157e9ffdbe	f15fd7a773774639bc5f766c188f916c	ad_menu_id	ad_menu_id	ad_menu_id	10	Y			2022-09-07 16:40:44.297987	0	2022-09-07 16:40:44.297987	0
dbbe4eb174154b9180eafdd145e49cda	0	0	068558ee53494791a8cd300708ccef01	8b2245b92dec456dae02f9157e9ffdbe	f15fd7a773774639bc5f766c188f916c	ad_client_id	ad_client_id	ad_client_id	20	Y			2022-09-07 16:40:44.297987	0	2022-09-07 16:40:44.297987	0
9d4207187ac844cf9d6cf8c74dd8bde0	0	0	cbc8c6860ddd488cbb9b27e7136b97d3	8b2245b92dec456dae02f9157e9ffdbe	f15fd7a773774639bc5f766c188f916c	ad_org_id	ad_org_id	ad_org_id	30	Y			2022-09-07 16:40:44.297987	0	2022-09-07 16:40:44.297987	0
f2edae1464874227833c18e910f86eee	0	0	2e04d81f87474438b1fce7c93b7a33c0	8b2245b92dec456dae02f9157e9ffdbe	f15fd7a773774639bc5f766c188f916c	parent	parent	parent	40	Y			2022-09-07 16:40:44.297987	0	2022-09-07 16:40:44.297987	0
f62340e8446640f3807acdbb782c5c14	0	0	cfe0d47f6e444868b7987318aefae2a4	8b2245b92dec456dae02f9157e9ffdbe	f15fd7a773774639bc5f766c188f916c	ad_window_id	ad_window_id	ad_window_id	50	Y			2022-09-07 16:40:44.297987	0	2022-09-07 16:40:44.297987	0
26553cf8722d45db9a177ae1531e5f20	0	0	5d4f7d6d1c1446ce920eb711184f0d4a	8b2245b92dec456dae02f9157e9ffdbe	f15fd7a773774639bc5f766c188f916c	value	value	value	60	Y			2022-09-07 16:40:44.297987	0	2022-09-07 16:40:44.297987	0
b89511c6571a4152b938499640472af2	0	0	999ee4378ba642df9cc7a9e2f3db02dd	8b2245b92dec456dae02f9157e9ffdbe	f15fd7a773774639bc5f766c188f916c	name	name	name	70	Y			2022-09-07 16:40:44.297987	0	2022-09-07 16:40:44.297987	0
ea8d84ce19a3455882f0797a69b3f9fe	0	0	ebca94014a304cc4a0df76a7c444ec64	8b2245b92dec456dae02f9157e9ffdbe	f15fd7a773774639bc5f766c188f916c	description	description	description	80	Y			2022-09-07 16:40:44.297987	0	2022-09-07 16:40:44.297987	0
6a4cad5a39a544fb8f3ee18795cac72f	0	0	da5c8814a9c044d0af59d8cc5f9ae1a6	8b2245b92dec456dae02f9157e9ffdbe	f15fd7a773774639bc5f766c188f916c	isactive	isactive	isactive	90	Y			2022-09-07 16:40:44.297987	0	2022-09-07 16:40:44.297987	0
dd40d3e7c5f24575b3835e7b603f8cd5	0	0	52bfa774c5884f29871859bbc1504cb8	8b2245b92dec456dae02f9157e9ffdbe	4b8d286d90a64ed0a6849e56986184da	ad_module_id	ad_module_id	ad_module_id	10	Y			2022-09-07 16:40:44.297987	0	2022-09-07 16:40:44.297987	0
bc0d5d37f94b4d19bb6d98025f1ea853	0	0	42bb24d11b8947f69f6136140bd5725b	8b2245b92dec456dae02f9157e9ffdbe	4b8d286d90a64ed0a6849e56986184da	ad_client_id	ad_client_id	ad_client_id	20	Y			2022-09-07 16:40:44.297987	0	2022-09-07 16:40:44.297987	0
49e13a013e6d47da9cd4a9463caa7d54	0	0	fab140a25d4343fa8236a5bfc4404e10	8b2245b92dec456dae02f9157e9ffdbe	4b8d286d90a64ed0a6849e56986184da	ad_org_id	ad_org_id	ad_org_id	30	Y			2022-09-07 16:40:44.297987	0	2022-09-07 16:40:44.297987	0
9bd544f7367a4c1299a172974ea47a7e	0	0	0940152d388e4efeacab3cc0586d4385	8b2245b92dec456dae02f9157e9ffdbe	4b8d286d90a64ed0a6849e56986184da	value	value	value	40	Y			2022-09-07 16:40:44.297987	0	2022-09-07 16:40:44.297987	0
e3b7a535c3b143a2b9d11bd4a4f5de8d	0	0	75aa479e634e4d0cba5fc945564fae23	8b2245b92dec456dae02f9157e9ffdbe	4b8d286d90a64ed0a6849e56986184da	name	name	name	50	Y			2022-09-07 16:40:44.297987	0	2022-09-07 16:40:44.297987	0
926a411218c34495ba0ee3ea6e794616	0	0	f3705ba8a11440338dbe2d91d8351c43	8b2245b92dec456dae02f9157e9ffdbe	4b8d286d90a64ed0a6849e56986184da	description	description	description	60	Y			2022-09-07 16:40:44.297987	0	2022-09-07 16:40:44.297987	0
5d4c0eb55d164eca8bedeb48c40f0c3e	0	0	387a5d2081cb4b41ac11e0cb7f586576	8b2245b92dec456dae02f9157e9ffdbe	4b8d286d90a64ed0a6849e56986184da	isactive	isactive	isactive	70	Y			2022-09-07 16:40:44.297987	0	2022-09-07 16:40:44.297987	0
538b81df498b4df6bce097e86e34b988	0	0	2b4b3d4889ef44dc8bb8f7d01c4caf3a	8b2245b92dec456dae02f9157e9ffdbe	562863b8906b40c6b35895be9fc8f433	ad_client_id	ad_client_id	ad_client_id	10	Y			2022-09-07 16:40:44.297987	0	2022-09-07 16:40:44.297987	0
a3a8ccfd731f4671a0a280e3e76ad8f9	0	0	2ddc7e4714c14958afa54656740e74d2	8b2245b92dec456dae02f9157e9ffdbe	562863b8906b40c6b35895be9fc8f433	ad_org_id	ad_org_id	ad_org_id	20	Y			2022-09-07 16:40:44.297987	0	2022-09-07 16:40:44.297987	0
3d35374090764e399a52ed8667b7daa5	0	0	4fd98bb9dd234caabf2a950b987103da	8b2245b92dec456dae02f9157e9ffdbe	562863b8906b40c6b35895be9fc8f433	isactive	isactive	isactive	30	Y			2022-09-07 16:40:44.297987	0	2022-09-07 16:40:44.297987	0
cccbd58e93e84c4789356f577f367605	0	0	d2e33f2e498a444aa8bf021ff13863d4	8b2245b92dec456dae02f9157e9ffdbe	562863b8906b40c6b35895be9fc8f433	name	name	name	40	Y			2022-09-07 16:40:44.297987	0	2022-09-07 16:40:44.297987	0
4af9d6c47bc34107bf9a2754d56b3a16	0	0	8d3e2bc638f44a1ba19e47dd4a70b70f	8b2245b92dec456dae02f9157e9ffdbe	562863b8906b40c6b35895be9fc8f433	value	value	value	50	Y			2022-09-07 16:40:44.297987	0	2022-09-07 16:40:44.297987	0
45222485049949c19a76a9ae05035f1e	0	0	525fb091aa5f406c813305362dc05e65	8b2245b92dec456dae02f9157e9ffdbe	735a899279574c45a09fbc8b42e2a9d9	ad_client_id	ad_client_id	ad_client_id	10	Y			2022-09-07 16:40:44.297987	0	2022-09-07 16:40:44.297987	0
5e15a3c4b0164a99a7641bdecb0e0f8e	0	0	362f5673362349618cd3df7e15e7f26b	8b2245b92dec456dae02f9157e9ffdbe	735a899279574c45a09fbc8b42e2a9d9	ad_module_id	ad_module_id	ad_module_id	20	Y			2022-09-07 16:40:44.297987	0	2022-09-07 16:40:44.297987	0
b98b4c95f98f45e1959bf226068029e5	0	0	cca0f62660c24d2097ae05cfebb1a1a2	8b2245b92dec456dae02f9157e9ffdbe	735a899279574c45a09fbc8b42e2a9d9	ad_org_id	ad_org_id	ad_org_id	30	Y			2022-09-07 16:40:44.297987	0	2022-09-07 16:40:44.297987	0
aba3592181384775ab9b50b21cef9598	0	0	2fbf0777224e4e95a537afee0ba89f12	8b2245b92dec456dae02f9157e9ffdbe	735a899279574c45a09fbc8b42e2a9d9	ad_package_id	ad_package_id	ad_package_id	40	Y			2022-09-07 16:40:44.297987	0	2022-09-07 16:40:44.297987	0
7502fc533fe64c9d82bbf8acef710048	0	0	11c8156285f6495e8affd9f2772613c4	8b2245b92dec456dae02f9157e9ffdbe	735a899279574c45a09fbc8b42e2a9d9	description	description	description	50	Y			2022-09-07 16:40:44.297987	0	2022-09-07 16:40:44.297987	0
16527ce63d8b4c118731ce24093782ae	0	0	70468fe3b88d4d69a099d9f4d73c72d0	8b2245b92dec456dae02f9157e9ffdbe	735a899279574c45a09fbc8b42e2a9d9	isactive	isactive	isactive	60	Y			2022-09-07 16:40:44.297987	0	2022-09-07 16:40:44.297987	0
25aec7ba53ef40318dc2529ff789ffec	0	0	fdc07f04ad0a47ad98433804bad8f015	8b2245b92dec456dae02f9157e9ffdbe	735a899279574c45a09fbc8b42e2a9d9	name	name	name	70	Y			2022-09-07 16:40:44.297987	0	2022-09-07 16:40:44.297987	0
bcf256b8c33646b5a99b5158e920865e	0	0	bd48dd54de1f42339fe509e2e0d8556f	8b2245b92dec456dae02f9157e9ffdbe	735a899279574c45a09fbc8b42e2a9d9	value	value	value	80	Y			2022-09-07 16:40:44.297987	0	2022-09-07 16:40:44.297987	0
36d7d4cdb4d144b588262050e8b112f4	0	0	c2671a04a2a046cf852b82d2648e1642	8b2245b92dec456dae02f9157e9ffdbe	1109d64a66aa4dae8b84451405fe20b6	ad_client_id	ad_client_id	ad_client_id	10	Y			2022-10-18 15:28:44.608764	0	2022-10-18 15:28:44.608764	0
fd811354ebcb41738cdcecbb29dc054b	0	0	38c9ff79f8724d5b9bca95d8a0ac105b	8b2245b92dec456dae02f9157e9ffdbe	1109d64a66aa4dae8b84451405fe20b6	ad_org_id	ad_org_id	ad_org_id	20	Y			2022-10-18 15:28:44.608764	0	2022-10-18 15:28:44.608764	0
7824b8525adc419c94b70f68ffbbc53a	0	0	b55b6c75bf3446a390addd0437473f95	8b2245b92dec456dae02f9157e9ffdbe	1109d64a66aa4dae8b84451405fe20b6	isactive	isactive	isactive	30	Y			2022-10-18 15:28:44.608764	0	2022-10-18 15:28:44.608764	0
12b7797b96f14a9aa48de442795adc1d	0	0	ae71f6987a794fcfab4e926a6fd723f7	8b2245b92dec456dae02f9157e9ffdbe	1109d64a66aa4dae8b84451405fe20b6	m_product_category_id	m_product_category_id	m_product_category_id	40	Y			2022-10-18 15:28:44.608764	0	2022-10-18 15:28:44.608764	0
03d99859120143928c45831ccec2c3c3	0	0	4e385e869e1249b28c4b9f5b6e24f61a	8b2245b92dec456dae02f9157e9ffdbe	1109d64a66aa4dae8b84451405fe20b6	m_product_id	m_product_id	m_product_id	50	Y			2022-10-18 15:28:44.608764	0	2022-10-18 15:28:44.608764	0
7600faca00e84bdfb388d3207788462b	0	0	9302fd09f25546dc903c55f524a85633	8b2245b92dec456dae02f9157e9ffdbe	1109d64a66aa4dae8b84451405fe20b6	name	name	name	60	Y			2022-10-18 15:28:44.608764	0	2022-10-18 15:28:44.608764	0
e09c4366ce5b424eb16d54ae8d9e6b72	0	0	585075b96488456fa1e24ae12e95f1fd	8b2245b92dec456dae02f9157e9ffdbe	1109d64a66aa4dae8b84451405fe20b6	value	value	value	70	Y			2022-10-18 15:28:44.608764	0	2022-10-18 15:28:44.608764	0
da295206487f44e58ac570d4d4a5875a	0	0	af8b894253c1461bac39c5aef3f24c4a	8b2245b92dec456dae02f9157e9ffdbe	05c71d0d70f54ec79ededde043b727a9	ad_client_id	ad_client_id	ad_client_id	10	Y			2022-10-18 15:28:44.608764	0	2022-10-18 15:28:44.608764	0
33283b24a45940b0bf84a61a69b7d45e	0	0	3a01d15c6ac449a3bcae286c355813f5	8b2245b92dec456dae02f9157e9ffdbe	05c71d0d70f54ec79ededde043b727a9	ad_org_id	ad_org_id	ad_org_id	20	Y			2022-10-18 15:28:44.608764	0	2022-10-18 15:28:44.608764	0
6c25d6af572f412db6c06050a718e43f	0	0	0f5266ee2b1241d7b9e58c35ada53551	8b2245b92dec456dae02f9157e9ffdbe	05c71d0d70f54ec79ededde043b727a9	isactive	isactive	isactive	30	Y			2022-10-18 15:28:44.608764	0	2022-10-18 15:28:44.608764	0
ad9880ca56334fef8c138a81b2278d02	0	0	0fafe24a747549c4854b4ab5374eede0	8b2245b92dec456dae02f9157e9ffdbe	05c71d0d70f54ec79ededde043b727a9	m_product_category_id	m_product_category_id	m_product_category_id	40	Y			2022-10-18 15:28:44.608764	0	2022-10-18 15:28:44.608764	0
3a2c419cce4c4d719e167e36467401b3	0	0	2927c5e422c64ef39e1d64266000546f	8b2245b92dec456dae02f9157e9ffdbe	05c71d0d70f54ec79ededde043b727a9	name	name	name	50	Y			2022-10-18 15:28:44.608764	0	2022-10-18 15:28:44.608764	0
cd54e93cd44d4f7b903af2e15948b1d7	0	0	2488f9c5cd3249978d5d15463d02287e	8b2245b92dec456dae02f9157e9ffdbe	05c71d0d70f54ec79ededde043b727a9	value	value	value	60	Y			2022-10-18 15:28:44.608764	0	2022-10-18 15:28:44.608764	0
3980d378b1834e61b9ad3c1bb92a523c	0	0	56e21c379428481ea85afa1c7aed23f9	8b2245b92dec456dae02f9157e9ffdbe	1109d64a66aa4dae8b84451405fe20b6	price	Price	Price	80	Y			2022-10-18 18:34:01.013149	0	2022-10-18 18:35:02.602311	0
20de4240b8aa4704970925c530e9bfc3	0	0	44961cec5db0465187a2a1cbb2ffd05e	8b2245b92dec456dae02f9157e9ffdbe	1109d64a66aa4dae8b84451405fe20b6	c_uom_id	Measure	Measure	90	Y			2022-10-18 18:40:21.748835	0	2022-10-18 18:40:21.748835	0
513a205389d94f4cafe8d5a097b9e9e6	0	0	3639ae7aac804b209123cf1a7e97aefc	8b2245b92dec456dae02f9157e9ffdbe	564352f513f746d293b52435b2f01bf7	ad_client_id	ad_client_id	ad_client_id	10	Y			2022-10-18 18:55:46.064524	0	2022-10-18 18:55:46.064524	0
9dd97c674b334556815c6ff7e7ccd8c9	0	0	f7b87bb9c7fa4493b04c1d2cb6bb5bac	8b2245b92dec456dae02f9157e9ffdbe	564352f513f746d293b52435b2f01bf7	ad_org_id	ad_org_id	ad_org_id	20	Y			2022-10-18 18:55:46.064524	0	2022-10-18 18:55:46.064524	0
0390d85a784c4195ba38be026c8db856	0	0	f4d110e749e1471b9aa3657b6d51bc1a	8b2245b92dec456dae02f9157e9ffdbe	564352f513f746d293b52435b2f01bf7	c_uom_id	c_uom_id	c_uom_id	30	Y			2022-10-18 18:55:46.064524	0	2022-10-18 18:55:46.064524	0
725b3a4e81e9465eb67bed39b82a7f95	0	0	34e7df78ab514c95b247c48e7ca89ec7	8b2245b92dec456dae02f9157e9ffdbe	564352f513f746d293b52435b2f01bf7	isactive	isactive	isactive	40	Y			2022-10-18 18:55:46.064524	0	2022-10-18 18:55:46.064524	0
eafef2cdce1f4e7b939e2b0f220bc669	0	0	192f0e8ee5684f0cb54cc5b5871082e6	8b2245b92dec456dae02f9157e9ffdbe	564352f513f746d293b52435b2f01bf7	name	name	name	50	Y			2022-10-18 18:55:46.064524	0	2022-10-18 18:55:46.064524	0
e37b6b7a80514fa0baf79b19eabc231b	0	0	c0a526fa06e745efb3dc47b4c331c1ea	8b2245b92dec456dae02f9157e9ffdbe	564352f513f746d293b52435b2f01bf7	value	value	value	60	Y			2022-10-18 18:55:46.064524	0	2022-10-18 18:55:46.064524	0
c2e0e3ed82634d6ea562b438a4c7c839	0	0	e043a5fb63784ccbad794278c508d340	8b2245b92dec456dae02f9157e9ffdbe	1109d64a66aa4dae8b84451405fe20b6	cost	Cost	Cost	100	Y			2022-10-18 19:02:33.110636	0	2022-10-18 19:02:33.110636	0
496002a6f9274f2d8f3bcd6c6c6a63db	0	0	9981356ff1294d898d67961c3405250f	8b2245b92dec456dae02f9157e9ffdbe	1109d64a66aa4dae8b84451405fe20b6	qty	Qty	Qty	110	Y			2022-10-18 19:03:13.375495	0	2022-10-18 19:03:13.375495	0
20962cd46c424f46844f26a0240e77e5	0	0	ec68838f73dc453db0e8f08948086927	8b2245b92dec456dae02f9157e9ffdbe	1109d64a66aa4dae8b84451405fe20b6	image	Image	Image	120	Y			2022-10-18 19:24:41.318782	0	2022-10-18 19:24:41.318782	0
ce04de276110404ebd617593a3f9f89b	0	0	e105c014c67941b9ab639bd9709ecaa5	8b2245b92dec456dae02f9157e9ffdbe	da0820212b254ad2b2e9b92b5195ee39	ad_client_id	ad_client_id	ad_client_id	10	Y			2022-10-19 18:18:19.372273	0	2022-10-19 18:18:19.372273	0
da1a16630d864653b09ca5852d9a8498	0	0	c2beb75d4ba847e29f7dd2404f2203d2	8b2245b92dec456dae02f9157e9ffdbe	da0820212b254ad2b2e9b92b5195ee39	ad_org_id	ad_org_id	ad_org_id	20	Y			2022-10-19 18:18:19.372273	0	2022-10-19 18:18:19.372273	0
46740cf14bba41bcb8a0193e8aa47caa	0	0	c9fe08e4805c4395b852c62c01d63fef	8b2245b92dec456dae02f9157e9ffdbe	da0820212b254ad2b2e9b92b5195ee39	fin_paymentmethod_id	fin_paymentmethod_id	fin_paymentmethod_id	30	Y			2022-10-19 18:18:19.372273	0	2022-10-19 18:18:19.372273	0
99a9fe40627b44eeb3845aa4f7799515	0	0	5286f9383a214b6dab84ee17cfc724f4	8b2245b92dec456dae02f9157e9ffdbe	da0820212b254ad2b2e9b92b5195ee39	isactive	isactive	isactive	40	Y			2022-10-19 18:18:19.372273	0	2022-10-19 18:18:19.372273	0
09119f2dc6eb412ea5608593806f78d3	0	0	71bfdb97cf3f4b05828cb45b06d690fe	8b2245b92dec456dae02f9157e9ffdbe	da0820212b254ad2b2e9b92b5195ee39	name	name	name	50	Y			2022-10-19 18:18:19.372273	0	2022-10-19 18:18:19.372273	0
0673766ee200435d9bfcedd4653e644a	0	0	3d914a98199e44888f6b4d287919ec27	8b2245b92dec456dae02f9157e9ffdbe	da0820212b254ad2b2e9b92b5195ee39	value	value	value	60	Y			2022-10-19 18:18:19.372273	0	2022-10-19 18:18:19.372273	0
\.


--
-- Data for Name: ad_field_group; Type: TABLE DATA; Schema: public; Owner: admin
--

COPY public.ad_field_group (ad_field_group_id, ad_client_id, ad_org_id, value, name, description, isactive, created, createdby, updated, updatedby) FROM stdin;
8b2245b92dec456dae02f9157e9ffdbe	0	0	General	General	Datos Generales	Y	2022-09-05 18:56:06.726323	0	2022-09-05 18:56:06.726323	0
\.


--
-- Data for Name: ad_menu; Type: TABLE DATA; Schema: public; Owner: admin
--

COPY public.ad_menu (ad_menu_id, ad_client_id, ad_org_id, parent, ad_window_id, value, name, description, isactive, created, createdby, updated, updatedby) FROM stdin;
0	0	0	\N	\N	root	Menu	Menu principal	Y	2022-09-05 18:56:06.726323	0	2022-09-05 18:56:06.726323	0
2b7fc84b1a694486933e6ecad117f2d4	0	0	0	1acb589887bd4412a5b0d165c21a2978	ad_user	Usuario	Catalogo de Usuarios	Y	2022-09-05 18:56:06.726323	0	2022-09-05 18:56:06.726323	0
f82ee29baab049d3891a78d8ab48c654	0	0	0	588b343e92504703815b34ea76bc67c0	ad_table	Tabla	Catalogo de Tablas	Y	2022-09-05 18:56:06.726323	0	2022-09-05 18:56:06.726323	0
e5c39544eed04058901d7f478c473c3c	0	0	0	35e8c0f91d314ed9965afaa3a9129a64	ad_window	Ventana	Catalogo de Ventanas	Y	2022-09-05 18:56:06.726323	0	2022-09-05 18:56:06.726323	0
6a04c4948cb3472f901db507e3398afb	0	0	0	ad4987daf8304c4683f84dd809062b7c	ad_client	Menuad_client	Menu Description: ad_client	Y	2022-09-07 16:40:44.297987	0	2022-09-07 16:40:44.297987	0
8a2f975af15c4e46a89693feea68ccf7	0	0	0	00dd80c7bf9c48e89c3db3098cc8fe09	ad_datatype	Menuad_datatype	Menu Description: ad_datatype	Y	2022-09-07 16:40:44.297987	0	2022-09-07 16:40:44.297987	0
4b96118f6bff4f81bff5a1f3cad0e608	0	0	0	eed0adf5f3d54945850bad4510a97090	ad_field_group	Menuad_field_group	Menu Description: ad_field_group	Y	2022-09-07 16:40:44.297987	0	2022-09-07 16:40:44.297987	0
b44ee344ced64b9ebe99d6286ae71fcf	0	0	0	32d0926d2fbc4ba695460d23c3ca5fdc	ad_menu	Menuad_menu	Menu Description: ad_menu	Y	2022-09-07 16:40:44.297987	0	2022-09-07 16:40:44.297987	0
19367260bc9e4cd68d9417f39ea71eba	0	0	0	a08da98be132496f84ad22a576083027	ad_module	Menuad_module	Menu Description: ad_module	Y	2022-09-07 16:40:44.297987	0	2022-09-07 16:40:44.297987	0
8722052096fc4aeda407863f2ef43c09	0	0	0	bbd40e22c67548f5801ba65ffd7dfdd5	ad_org	Menuad_org	Menu Description: ad_org	Y	2022-09-07 16:40:44.297987	0	2022-09-07 16:40:44.297987	0
49f663d91d3c4a4d96673d5208ed5236	0	0	0	b6d1874fa2c8464e8b6f2a059c0f94f7	ad_package	Menuad_package	Menu Description: ad_package	Y	2022-09-07 16:40:44.297987	0	2022-09-07 16:40:44.297987	0
5265dc4a583840d4bb10beb3bdd4b11d	0	0	0	67d83c4b52e14bb2886eef8ea4e96b1b	m_product	Menum_product	Menu Description: m_product	Y	2022-10-18 15:28:44.608764	0	2022-10-18 15:28:44.608764	0
7a8333f0c62c4d1392f52a98d6bba55c	0	0	0	2319e752982d4cf59efd8b36115ae3ef	m_product_category	Menum_product_category	Menu Description: m_product_category	Y	2022-10-18 15:28:44.608764	0	2022-10-18 15:28:44.608764	0
423e8029c3ce4586bd95c695c07a8062	0	0	0	0e7ad99a2ac4435eb1ef80053d2179d0	c_uom	Menuc_uom	Menu Description: c_uom	Y	2022-10-18 18:55:46.064524	0	2022-10-18 18:55:46.064524	0
ddf12ffeedd7489f8ff8e55e5465be70	0	0	0	8dd926626a3a46e287cb973ca2d0cdc4	fin_paymentmethod	Menufin_paymentmethod	Menu Description: fin_paymentmethod	Y	2022-10-19 18:18:19.372273	0	2022-10-19 18:18:19.372273	0
\.


--
-- Data for Name: ad_module; Type: TABLE DATA; Schema: public; Owner: admin
--

COPY public.ad_module (ad_module_id, ad_client_id, ad_org_id, value, name, description, isactive, created, createdby, updated, updatedby) FROM stdin;
0	0	0	M00001	Core	Core Module	Y	2022-09-05 18:56:06.726323	0	2022-09-05 18:56:06.726323	0
\.


--
-- Data for Name: ad_org; Type: TABLE DATA; Schema: public; Owner: admin
--

COPY public.ad_org (ad_org_id, ad_client_id, value, name, isactive, created, createdby, updated, updatedby) FROM stdin;
0	0	0	*	Y	2022-09-05 18:56:06.726323	0	2022-09-05 18:56:06.726323	0
\.


--
-- Data for Name: ad_package; Type: TABLE DATA; Schema: public; Owner: admin
--

COPY public.ad_package (ad_package_id, ad_client_id, ad_org_id, ad_module_id, value, name, description, isactive, created, createdby, updated, updatedby) FROM stdin;
0	0	0	0	PKG001	Core Pkg	Core Pkg	Y	2022-09-05 18:56:06.726323	0	2022-09-05 18:56:06.726323	0
\.


--
-- Data for Name: ad_tab; Type: TABLE DATA; Schema: public; Owner: admin
--

COPY public.ad_tab (ad_tab_id, ad_client_id, ad_org_id, ad_window_id, ad_tab_parent_id, value, name, description, "position", isactive, btn_getfield, created, createdby, updated, updatedby) FROM stdin;
4b9dcfdf4e06409fbf9fa4fe508cb102	0	0	1acb589887bd4412a5b0d165c21a2978	\N	ad_user	Usuario	Datos Generales	10	Y	Y	2022-09-05 18:56:06.726323	0	2022-09-05 18:56:06.726323	0
1e89db4bbf774b0b99b12637e5e84950	0	0	588b343e92504703815b34ea76bc67c0	\N	ad_table	Tabla	Datos Tabla	10	Y	Y	2022-09-05 18:56:06.726323	0	2022-09-05 18:56:06.726323	0
cd5ae83892a74b018d0803984887c322	0	0	588b343e92504703815b34ea76bc67c0	1e89db4bbf774b0b99b12637e5e84950	ad_column	Columna	Datos Columna	20	Y	Y	2022-09-05 18:56:06.726323	0	2022-09-05 18:56:06.726323	0
b3327be6a3a24ee196482469a71df291	0	0	35e8c0f91d314ed9965afaa3a9129a64	\N	ad_window	Ventana	Datos Ventana	10	Y	Y	2022-09-05 18:56:06.726323	0	2022-09-05 18:56:06.726323	0
7f6f41364f02461eab90bd09a13a5fca	0	0	35e8c0f91d314ed9965afaa3a9129a64	b3327be6a3a24ee196482469a71df291	ad_tab	Pestana	Datos Pestana	20	Y	Y	2022-09-05 18:56:06.726323	0	2022-09-05 18:56:06.726323	0
fe9b0705e9fc47b29cb0e6c5e740025e	0	0	35e8c0f91d314ed9965afaa3a9129a64	7f6f41364f02461eab90bd09a13a5fca	ad_field	Campo	Datos Campo	30	Y	Y	2022-09-05 18:56:06.726323	0	2022-09-05 18:56:06.726323	0
0d100c5d1a5846bfb4dcdac832159f3a	0	0	ad4987daf8304c4683f84dd809062b7c	\N	ad_client	Tab: ad_client	Tab Description: ad_client	10	Y	Y	2022-09-07 16:40:44.297987	0	2022-09-07 16:40:44.297987	0
d94177d349444690be4047ec1f9d599d	0	0	00dd80c7bf9c48e89c3db3098cc8fe09	\N	ad_datatype	Tab: ad_datatype	Tab Description: ad_datatype	10	Y	Y	2022-09-07 16:40:44.297987	0	2022-09-07 16:40:44.297987	0
9a2cc733af5746efaf6edb4a52bb1ebd	0	0	eed0adf5f3d54945850bad4510a97090	\N	ad_field_group	Tab: ad_field_group	Tab Description: ad_field_group	10	Y	Y	2022-09-07 16:40:44.297987	0	2022-09-07 16:40:44.297987	0
f15fd7a773774639bc5f766c188f916c	0	0	32d0926d2fbc4ba695460d23c3ca5fdc	\N	ad_menu	Tab: ad_menu	Tab Description: ad_menu	10	Y	Y	2022-09-07 16:40:44.297987	0	2022-09-07 16:40:44.297987	0
4b8d286d90a64ed0a6849e56986184da	0	0	a08da98be132496f84ad22a576083027	\N	ad_module	Tab: ad_module	Tab Description: ad_module	10	Y	Y	2022-09-07 16:40:44.297987	0	2022-09-07 16:40:44.297987	0
562863b8906b40c6b35895be9fc8f433	0	0	bbd40e22c67548f5801ba65ffd7dfdd5	\N	ad_org	Tab: ad_org	Tab Description: ad_org	10	Y	Y	2022-09-07 16:40:44.297987	0	2022-09-07 16:40:44.297987	0
735a899279574c45a09fbc8b42e2a9d9	0	0	b6d1874fa2c8464e8b6f2a059c0f94f7	\N	ad_package	Tab: ad_package	Tab Description: ad_package	10	Y	Y	2022-09-07 16:40:44.297987	0	2022-09-07 16:40:44.297987	0
1109d64a66aa4dae8b84451405fe20b6	0	0	67d83c4b52e14bb2886eef8ea4e96b1b	\N	m_product	Tab: m_product	Tab Description: m_product	10	Y	Y	2022-10-18 15:28:44.608764	0	2022-10-18 15:28:44.608764	0
05c71d0d70f54ec79ededde043b727a9	0	0	2319e752982d4cf59efd8b36115ae3ef	\N	m_product_category	Tab: m_product_category	Tab Description: m_product_category	10	Y	Y	2022-10-18 15:28:44.608764	0	2022-10-18 15:28:44.608764	0
564352f513f746d293b52435b2f01bf7	0	0	0e7ad99a2ac4435eb1ef80053d2179d0	\N	c_uom	Tab: c_uom	Tab Description: c_uom	10	Y	Y	2022-10-18 18:55:46.064524	0	2022-10-18 18:55:46.064524	0
da0820212b254ad2b2e9b92b5195ee39	0	0	8dd926626a3a46e287cb973ca2d0cdc4	\N	fin_paymentmethod	Tab: fin_paymentmethod	Tab Description: fin_paymentmethod	10	Y	Y	2022-10-19 18:18:19.372273	0	2022-10-19 18:18:19.372273	0
\.


--
-- Data for Name: ad_table; Type: TABLE DATA; Schema: public; Owner: admin
--

COPY public.ad_table (ad_table_id, ad_client_id, ad_org_id, ad_package_id, value, name, description, isactive, btn_getcol, created, createdby, updated, updatedby) FROM stdin;
ad6432cb140349a1ab8de7975d0dabe5	0	0	0	ad_user	Usuario	Catalogo de Usuarios	Y	Y	2022-09-05 18:56:06.726323	0	2022-09-05 18:56:06.726323	0
5db578ac25324d488e6247121df02992	0	0	0	ad_table	Tabla	Catalogo de Tablas	Y	Y	2022-09-05 18:56:06.726323	0	2022-09-05 18:56:06.726323	0
61c0e80277a445058cb4d1f23247fa7d	0	0	0	ad_column	Columna	Catalogo de Columnas	Y	Y	2022-09-05 18:56:06.726323	0	2022-09-05 18:56:06.726323	0
9ce79f7c82af48f28a2acf93154a4ee6	0	0	0	ad_window	Window	Catalogo de Ventana	Y	Y	2022-09-05 18:56:06.726323	0	2022-09-05 18:56:06.726323	0
e73ff25199104a259d5b57eeab2772f3	0	0	0	ad_tab	Tab	Catalogo de Pestana	Y	Y	2022-09-05 18:56:06.726323	0	2022-09-05 18:56:06.726323	0
cb7de80db72344b8a7f293193cf86f02	0	0	0	ad_field	Field	Catalogo de Campo	Y	Y	2022-09-05 18:56:06.726323	0	2022-09-05 18:56:06.726323	0
1f92bae89e204302aaa4d1ab922f5201	0	0	0	ad_client	Name: ad_client	Dscription: ad_client	Y	Y	2022-09-07 16:40:44.297987	0	2022-09-07 16:40:44.297987	0
0407249055a94757af9f8ec2ab262a47	0	0	0	ad_datatype	Name: ad_datatype	Dscription: ad_datatype	Y	Y	2022-09-07 16:40:44.297987	0	2022-09-07 16:40:44.297987	0
f19ed3aad9e848cbb4b065fd07caf31f	0	0	0	ad_field_group	Name: ad_field_group	Dscription: ad_field_group	Y	Y	2022-09-07 16:40:44.297987	0	2022-09-07 16:40:44.297987	0
63d0410f65a6426eb069285bc47eecea	0	0	0	ad_menu	Name: ad_menu	Dscription: ad_menu	Y	Y	2022-09-07 16:40:44.297987	0	2022-09-07 16:40:44.297987	0
c91eda025de94ef39b4706d92af057b2	0	0	0	ad_module	Name: ad_module	Dscription: ad_module	Y	Y	2022-09-07 16:40:44.297987	0	2022-09-07 16:40:44.297987	0
9c608ba5fd1649b1b552e4bd6b3dede9	0	0	0	ad_org	Name: ad_org	Dscription: ad_org	Y	Y	2022-09-07 16:40:44.297987	0	2022-09-07 16:40:44.297987	0
0831f8d09bfa4f0f80636b402b2c5d96	0	0	0	ad_package	Name: ad_package	Dscription: ad_package	Y	Y	2022-09-07 16:40:44.297987	0	2022-09-07 16:40:44.297987	0
1b072496ae9d4f6489ecb008c707ed43	0	0	0	m_product	Name: m_product	Dscription: m_product	Y	Y	2022-10-18 15:28:44.608764	0	2022-10-18 15:28:44.608764	0
f49921ad8d4a4d99bdad0e50a0675f56	0	0	0	m_product_category	Name: m_product_category	Dscription: m_product_category	Y	Y	2022-10-18 15:28:44.608764	0	2022-10-18 15:28:44.608764	0
bd56ea4a9f4241739437f294a5cfc9a8	0	0	0	c_uom	Name: c_uom	Dscription: c_uom	Y	Y	2022-10-18 18:55:46.064524	0	2022-10-18 18:55:46.064524	0
23ab1f87459340a5b0cde5b9c349c16f	0	0	0	fin_paymentmethod	Name: fin_paymentmethod	Dscription: fin_paymentmethod	Y	Y	2022-10-19 18:18:19.372273	0	2022-10-19 18:18:19.372273	0
\.


--
-- Data for Name: ad_user; Type: TABLE DATA; Schema: public; Owner: admin
--

COPY public.ad_user (ad_user_id, ad_client_id, ad_org_id, value, name, password, email, first_name, last_name, phone_number, birth_date, image, device, device_model, so, so_version, isactive, created, createdby, updated, updatedby) FROM stdin;
0	0	0	U00001	admin	$2a$10$ailMVjeYYsDs9YZ3t6ujG.KqbvVDXzaJNZR4Q.KXo8SWyCiSJsqN2	ejcarranzap@gmail.com	Administrador	jon	\N	1985-08-28 00:00:00	1662687732304-317710-7e7da6b1a3930bc3.png	\N	\N	\N	\N	Y	2022-09-05 18:56:06.726323	0	2022-09-09 14:19:12.005422	0
\.


--
-- Data for Name: ad_window; Type: TABLE DATA; Schema: public; Owner: admin
--

COPY public.ad_window (ad_window_id, ad_client_id, ad_org_id, value, name, description, isactive, created, createdby, updated, updatedby) FROM stdin;
1acb589887bd4412a5b0d165c21a2978	0	0	ad_user	Usuario	Catalogo de Usuarios	Y	2022-09-05 18:56:06.726323	0	2022-09-05 18:56:06.726323	0
588b343e92504703815b34ea76bc67c0	0	0	ad_table	Tabla	Catalogo de Tablas	Y	2022-09-05 18:56:06.726323	0	2022-09-05 18:56:06.726323	0
35e8c0f91d314ed9965afaa3a9129a64	0	0	ad_window	Ventana	Catalogo de Ventana	Y	2022-09-05 18:56:06.726323	0	2022-09-05 18:56:06.726323	0
ad4987daf8304c4683f84dd809062b7c	0	0	ad_client	Win Name: ad_client	Win Description: ad_client	Y	2022-09-07 16:40:44.297987	0	2022-09-07 16:40:44.297987	0
00dd80c7bf9c48e89c3db3098cc8fe09	0	0	ad_datatype	Win Name: ad_datatype	Win Description: ad_datatype	Y	2022-09-07 16:40:44.297987	0	2022-09-07 16:40:44.297987	0
eed0adf5f3d54945850bad4510a97090	0	0	ad_field_group	Win Name: ad_field_group	Win Description: ad_field_group	Y	2022-09-07 16:40:44.297987	0	2022-09-07 16:40:44.297987	0
32d0926d2fbc4ba695460d23c3ca5fdc	0	0	ad_menu	Win Name: ad_menu	Win Description: ad_menu	Y	2022-09-07 16:40:44.297987	0	2022-09-07 16:40:44.297987	0
a08da98be132496f84ad22a576083027	0	0	ad_module	Win Name: ad_module	Win Description: ad_module	Y	2022-09-07 16:40:44.297987	0	2022-09-07 16:40:44.297987	0
bbd40e22c67548f5801ba65ffd7dfdd5	0	0	ad_org	Win Name: ad_org	Win Description: ad_org	Y	2022-09-07 16:40:44.297987	0	2022-09-07 16:40:44.297987	0
b6d1874fa2c8464e8b6f2a059c0f94f7	0	0	ad_package	Win Name: ad_package	Win Description: ad_package	Y	2022-09-07 16:40:44.297987	0	2022-09-07 16:40:44.297987	0
67d83c4b52e14bb2886eef8ea4e96b1b	0	0	m_product	Win Name: m_product	Win Description: m_product	Y	2022-10-18 15:28:44.608764	0	2022-10-18 15:28:44.608764	0
2319e752982d4cf59efd8b36115ae3ef	0	0	m_product_category	Win Name: m_product_category	Win Description: m_product_category	Y	2022-10-18 15:28:44.608764	0	2022-10-18 15:28:44.608764	0
0e7ad99a2ac4435eb1ef80053d2179d0	0	0	c_uom	Win Name: c_uom	Win Description: c_uom	Y	2022-10-18 18:55:46.064524	0	2022-10-18 18:55:46.064524	0
8dd926626a3a46e287cb973ca2d0cdc4	0	0	fin_paymentmethod	Win Name: fin_paymentmethod	Win Description: fin_paymentmethod	Y	2022-10-19 18:18:19.372273	0	2022-10-19 18:18:19.372273	0
\.


--
-- Data for Name: c_bpartner; Type: TABLE DATA; Schema: public; Owner: admin
--

COPY public.c_bpartner (c_bpartner_id, ad_org_id, ad_client_id, isactive, created, createdby, updated, updatedby, value, name, last, taxid, uid, email, iscustomer, isvendor) FROM stdin;
\.


--
-- Data for Name: c_order; Type: TABLE DATA; Schema: public; Owner: admin
--

COPY public.c_order (c_order_id, ad_org_id, ad_client_id, c_bpartner_id, isactive, issotrx, created, createdby, updated, updatedby, dateordered, documentno, series, comment) FROM stdin;
\.


--
-- Data for Name: c_orderline; Type: TABLE DATA; Schema: public; Owner: admin
--

COPY public.c_orderline (c_orderline_id, c_order_id, ad_org_id, ad_client_id, m_product_id, c_uom_id, isactive, created, createdby, updated, updatedby, qty, cost, price) FROM stdin;
\.


--
-- Data for Name: c_uom; Type: TABLE DATA; Schema: public; Owner: admin
--

COPY public.c_uom (c_uom_id, ad_org_id, ad_client_id, isactive, created, createdby, updated, updatedby, value, name) FROM stdin;
\.


--
-- Data for Name: fin_cashup; Type: TABLE DATA; Schema: public; Owner: admin
--

COPY public.fin_cashup (fin_cashup_id, ad_org_id, ad_client_id, isactive, created, createdby, updated, updatedby, cashupdate, documentno, series, comment) FROM stdin;
\.


--
-- Data for Name: fin_cashupline; Type: TABLE DATA; Schema: public; Owner: admin
--

COPY public.fin_cashupline (fin_cashupline_id, fin_cashup_id, fin_cashupmtype_id, fin_paymentmethod_id, ad_org_id, ad_client_id, reference, isactive, created, createdby, updated, updatedby, amount, comment) FROM stdin;
\.


--
-- Data for Name: fin_cashupmtype; Type: TABLE DATA; Schema: public; Owner: admin
--

COPY public.fin_cashupmtype (fin_cashupmtype_id, ad_org_id, ad_client_id, isactive, created, createdby, updated, updatedby, value, name) FROM stdin;
\.


--
-- Data for Name: fin_paymentmethod; Type: TABLE DATA; Schema: public; Owner: admin
--

COPY public.fin_paymentmethod (fin_paymentmethod_id, ad_org_id, ad_client_id, isactive, created, createdby, updated, updatedby, value, name) FROM stdin;
e4d246447f0d46b8a1dfb0401abb93ab	0	0	Y	2022-10-19 18:32:35.832431	0	2022-10-19 18:32:35.832431	0	CASH	CASH
\.


--
-- Data for Name: m_movement; Type: TABLE DATA; Schema: public; Owner: admin
--

COPY public.m_movement (m_movement_id, ad_org_id, ad_client_id, m_movementtype_id, isactive, created, createdby, updated, updatedby, movementdate, documentno, series, comment) FROM stdin;
\.


--
-- Data for Name: m_movementline; Type: TABLE DATA; Schema: public; Owner: admin
--

COPY public.m_movementline (m_movementline_id, m_movement_id, ad_org_id, ad_client_id, m_product_id, c_uom_id, isactive, created, createdby, updated, updatedby, qty, cost, price) FROM stdin;
\.


--
-- Data for Name: m_movementtype; Type: TABLE DATA; Schema: public; Owner: admin
--

COPY public.m_movementtype (m_movementtype_id, ad_org_id, ad_client_id, isactive, created, createdby, updated, updatedby, value, name) FROM stdin;
\.


--
-- Data for Name: m_product; Type: TABLE DATA; Schema: public; Owner: admin
--

COPY public.m_product (m_product_id, ad_org_id, ad_client_id, m_product_category_id, c_uom_id, isactive, created, createdby, updated, updatedby, value, name, price, cost, qty, image) FROM stdin;
\.


--
-- Data for Name: m_product_category; Type: TABLE DATA; Schema: public; Owner: admin
--

COPY public.m_product_category (m_product_category_id, ad_org_id, ad_client_id, isactive, created, createdby, updated, updatedby, value, name) FROM stdin;
\.


--
-- Name: ad_client ad_client_key; Type: CONSTRAINT; Schema: public; Owner: admin
--

ALTER TABLE ONLY public.ad_client
    ADD CONSTRAINT ad_client_key PRIMARY KEY (ad_client_id);


--
-- Name: ad_column ad_column_key; Type: CONSTRAINT; Schema: public; Owner: admin
--

ALTER TABLE ONLY public.ad_column
    ADD CONSTRAINT ad_column_key PRIMARY KEY (ad_column_id);


--
-- Name: ad_column ad_column_unique; Type: CONSTRAINT; Schema: public; Owner: admin
--

ALTER TABLE ONLY public.ad_column
    ADD CONSTRAINT ad_column_unique UNIQUE (ad_table_id, value);


--
-- Name: ad_datatype ad_datatype_key; Type: CONSTRAINT; Schema: public; Owner: admin
--

ALTER TABLE ONLY public.ad_datatype
    ADD CONSTRAINT ad_datatype_key PRIMARY KEY (ad_datatype_id);


--
-- Name: ad_datatype ad_datatype_unique; Type: CONSTRAINT; Schema: public; Owner: admin
--

ALTER TABLE ONLY public.ad_datatype
    ADD CONSTRAINT ad_datatype_unique UNIQUE (value);


--
-- Name: ad_field_group ad_field_group_key; Type: CONSTRAINT; Schema: public; Owner: admin
--

ALTER TABLE ONLY public.ad_field_group
    ADD CONSTRAINT ad_field_group_key PRIMARY KEY (ad_field_group_id);


--
-- Name: ad_field ad_field_key; Type: CONSTRAINT; Schema: public; Owner: admin
--

ALTER TABLE ONLY public.ad_field
    ADD CONSTRAINT ad_field_key PRIMARY KEY (ad_field_id);


--
-- Name: ad_menu ad_menu_key; Type: CONSTRAINT; Schema: public; Owner: admin
--

ALTER TABLE ONLY public.ad_menu
    ADD CONSTRAINT ad_menu_key PRIMARY KEY (ad_menu_id);


--
-- Name: ad_module ad_module_key; Type: CONSTRAINT; Schema: public; Owner: admin
--

ALTER TABLE ONLY public.ad_module
    ADD CONSTRAINT ad_module_key PRIMARY KEY (ad_module_id);


--
-- Name: ad_org ad_org_key; Type: CONSTRAINT; Schema: public; Owner: admin
--

ALTER TABLE ONLY public.ad_org
    ADD CONSTRAINT ad_org_key PRIMARY KEY (ad_org_id);


--
-- Name: ad_package ad_package_key; Type: CONSTRAINT; Schema: public; Owner: admin
--

ALTER TABLE ONLY public.ad_package
    ADD CONSTRAINT ad_package_key PRIMARY KEY (ad_package_id);


--
-- Name: ad_tab ad_tab_key; Type: CONSTRAINT; Schema: public; Owner: admin
--

ALTER TABLE ONLY public.ad_tab
    ADD CONSTRAINT ad_tab_key PRIMARY KEY (ad_tab_id);


--
-- Name: ad_table ad_table_key; Type: CONSTRAINT; Schema: public; Owner: admin
--

ALTER TABLE ONLY public.ad_table
    ADD CONSTRAINT ad_table_key PRIMARY KEY (ad_table_id);


--
-- Name: ad_user ad_user_key; Type: CONSTRAINT; Schema: public; Owner: admin
--

ALTER TABLE ONLY public.ad_user
    ADD CONSTRAINT ad_user_key PRIMARY KEY (ad_user_id);


--
-- Name: ad_window ad_window_key; Type: CONSTRAINT; Schema: public; Owner: admin
--

ALTER TABLE ONLY public.ad_window
    ADD CONSTRAINT ad_window_key PRIMARY KEY (ad_window_id);


--
-- Name: c_bpartner c_bpartner_key; Type: CONSTRAINT; Schema: public; Owner: admin
--

ALTER TABLE ONLY public.c_bpartner
    ADD CONSTRAINT c_bpartner_key PRIMARY KEY (c_bpartner_id);


--
-- Name: c_order c_order_key; Type: CONSTRAINT; Schema: public; Owner: admin
--

ALTER TABLE ONLY public.c_order
    ADD CONSTRAINT c_order_key PRIMARY KEY (c_order_id);


--
-- Name: c_orderline c_orderline_key; Type: CONSTRAINT; Schema: public; Owner: admin
--

ALTER TABLE ONLY public.c_orderline
    ADD CONSTRAINT c_orderline_key PRIMARY KEY (c_orderline_id);


--
-- Name: c_uom c_uom_key; Type: CONSTRAINT; Schema: public; Owner: admin
--

ALTER TABLE ONLY public.c_uom
    ADD CONSTRAINT c_uom_key PRIMARY KEY (c_uom_id);


--
-- Name: fin_cashup fin_cashup_key; Type: CONSTRAINT; Schema: public; Owner: admin
--

ALTER TABLE ONLY public.fin_cashup
    ADD CONSTRAINT fin_cashup_key PRIMARY KEY (fin_cashup_id);


--
-- Name: fin_cashupline fin_cashupline_key; Type: CONSTRAINT; Schema: public; Owner: admin
--

ALTER TABLE ONLY public.fin_cashupline
    ADD CONSTRAINT fin_cashupline_key PRIMARY KEY (fin_cashupline_id);


--
-- Name: fin_cashupmtype fin_cashupmtype_key; Type: CONSTRAINT; Schema: public; Owner: admin
--

ALTER TABLE ONLY public.fin_cashupmtype
    ADD CONSTRAINT fin_cashupmtype_key PRIMARY KEY (fin_cashupmtype_id);


--
-- Name: fin_paymentmethod fin_paymentmethod_key; Type: CONSTRAINT; Schema: public; Owner: admin
--

ALTER TABLE ONLY public.fin_paymentmethod
    ADD CONSTRAINT fin_paymentmethod_key PRIMARY KEY (fin_paymentmethod_id);


--
-- Name: m_movement m_movement_key; Type: CONSTRAINT; Schema: public; Owner: admin
--

ALTER TABLE ONLY public.m_movement
    ADD CONSTRAINT m_movement_key PRIMARY KEY (m_movement_id);


--
-- Name: m_movementline m_movementline_key; Type: CONSTRAINT; Schema: public; Owner: admin
--

ALTER TABLE ONLY public.m_movementline
    ADD CONSTRAINT m_movementline_key PRIMARY KEY (m_movementline_id);


--
-- Name: m_movementtype m_movementtype_key; Type: CONSTRAINT; Schema: public; Owner: admin
--

ALTER TABLE ONLY public.m_movementtype
    ADD CONSTRAINT m_movementtype_key PRIMARY KEY (m_movementtype_id);


--
-- Name: m_product_category m_product_category_key; Type: CONSTRAINT; Schema: public; Owner: admin
--

ALTER TABLE ONLY public.m_product_category
    ADD CONSTRAINT m_product_category_key PRIMARY KEY (m_product_category_id);


--
-- Name: m_product m_product_key; Type: CONSTRAINT; Schema: public; Owner: admin
--

ALTER TABLE ONLY public.m_product
    ADD CONSTRAINT m_product_key PRIMARY KEY (m_product_id);


--
-- Name: ad_client ad_client_ad_org; Type: FK CONSTRAINT; Schema: public; Owner: admin
--

ALTER TABLE ONLY public.ad_client
    ADD CONSTRAINT ad_client_ad_org FOREIGN KEY (ad_org_id) REFERENCES public.ad_org(ad_org_id);


--
-- Name: ad_column ad_column_ad_client; Type: FK CONSTRAINT; Schema: public; Owner: admin
--

ALTER TABLE ONLY public.ad_column
    ADD CONSTRAINT ad_column_ad_client FOREIGN KEY (ad_client_id) REFERENCES public.ad_client(ad_client_id);


--
-- Name: ad_column ad_column_ad_datatype; Type: FK CONSTRAINT; Schema: public; Owner: admin
--

ALTER TABLE ONLY public.ad_column
    ADD CONSTRAINT ad_column_ad_datatype FOREIGN KEY (ad_datatype_id) REFERENCES public.ad_datatype(ad_datatype_id);


--
-- Name: ad_column ad_column_ad_org; Type: FK CONSTRAINT; Schema: public; Owner: admin
--

ALTER TABLE ONLY public.ad_column
    ADD CONSTRAINT ad_column_ad_org FOREIGN KEY (ad_org_id) REFERENCES public.ad_org(ad_org_id);


--
-- Name: ad_column ad_column_ad_table; Type: FK CONSTRAINT; Schema: public; Owner: admin
--

ALTER TABLE ONLY public.ad_column
    ADD CONSTRAINT ad_column_ad_table FOREIGN KEY (ad_table_id) REFERENCES public.ad_table(ad_table_id);


--
-- Name: ad_datatype ad_datatype_ad_client; Type: FK CONSTRAINT; Schema: public; Owner: admin
--

ALTER TABLE ONLY public.ad_datatype
    ADD CONSTRAINT ad_datatype_ad_client FOREIGN KEY (ad_client_id) REFERENCES public.ad_client(ad_client_id);


--
-- Name: ad_datatype ad_datatype_ad_org; Type: FK CONSTRAINT; Schema: public; Owner: admin
--

ALTER TABLE ONLY public.ad_datatype
    ADD CONSTRAINT ad_datatype_ad_org FOREIGN KEY (ad_org_id) REFERENCES public.ad_org(ad_org_id);


--
-- Name: ad_field ad_field_ad_client; Type: FK CONSTRAINT; Schema: public; Owner: admin
--

ALTER TABLE ONLY public.ad_field
    ADD CONSTRAINT ad_field_ad_client FOREIGN KEY (ad_client_id) REFERENCES public.ad_client(ad_client_id);


--
-- Name: ad_field ad_field_ad_column; Type: FK CONSTRAINT; Schema: public; Owner: admin
--

ALTER TABLE ONLY public.ad_field
    ADD CONSTRAINT ad_field_ad_column FOREIGN KEY (ad_column_id) REFERENCES public.ad_column(ad_column_id);


--
-- Name: ad_field ad_field_ad_field_group; Type: FK CONSTRAINT; Schema: public; Owner: admin
--

ALTER TABLE ONLY public.ad_field
    ADD CONSTRAINT ad_field_ad_field_group FOREIGN KEY (ad_field_group_id) REFERENCES public.ad_field_group(ad_field_group_id);


--
-- Name: ad_field ad_field_ad_org; Type: FK CONSTRAINT; Schema: public; Owner: admin
--

ALTER TABLE ONLY public.ad_field
    ADD CONSTRAINT ad_field_ad_org FOREIGN KEY (ad_org_id) REFERENCES public.ad_org(ad_org_id);


--
-- Name: ad_field ad_field_ad_tab; Type: FK CONSTRAINT; Schema: public; Owner: admin
--

ALTER TABLE ONLY public.ad_field
    ADD CONSTRAINT ad_field_ad_tab FOREIGN KEY (ad_tab_id) REFERENCES public.ad_tab(ad_tab_id);


--
-- Name: ad_field_group ad_field_group_ad_client; Type: FK CONSTRAINT; Schema: public; Owner: admin
--

ALTER TABLE ONLY public.ad_field_group
    ADD CONSTRAINT ad_field_group_ad_client FOREIGN KEY (ad_client_id) REFERENCES public.ad_client(ad_client_id);


--
-- Name: ad_field_group ad_field_group_ad_org; Type: FK CONSTRAINT; Schema: public; Owner: admin
--

ALTER TABLE ONLY public.ad_field_group
    ADD CONSTRAINT ad_field_group_ad_org FOREIGN KEY (ad_org_id) REFERENCES public.ad_org(ad_org_id);


--
-- Name: ad_menu ad_menu_ad_client; Type: FK CONSTRAINT; Schema: public; Owner: admin
--

ALTER TABLE ONLY public.ad_menu
    ADD CONSTRAINT ad_menu_ad_client FOREIGN KEY (ad_client_id) REFERENCES public.ad_client(ad_client_id);


--
-- Name: ad_menu ad_menu_ad_org; Type: FK CONSTRAINT; Schema: public; Owner: admin
--

ALTER TABLE ONLY public.ad_menu
    ADD CONSTRAINT ad_menu_ad_org FOREIGN KEY (ad_org_id) REFERENCES public.ad_org(ad_org_id);


--
-- Name: ad_menu ad_menu_ad_window; Type: FK CONSTRAINT; Schema: public; Owner: admin
--

ALTER TABLE ONLY public.ad_menu
    ADD CONSTRAINT ad_menu_ad_window FOREIGN KEY (ad_window_id) REFERENCES public.ad_window(ad_window_id);


--
-- Name: ad_module ad_module_ad_client; Type: FK CONSTRAINT; Schema: public; Owner: admin
--

ALTER TABLE ONLY public.ad_module
    ADD CONSTRAINT ad_module_ad_client FOREIGN KEY (ad_client_id) REFERENCES public.ad_client(ad_client_id);


--
-- Name: ad_module ad_module_ad_org; Type: FK CONSTRAINT; Schema: public; Owner: admin
--

ALTER TABLE ONLY public.ad_module
    ADD CONSTRAINT ad_module_ad_org FOREIGN KEY (ad_org_id) REFERENCES public.ad_org(ad_org_id);


--
-- Name: ad_org ad_org_ad_client; Type: FK CONSTRAINT; Schema: public; Owner: admin
--

ALTER TABLE ONLY public.ad_org
    ADD CONSTRAINT ad_org_ad_client FOREIGN KEY (ad_client_id) REFERENCES public.ad_client(ad_client_id);


--
-- Name: ad_package ad_package_ad_client; Type: FK CONSTRAINT; Schema: public; Owner: admin
--

ALTER TABLE ONLY public.ad_package
    ADD CONSTRAINT ad_package_ad_client FOREIGN KEY (ad_client_id) REFERENCES public.ad_client(ad_client_id);


--
-- Name: ad_package ad_package_ad_module; Type: FK CONSTRAINT; Schema: public; Owner: admin
--

ALTER TABLE ONLY public.ad_package
    ADD CONSTRAINT ad_package_ad_module FOREIGN KEY (ad_module_id) REFERENCES public.ad_module(ad_module_id);


--
-- Name: ad_package ad_package_ad_org; Type: FK CONSTRAINT; Schema: public; Owner: admin
--

ALTER TABLE ONLY public.ad_package
    ADD CONSTRAINT ad_package_ad_org FOREIGN KEY (ad_org_id) REFERENCES public.ad_org(ad_org_id);


--
-- Name: ad_tab ad_tab_ad_client; Type: FK CONSTRAINT; Schema: public; Owner: admin
--

ALTER TABLE ONLY public.ad_tab
    ADD CONSTRAINT ad_tab_ad_client FOREIGN KEY (ad_client_id) REFERENCES public.ad_client(ad_client_id);


--
-- Name: ad_tab ad_tab_ad_org; Type: FK CONSTRAINT; Schema: public; Owner: admin
--

ALTER TABLE ONLY public.ad_tab
    ADD CONSTRAINT ad_tab_ad_org FOREIGN KEY (ad_org_id) REFERENCES public.ad_org(ad_org_id);


--
-- Name: ad_tab ad_tab_ad_tab_parent; Type: FK CONSTRAINT; Schema: public; Owner: admin
--

ALTER TABLE ONLY public.ad_tab
    ADD CONSTRAINT ad_tab_ad_tab_parent FOREIGN KEY (ad_tab_parent_id) REFERENCES public.ad_tab(ad_tab_id);


--
-- Name: ad_tab ad_tab_ad_window; Type: FK CONSTRAINT; Schema: public; Owner: admin
--

ALTER TABLE ONLY public.ad_tab
    ADD CONSTRAINT ad_tab_ad_window FOREIGN KEY (ad_window_id) REFERENCES public.ad_window(ad_window_id);


--
-- Name: ad_table ad_table_ad_client; Type: FK CONSTRAINT; Schema: public; Owner: admin
--

ALTER TABLE ONLY public.ad_table
    ADD CONSTRAINT ad_table_ad_client FOREIGN KEY (ad_client_id) REFERENCES public.ad_client(ad_client_id);


--
-- Name: ad_table ad_table_ad_org; Type: FK CONSTRAINT; Schema: public; Owner: admin
--

ALTER TABLE ONLY public.ad_table
    ADD CONSTRAINT ad_table_ad_org FOREIGN KEY (ad_org_id) REFERENCES public.ad_org(ad_org_id);


--
-- Name: ad_table ad_table_ad_package; Type: FK CONSTRAINT; Schema: public; Owner: admin
--

ALTER TABLE ONLY public.ad_table
    ADD CONSTRAINT ad_table_ad_package FOREIGN KEY (ad_package_id) REFERENCES public.ad_package(ad_package_id);


--
-- Name: ad_user ad_user_ad_client; Type: FK CONSTRAINT; Schema: public; Owner: admin
--

ALTER TABLE ONLY public.ad_user
    ADD CONSTRAINT ad_user_ad_client FOREIGN KEY (ad_client_id) REFERENCES public.ad_client(ad_client_id);


--
-- Name: ad_user ad_user_ad_org; Type: FK CONSTRAINT; Schema: public; Owner: admin
--

ALTER TABLE ONLY public.ad_user
    ADD CONSTRAINT ad_user_ad_org FOREIGN KEY (ad_org_id) REFERENCES public.ad_org(ad_org_id);


--
-- Name: ad_window ad_window_ad_client; Type: FK CONSTRAINT; Schema: public; Owner: admin
--

ALTER TABLE ONLY public.ad_window
    ADD CONSTRAINT ad_window_ad_client FOREIGN KEY (ad_client_id) REFERENCES public.ad_client(ad_client_id);


--
-- Name: ad_window ad_window_ad_org; Type: FK CONSTRAINT; Schema: public; Owner: admin
--

ALTER TABLE ONLY public.ad_window
    ADD CONSTRAINT ad_window_ad_org FOREIGN KEY (ad_org_id) REFERENCES public.ad_org(ad_org_id);


--
-- Name: c_bpartner c_bpartner_ad_client; Type: FK CONSTRAINT; Schema: public; Owner: admin
--

ALTER TABLE ONLY public.c_bpartner
    ADD CONSTRAINT c_bpartner_ad_client FOREIGN KEY (ad_client_id) REFERENCES public.ad_client(ad_client_id);


--
-- Name: c_bpartner c_bpartner_ad_org; Type: FK CONSTRAINT; Schema: public; Owner: admin
--

ALTER TABLE ONLY public.c_bpartner
    ADD CONSTRAINT c_bpartner_ad_org FOREIGN KEY (ad_org_id) REFERENCES public.ad_org(ad_org_id);


--
-- Name: c_order c_order_ad_client; Type: FK CONSTRAINT; Schema: public; Owner: admin
--

ALTER TABLE ONLY public.c_order
    ADD CONSTRAINT c_order_ad_client FOREIGN KEY (ad_client_id) REFERENCES public.ad_client(ad_client_id);


--
-- Name: c_order c_order_ad_org; Type: FK CONSTRAINT; Schema: public; Owner: admin
--

ALTER TABLE ONLY public.c_order
    ADD CONSTRAINT c_order_ad_org FOREIGN KEY (ad_org_id) REFERENCES public.ad_org(ad_org_id);


--
-- Name: c_order c_order_c_bpartner; Type: FK CONSTRAINT; Schema: public; Owner: admin
--

ALTER TABLE ONLY public.c_order
    ADD CONSTRAINT c_order_c_bpartner FOREIGN KEY (c_bpartner_id) REFERENCES public.c_bpartner(c_bpartner_id);


--
-- Name: c_orderline c_orderline_ad_client; Type: FK CONSTRAINT; Schema: public; Owner: admin
--

ALTER TABLE ONLY public.c_orderline
    ADD CONSTRAINT c_orderline_ad_client FOREIGN KEY (ad_client_id) REFERENCES public.ad_client(ad_client_id);


--
-- Name: c_orderline c_orderline_ad_org; Type: FK CONSTRAINT; Schema: public; Owner: admin
--

ALTER TABLE ONLY public.c_orderline
    ADD CONSTRAINT c_orderline_ad_org FOREIGN KEY (ad_org_id) REFERENCES public.ad_org(ad_org_id);


--
-- Name: c_orderline c_orderline_c_order; Type: FK CONSTRAINT; Schema: public; Owner: admin
--

ALTER TABLE ONLY public.c_orderline
    ADD CONSTRAINT c_orderline_c_order FOREIGN KEY (c_order_id) REFERENCES public.c_order(c_order_id);


--
-- Name: c_orderline c_orderline_c_uom; Type: FK CONSTRAINT; Schema: public; Owner: admin
--

ALTER TABLE ONLY public.c_orderline
    ADD CONSTRAINT c_orderline_c_uom FOREIGN KEY (c_uom_id) REFERENCES public.c_uom(c_uom_id);


--
-- Name: c_orderline c_orderline_m_product; Type: FK CONSTRAINT; Schema: public; Owner: admin
--

ALTER TABLE ONLY public.c_orderline
    ADD CONSTRAINT c_orderline_m_product FOREIGN KEY (m_product_id) REFERENCES public.m_product(m_product_id);


--
-- Name: c_uom c_uom_ad_client; Type: FK CONSTRAINT; Schema: public; Owner: admin
--

ALTER TABLE ONLY public.c_uom
    ADD CONSTRAINT c_uom_ad_client FOREIGN KEY (ad_client_id) REFERENCES public.ad_client(ad_client_id);


--
-- Name: c_uom c_uom_ad_org; Type: FK CONSTRAINT; Schema: public; Owner: admin
--

ALTER TABLE ONLY public.c_uom
    ADD CONSTRAINT c_uom_ad_org FOREIGN KEY (ad_org_id) REFERENCES public.ad_org(ad_org_id);


--
-- Name: fin_cashup fin_cashup_ad_client; Type: FK CONSTRAINT; Schema: public; Owner: admin
--

ALTER TABLE ONLY public.fin_cashup
    ADD CONSTRAINT fin_cashup_ad_client FOREIGN KEY (ad_client_id) REFERENCES public.ad_client(ad_client_id);


--
-- Name: fin_cashup fin_cashup_ad_org; Type: FK CONSTRAINT; Schema: public; Owner: admin
--

ALTER TABLE ONLY public.fin_cashup
    ADD CONSTRAINT fin_cashup_ad_org FOREIGN KEY (ad_org_id) REFERENCES public.ad_org(ad_org_id);


--
-- Name: fin_cashupline fin_cashupline_ad_client; Type: FK CONSTRAINT; Schema: public; Owner: admin
--

ALTER TABLE ONLY public.fin_cashupline
    ADD CONSTRAINT fin_cashupline_ad_client FOREIGN KEY (ad_client_id) REFERENCES public.ad_client(ad_client_id);


--
-- Name: fin_cashupline fin_cashupline_ad_org; Type: FK CONSTRAINT; Schema: public; Owner: admin
--

ALTER TABLE ONLY public.fin_cashupline
    ADD CONSTRAINT fin_cashupline_ad_org FOREIGN KEY (ad_org_id) REFERENCES public.ad_org(ad_org_id);


--
-- Name: fin_cashupline fin_cashupline_fin_cashup; Type: FK CONSTRAINT; Schema: public; Owner: admin
--

ALTER TABLE ONLY public.fin_cashupline
    ADD CONSTRAINT fin_cashupline_fin_cashup FOREIGN KEY (fin_cashup_id) REFERENCES public.fin_cashup(fin_cashup_id);


--
-- Name: fin_cashupline fin_cashupline_fin_cashupmtype; Type: FK CONSTRAINT; Schema: public; Owner: admin
--

ALTER TABLE ONLY public.fin_cashupline
    ADD CONSTRAINT fin_cashupline_fin_cashupmtype FOREIGN KEY (fin_cashupmtype_id) REFERENCES public.fin_cashupmtype(fin_cashupmtype_id);


--
-- Name: fin_cashupline fin_cashupline_fin_paymentmethod; Type: FK CONSTRAINT; Schema: public; Owner: admin
--

ALTER TABLE ONLY public.fin_cashupline
    ADD CONSTRAINT fin_cashupline_fin_paymentmethod FOREIGN KEY (fin_paymentmethod_id) REFERENCES public.fin_paymentmethod(fin_paymentmethod_id);


--
-- Name: fin_cashupmtype fin_cashupmtype_ad_client; Type: FK CONSTRAINT; Schema: public; Owner: admin
--

ALTER TABLE ONLY public.fin_cashupmtype
    ADD CONSTRAINT fin_cashupmtype_ad_client FOREIGN KEY (ad_client_id) REFERENCES public.ad_client(ad_client_id);


--
-- Name: fin_cashupmtype fin_cashupmtype_ad_org; Type: FK CONSTRAINT; Schema: public; Owner: admin
--

ALTER TABLE ONLY public.fin_cashupmtype
    ADD CONSTRAINT fin_cashupmtype_ad_org FOREIGN KEY (ad_org_id) REFERENCES public.ad_org(ad_org_id);


--
-- Name: fin_paymentmethod fin_paymentmethod_ad_client; Type: FK CONSTRAINT; Schema: public; Owner: admin
--

ALTER TABLE ONLY public.fin_paymentmethod
    ADD CONSTRAINT fin_paymentmethod_ad_client FOREIGN KEY (ad_client_id) REFERENCES public.ad_client(ad_client_id);


--
-- Name: fin_paymentmethod fin_paymentmethod_ad_org; Type: FK CONSTRAINT; Schema: public; Owner: admin
--

ALTER TABLE ONLY public.fin_paymentmethod
    ADD CONSTRAINT fin_paymentmethod_ad_org FOREIGN KEY (ad_org_id) REFERENCES public.ad_org(ad_org_id);


--
-- Name: m_movement m_movement_ad_client; Type: FK CONSTRAINT; Schema: public; Owner: admin
--

ALTER TABLE ONLY public.m_movement
    ADD CONSTRAINT m_movement_ad_client FOREIGN KEY (ad_client_id) REFERENCES public.ad_client(ad_client_id);


--
-- Name: m_movement m_movement_ad_org; Type: FK CONSTRAINT; Schema: public; Owner: admin
--

ALTER TABLE ONLY public.m_movement
    ADD CONSTRAINT m_movement_ad_org FOREIGN KEY (ad_org_id) REFERENCES public.ad_org(ad_org_id);


--
-- Name: m_movement m_movement_m_movementtype; Type: FK CONSTRAINT; Schema: public; Owner: admin
--

ALTER TABLE ONLY public.m_movement
    ADD CONSTRAINT m_movement_m_movementtype FOREIGN KEY (m_movementtype_id) REFERENCES public.m_movementtype(m_movementtype_id);


--
-- Name: m_movementline m_movementline_ad_client; Type: FK CONSTRAINT; Schema: public; Owner: admin
--

ALTER TABLE ONLY public.m_movementline
    ADD CONSTRAINT m_movementline_ad_client FOREIGN KEY (ad_client_id) REFERENCES public.ad_client(ad_client_id);


--
-- Name: m_movementline m_movementline_ad_org; Type: FK CONSTRAINT; Schema: public; Owner: admin
--

ALTER TABLE ONLY public.m_movementline
    ADD CONSTRAINT m_movementline_ad_org FOREIGN KEY (ad_org_id) REFERENCES public.ad_org(ad_org_id);


--
-- Name: m_movementline m_movementline_c_uom; Type: FK CONSTRAINT; Schema: public; Owner: admin
--

ALTER TABLE ONLY public.m_movementline
    ADD CONSTRAINT m_movementline_c_uom FOREIGN KEY (c_uom_id) REFERENCES public.c_uom(c_uom_id);


--
-- Name: m_movementline m_movementline_m_movement; Type: FK CONSTRAINT; Schema: public; Owner: admin
--

ALTER TABLE ONLY public.m_movementline
    ADD CONSTRAINT m_movementline_m_movement FOREIGN KEY (m_movement_id) REFERENCES public.m_movement(m_movement_id);


--
-- Name: m_movementline m_movementline_m_product; Type: FK CONSTRAINT; Schema: public; Owner: admin
--

ALTER TABLE ONLY public.m_movementline
    ADD CONSTRAINT m_movementline_m_product FOREIGN KEY (m_product_id) REFERENCES public.m_product(m_product_id);


--
-- Name: m_movementtype m_movementtype_ad_client; Type: FK CONSTRAINT; Schema: public; Owner: admin
--

ALTER TABLE ONLY public.m_movementtype
    ADD CONSTRAINT m_movementtype_ad_client FOREIGN KEY (ad_client_id) REFERENCES public.ad_client(ad_client_id);


--
-- Name: m_movementtype m_movementtype_ad_org; Type: FK CONSTRAINT; Schema: public; Owner: admin
--

ALTER TABLE ONLY public.m_movementtype
    ADD CONSTRAINT m_movementtype_ad_org FOREIGN KEY (ad_org_id) REFERENCES public.ad_org(ad_org_id);


--
-- Name: m_product m_product_ad_client; Type: FK CONSTRAINT; Schema: public; Owner: admin
--

ALTER TABLE ONLY public.m_product
    ADD CONSTRAINT m_product_ad_client FOREIGN KEY (ad_client_id) REFERENCES public.ad_client(ad_client_id);


--
-- Name: m_product m_product_ad_org; Type: FK CONSTRAINT; Schema: public; Owner: admin
--

ALTER TABLE ONLY public.m_product
    ADD CONSTRAINT m_product_ad_org FOREIGN KEY (ad_org_id) REFERENCES public.ad_org(ad_org_id);


--
-- Name: m_product m_product_c_uom; Type: FK CONSTRAINT; Schema: public; Owner: admin
--

ALTER TABLE ONLY public.m_product
    ADD CONSTRAINT m_product_c_uom FOREIGN KEY (c_uom_id) REFERENCES public.c_uom(c_uom_id);


--
-- Name: m_product_category m_product_category_ad_client; Type: FK CONSTRAINT; Schema: public; Owner: admin
--

ALTER TABLE ONLY public.m_product_category
    ADD CONSTRAINT m_product_category_ad_client FOREIGN KEY (ad_client_id) REFERENCES public.ad_client(ad_client_id);


--
-- Name: m_product_category m_product_category_ad_org; Type: FK CONSTRAINT; Schema: public; Owner: admin
--

ALTER TABLE ONLY public.m_product_category
    ADD CONSTRAINT m_product_category_ad_org FOREIGN KEY (ad_org_id) REFERENCES public.ad_org(ad_org_id);


--
-- Name: m_product m_product_m_product_category; Type: FK CONSTRAINT; Schema: public; Owner: admin
--

ALTER TABLE ONLY public.m_product
    ADD CONSTRAINT m_product_m_product_category FOREIGN KEY (m_product_category_id) REFERENCES public.m_product_category(m_product_category_id);


--
-- Name: ad_menu parent_ad_menu; Type: FK CONSTRAINT; Schema: public; Owner: admin
--

ALTER TABLE ONLY public.ad_menu
    ADD CONSTRAINT parent_ad_menu FOREIGN KEY (parent) REFERENCES public.ad_menu(ad_menu_id);


--
-- PostgreSQL database dump complete
--

